2026-03-23 16:36:57,069 [INFO] [*] Loaded strategy: sma_trend
2026-03-23 16:36:57,093 [INFO] [*] Loaded strategy: news_sentiment
2026-03-23 16:36:57,094 [INFO] [*] Engine started.
2026-03-23 16:36:57,094 [INFO] [*] Scheduled: Daily analysis at 17:15.
2026-03-23 16:36:57,094 [INFO] [*] Monitoring: Live news every 2 minutes.
2026-03-23 16:36:57,094 [INFO] [*] Heartbeat: Robot engine is running...
2026-03-23 16:38:57,097 [INFO] [*] Checking for live news...
2026-03-23 16:41:02,874 [INFO] [*] Checking for live news...
2026-03-23 16:43:06,569 [INFO] [*] Checking for live news...
2026-03-23 16:45:10,263 [INFO] [*] Checking for live news...
2026-03-23 16:47:14,240 [INFO] [*] Checking for live news...
2026-03-23 16:49:17,870 [INFO] [*] Checking for live news...
2026-03-23 16:51:21,377 [INFO] [*] Checking for live news...
2026-03-23 16:53:25,290 [INFO] [*] Checking for live news...
2026-03-23 16:56:00,154 [INFO] [*] Checking for live news...
2026-03-23 16:58:34,204 [INFO] [*] Checking for live news...
2026-03-23 17:01:07,533 [INFO] [*] Checking for live news...
2026-03-23 17:03:41,233 [INFO] [*] Checking for live news...
2026-03-23 17:06:14,629 [INFO] [*] Checking for live news...
2026-03-23 17:08:48,087 [INFO] [*] Checking for live news...
2026-03-23 17:11:22,395 [INFO] [*] Checking for live news...
2026-03-23 17:13:58,006 [INFO] [*] Checking for live news...
2026-03-23 17:15:01,552 [INFO] [*] Starting daily technical analysis...
2026-03-23 17:15:03,604 [INFO] [-] [sma_trend] SOLD ABB.ST
2026-03-23 17:15:03,950 [INFO] [*] Daily analysis complete.
2026-03-23 17:16:03,945 [INFO] [*] Checking for live news...
2026-03-23 17:18:37,766 [INFO] [*] Checking for live news...
2026-03-23 17:21:11,448 [INFO] [*] Checking for live news...
2026-03-23 17:23:45,647 [INFO] [*] Checking for live news...
2026-03-23 17:26:19,373 [INFO] [*] Checking for live news...
2026-03-23 17:28:52,692 [INFO] [*] Checking for live news...
2026-03-23 17:36:58,238 [INFO] [*] Heartbeat: Robot engine is running...
2026-03-23 18:37:28,103 [INFO] [*] Heartbeat: Robot engine is running...
2026-03-23 19:43:31,008 [INFO] [*] Heartbeat: Robot engine is running...
2026-03-23 20:43:31,101 [INFO] [*] Heartbeat: Robot engine is running...
2026-03-23 21:43:31,163 [INFO] [*] Heartbeat: Robot engine is running...
2026-03-23 22:43:31,218 [INFO] [*] Heartbeat: Robot engine is running...
2026-03-23 23:43:31,270 [INFO] [*] Heartbeat: Robot engine is running...
2026-03-24 00:43:31,321 [INFO] [*] Heartbeat: Robot engine is running...
2026-03-24 01:43:31,372 [INFO] [*] Heartbeat: Robot engine is running...
2026-03-24 02:43:31,420 [INFO] [*] Heartbeat: Robot engine is running...
2026-03-24 03:43:31,469 [INFO] [*] Heartbeat: Robot engine is running...
2026-03-24 04:43:31,524 [INFO] [*] Heartbeat: Robot engine is running...
2026-03-24 05:43:31,576 [INFO] [*] Heartbeat: Robot engine is running...
2026-03-24 06:43:31,631 [INFO] [*] Heartbeat: Robot engine is running...
2026-03-24 07:43:31,686 [INFO] [*] Heartbeat: Robot engine is running...
2026-03-24 08:43:31,741 [INFO] [*] Heartbeat: Robot engine is running...
2026-03-24 09:01:31,759 [INFO] [*] Checking for live news...
2026-03-24 09:03:35,282 [INFO] [*] Checking for live news...
2026-03-24 09:05:38,437 [INFO] [*] Checking for live news...
2026-03-24 09:07:41,768 [INFO] [*] Checking for live news...
2026-03-24 09:09:45,217 [INFO] [*] Checking for live news...
2026-03-24 09:11:48,564 [INFO] [*] Checking for live news...
2026-03-24 09:13:52,247 [INFO] [*] Checking for live news...
2026-03-24 09:15:56,647 [INFO] [*] Checking for live news...
2026-03-24 09:18:00,677 [INFO] [*] Checking for live news...
2026-03-24 09:20:03,934 [INFO] [*] Checking for live news...
2026-03-24 09:22:07,288 [INFO] [*] Checking for live news...
2026-03-24 09:24:10,608 [INFO] [*] Checking for live news...
2026-03-24 09:26:13,778 [INFO] [*] Checking for live news...
2026-03-24 09:28:17,393 [INFO] [*] Checking for live news...
2026-03-24 09:30:20,882 [INFO] [*] Checking for live news...
2026-03-24 09:32:24,670 [INFO] [*] Checking for live news...
2026-03-24 09:34:28,458 [INFO] [*] Checking for live news...
2026-03-24 09:36:32,018 [INFO] [*] Checking for live news...
2026-03-24 09:38:35,588 [INFO] [*] Checking for live news...
2026-03-24 09:40:39,636 [INFO] [*] Checking for live news...
2026-03-24 09:42:42,868 [INFO] [*] Checking for live news...
2026-03-24 09:43:46,320 [INFO] [*] Heartbeat: Robot engine is running...
2026-03-24 09:44:46,322 [INFO] [*] Checking for live news...
2026-03-24 09:46:49,425 [INFO] [*] Checking for live news...
2026-03-24 09:48:52,620 [INFO] [*] Checking for live news...
2026-03-24 09:50:56,987 [INFO] [*] Checking for live news...
2026-03-24 09:53:00,035 [INFO] [*] Checking for live news...
2026-03-24 09:55:03,458 [INFO] [*] Checking for live news...
2026-03-24 09:57:06,929 [INFO] [*] Checking for live news...
2026-03-24 09:59:10,364 [INFO] [*] Checking for live news...
2026-03-24 10:01:13,985 [INFO] [*] Checking for live news...
2026-03-24 10:03:18,519 [INFO] [*] Checking for live news...
2026-03-24 10:05:21,933 [INFO] [*] Checking for live news...
2026-03-24 10:07:25,837 [INFO] [*] Checking for live news...
2026-03-24 10:09:30,455 [INFO] [*] Checking for live news...
2026-03-24 10:11:33,876 [INFO] [*] Checking for live news...
2026-03-24 10:13:37,105 [INFO] [*] Checking for live news...
2026-03-24 10:15:40,951 [INFO] [*] Checking for live news...
2026-03-24 10:17:44,860 [INFO] [*] Checking for live news...
2026-03-24 10:19:48,301 [INFO] [*] Checking for live news...
2026-03-24 10:21:51,921 [INFO] [*] Checking for live news...
2026-03-24 10:23:55,301 [INFO] [*] Checking for live news...
2026-03-24 10:26:02,031 [INFO] [*] Checking for live news...
2026-03-24 10:28:05,557 [INFO] [*] Checking for live news...
2026-03-24 10:30:08,835 [INFO] [*] Checking for live news...
2026-03-24 10:32:12,477 [INFO] [*] Checking for live news...
2026-03-24 10:34:15,801 [INFO] [*] Checking for live news...
2026-03-24 10:36:19,254 [INFO] [*] Checking for live news...
2026-03-24 10:38:22,439 [INFO] [*] Checking for live news...
2026-03-24 10:40:26,899 [INFO] [*] Checking for live news...
2026-03-24 10:42:30,442 [INFO] [*] Checking for live news...
2026-03-24 10:44:04,244 [INFO] [*] Heartbeat: Robot engine is running...
2026-03-24 10:44:34,245 [INFO] [*] Checking for live news...
2026-03-24 10:46:37,447 [INFO] [*] Checking for live news...
2026-03-24 10:48:40,755 [INFO] [*] Checking for live news...
2026-03-24 10:50:44,018 [INFO] [*] Checking for live news...
2026-03-24 10:52:47,233 [INFO] [*] Checking for live news...
2026-03-24 10:54:50,913 [INFO] [*] Checking for live news...
2026-03-24 10:56:54,563 [INFO] [*] Checking for live news...
2026-03-24 10:58:59,491 [INFO] [*] Checking for live news...
2026-03-24 11:01:02,928 [INFO] [*] Checking for live news...
2026-03-24 11:03:06,393 [INFO] [*] Checking for live news...
2026-03-24 11:05:09,811 [INFO] [*] Checking for live news...
2026-03-24 11:07:13,062 [INFO] [*] Checking for live news...
2026-03-24 11:09:16,895 [INFO] [*] Checking for live news...
2026-03-24 11:11:20,199 [INFO] [*] Checking for live news...
2026-03-24 11:13:24,112 [INFO] [*] Checking for live news...
2026-03-24 11:15:28,247 [INFO] [*] Checking for live news...
2026-03-24 11:17:31,575 [INFO] [*] Checking for live news...
2026-03-24 11:19:35,392 [INFO] [*] Checking for live news...
2026-03-24 11:21:38,563 [INFO] [*] Checking for live news...
2026-03-24 11:23:42,706 [INFO] [*] Checking for live news...
2026-03-24 11:25:46,527 [INFO] [*] Checking for live news...
2026-03-24 11:27:49,804 [INFO] [*] Checking for live news...
2026-03-24 11:29:53,161 [INFO] [*] Checking for live news...
2026-03-24 11:31:57,815 [INFO] [*] Checking for live news...
2026-03-24 11:34:01,179 [INFO] [*] Checking for live news...
2026-03-24 11:36:04,518 [INFO] [*] Checking for live news...
2026-03-24 11:38:07,927 [INFO] [*] Checking for live news...
2026-03-24 11:40:11,156 [INFO] [*] Checking for live news...
2026-03-24 11:42:14,734 [INFO] [*] Checking for live news...
2026-03-24 11:44:18,256 [INFO] [*] Checking for live news...
2026-03-24 11:44:21,582 [INFO] [*] Heartbeat: Robot engine is running...
2026-03-24 11:46:21,585 [INFO] [*] Checking for live news...
2026-03-24 11:48:25,259 [INFO] [*] Checking for live news...
2026-03-24 11:50:31,691 [INFO] [*] Checking for live news...
2026-03-24 11:52:35,037 [INFO] [*] Checking for live news...
2026-03-24 11:54:38,488 [INFO] [*] Checking for live news...
2026-03-24 11:56:41,846 [INFO] [*] Checking for live news...
2026-03-24 11:58:45,343 [INFO] [*] Checking for live news...
2026-03-24 12:00:48,704 [INFO] [*] Checking for live news...
2026-03-24 12:02:52,401 [INFO] [*] Checking for live news...
2026-03-24 12:04:55,927 [INFO] [*] Checking for live news...
2026-03-24 12:06:59,328 [INFO] [*] Checking for live news...
2026-03-24 12:09:02,808 [INFO] [*] Checking for live news...
2026-03-24 12:11:06,850 [INFO] [*] Checking for live news...
2026-03-24 12:13:10,078 [INFO] [*] Checking for live news...
2026-03-24 12:15:13,546 [INFO] [*] Checking for live news...
2026-03-24 12:17:16,884 [INFO] [*] Checking for live news...
2026-03-24 12:19:20,074 [INFO] [*] Checking for live news...
2026-03-24 12:21:23,571 [INFO] [*] Checking for live news...
2026-03-24 12:23:27,078 [INFO] [*] Checking for live news...
2026-03-24 12:25:30,516 [INFO] [*] Checking for live news...
2026-03-24 12:27:33,700 [INFO] [*] Checking for live news...
2026-03-24 12:29:38,609 [INFO] [*] Checking for live news...
2026-03-24 12:31:42,023 [INFO] [*] Checking for live news...
2026-03-24 12:33:45,409 [INFO] [*] Checking for live news...
2026-03-24 12:35:49,022 [INFO] [*] Checking for live news...
2026-03-24 12:37:52,244 [INFO] [*] Checking for live news...
2026-03-24 12:39:55,488 [INFO] [*] Checking for live news...
2026-03-24 12:41:59,025 [INFO] [*] Checking for live news...
2026-03-24 12:44:02,631 [INFO] [*] Checking for live news...
2026-03-24 12:44:36,285 [INFO] [*] Heartbeat: Robot engine is running...
2026-03-24 12:46:06,287 [INFO] [*] Checking for live news...
2026-03-24 12:48:10,479 [INFO] [*] Checking for live news...
2026-03-24 12:50:13,969 [INFO] [*] Checking for live news...
2026-03-24 12:52:17,153 [INFO] [*] Checking for live news...
2026-03-24 12:54:20,458 [INFO] [*] Checking for live news...
2026-03-24 12:56:23,886 [INFO] [*] Checking for live news...
2026-03-24 12:58:27,074 [INFO] [*] Checking for live news...
2026-03-24 13:00:30,469 [INFO] [*] Checking for live news...
2026-03-24 13:02:33,847 [INFO] [*] Checking for live news...
2026-03-24 13:04:37,711 [INFO] [*] Checking for live news...
2026-03-24 13:06:41,014 [INFO] [*] Checking for live news...
2026-03-24 13:08:46,012 [INFO] [*] Checking for live news...
2026-03-24 13:10:49,432 [INFO] [*] Checking for live news...
2026-03-24 13:12:52,848 [INFO] [*] Checking for live news...
2026-03-24 13:14:56,395 [INFO] [*] Checking for live news...
2026-03-24 13:16:59,692 [INFO] [*] Checking for live news...
2026-03-24 13:19:03,478 [INFO] [*] Checking for live news...
2026-03-24 13:21:06,978 [INFO] [*] Checking for live news...
2026-03-24 13:23:10,459 [INFO] [*] Checking for live news...
2026-03-24 13:25:14,455 [INFO] [*] Checking for live news...
2026-03-24 13:27:20,948 [INFO] [*] Checking for live news...
2026-03-24 13:29:24,372 [INFO] [*] Checking for live news...
2026-03-24 13:31:27,586 [INFO] [*] Checking for live news...
2026-03-24 13:33:31,091 [INFO] [*] Checking for live news...
2026-03-24 13:35:34,469 [INFO] [*] Checking for live news...
2026-03-24 13:37:37,842 [INFO] [*] Checking for live news...
2026-03-24 13:39:41,144 [INFO] [*] Checking for live news...
2026-03-24 13:41:44,420 [INFO] [*] Checking for live news...
2026-03-24 13:43:49,358 [INFO] [*] Checking for live news...
2026-03-24 13:44:52,889 [INFO] [*] Heartbeat: Robot engine is running...
2026-03-24 13:45:52,891 [INFO] [*] Checking for live news...
2026-03-24 13:47:56,301 [INFO] [*] Checking for live news...
2026-03-24 13:49:59,553 [INFO] [*] Checking for live news...
2026-03-24 13:52:03,049 [INFO] [*] Checking for live news...
2026-03-24 13:54:06,471 [INFO] [*] Checking for live news...
2026-03-24 13:56:09,695 [INFO] [*] Checking for live news...
2026-03-24 13:58:13,109 [INFO] [*] Checking for live news...
2026-03-24 14:00:18,205 [INFO] [*] Checking for live news...
2026-03-24 14:02:21,951 [INFO] [*] Checking for live news...
2026-03-24 14:04:25,438 [INFO] [*] Checking for live news...
2026-03-24 14:06:28,641 [INFO] [*] Checking for live news...
2026-03-24 14:08:32,128 [INFO] [*] Checking for live news...
2026-03-24 14:10:35,644 [INFO] [*] Checking for live news...
2026-03-24 14:12:39,118 [INFO] [*] Checking for live news...
2026-03-24 14:14:42,826 [INFO] [*] Checking for live news...
2026-03-24 14:16:46,249 [INFO] [*] Checking for live news...
2026-03-24 14:18:50,425 [INFO] [*] Checking for live news...
2026-03-24 14:20:54,149 [INFO] [*] Checking for live news...
2026-03-24 14:22:57,482 [INFO] [*] Checking for live news...
2026-03-24 14:25:00,995 [INFO] [*] Checking for live news...
2026-03-24 14:27:04,657 [INFO] [*] Checking for live news...
2026-03-24 14:29:08,151 [INFO] [*] Checking for live news...
2026-03-24 14:31:11,863 [INFO] [*] Checking for live news...
2026-03-24 14:33:15,903 [INFO] [*] Checking for live news...
2026-03-24 14:35:20,558 [INFO] [*] Checking for live news...
2026-03-24 14:37:24,387 [INFO] [*] Checking for live news...
2026-03-24 14:39:28,402 [INFO] [*] Checking for live news...
2026-03-24 14:41:32,372 [INFO] [*] Checking for live news...
2026-03-24 14:43:35,641 [INFO] [*] Checking for live news...
2026-03-24 14:45:09,150 [INFO] [*] Heartbeat: Robot engine is running...
2026-03-24 14:45:39,151 [INFO] [*] Checking for live news...
2026-03-24 14:47:43,083 [INFO] [*] Checking for live news...
2026-03-24 14:49:46,738 [INFO] [*] Checking for live news...
2026-03-24 14:51:51,353 [INFO] [*] Checking for live news...
2026-03-24 14:53:55,156 [INFO] [*] Checking for live news...
2026-03-24 14:55:58,562 [INFO] [*] Checking for live news...
2026-03-24 14:58:02,940 [INFO] [*] Checking for live news...
2026-03-24 15:00:06,838 [INFO] [*] Checking for live news...
2026-03-24 15:02:10,634 [INFO] [*] Checking for live news...
2026-03-24 15:04:18,425 [INFO] [*] Checking for live news...
2026-03-24 15:06:22,943 [INFO] [*] Checking for live news...
2026-03-24 15:08:26,796 [INFO] [*] Checking for live news...
2026-03-24 15:10:30,512 [INFO] [*] Checking for live news...
2026-03-24 15:12:33,768 [INFO] [*] Checking for live news...
2026-03-24 15:14:37,601 [INFO] [*] Checking for live news...
2026-03-24 15:16:41,211 [INFO] [*] Checking for live news...
2026-03-24 15:18:44,817 [INFO] [*] Checking for live news...
2026-03-24 15:20:48,780 [INFO] [*] Checking for live news...
2026-03-24 15:22:53,289 [INFO] [*] Checking for live news...
2026-03-24 15:24:57,065 [INFO] [*] Checking for live news...
2026-03-24 15:27:00,742 [INFO] [*] Checking for live news...
2026-03-24 15:29:03,979 [INFO] [*] Checking for live news...
2026-03-24 15:31:07,494 [INFO] [*] Checking for live news...
2026-03-24 15:33:11,498 [INFO] [*] Checking for live news...
2026-03-24 15:35:15,373 [INFO] [*] Checking for live news...
2026-03-24 15:37:19,091 [INFO] [*] Checking for live news...
2026-03-24 15:39:23,398 [INFO] [*] Checking for live news...
2026-03-24 15:41:27,027 [INFO] [*] Checking for live news...
2026-03-24 15:43:30,757 [INFO] [*] Checking for live news...
2026-03-24 15:45:34,627 [INFO] [*] Checking for live news...
2026-03-24 15:45:38,251 [INFO] [*] Heartbeat: Robot engine is running...
2026-03-24 15:47:38,254 [INFO] [*] Checking for live news...
2026-03-24 15:49:41,613 [INFO] [*] Checking for live news...
2026-03-24 15:51:45,145 [INFO] [*] Checking for live news...
2026-03-24 15:53:48,342 [INFO] [*] Checking for live news...
2026-03-24 15:55:52,561 [INFO] [*] Checking for live news...
2026-03-24 15:57:56,232 [INFO] [*] Checking for live news...
2026-03-24 16:00:00,235 [INFO] [*] Checking for live news...
2026-03-24 16:02:04,680 [INFO] [*] Checking for live news...
2026-03-24 16:04:08,275 [INFO] [*] Checking for live news...
2026-03-24 16:06:12,073 [INFO] [*] Checking for live news...
2026-03-24 16:08:15,431 [INFO] [*] Checking for live news...
2026-03-24 16:10:18,711 [INFO] [*] Checking for live news...
2026-03-24 16:12:22,594 [INFO] [*] Checking for live news...
2026-03-24 16:14:26,601 [INFO] [*] Checking for live news...
2026-03-24 16:16:29,987 [INFO] [*] Checking for live news...
2026-03-24 16:18:33,723 [INFO] [*] Checking for live news...
2026-03-24 16:20:37,266 [INFO] [*] Checking for live news...
2026-03-24 16:22:40,643 [INFO] [*] Checking for live news...
2026-03-24 16:24:44,011 [INFO] [*] Checking for live news...
2026-03-24 16:26:47,379 [INFO] [*] Checking for live news...
2026-03-24 16:28:50,756 [INFO] [*] Checking for live news...
2026-03-24 16:30:54,965 [INFO] [*] Checking for live news...
2026-03-24 16:32:58,292 [INFO] [*] Checking for live news...
2026-03-24 16:35:01,675 [INFO] [*] Checking for live news...
2026-03-24 16:37:05,045 [INFO] [*] Checking for live news...
2026-03-24 16:39:08,574 [INFO] [*] Checking for live news...
2026-03-24 16:41:11,940 [INFO] [*] Checking for live news...
2026-03-24 16:43:15,399 [INFO] [*] Checking for live news...
2026-03-24 16:45:19,170 [INFO] [*] Checking for live news...
2026-03-24 16:45:53,695 [INFO] [*] Heartbeat: Robot engine is running...
2026-03-24 16:47:23,696 [INFO] [*] Checking for live news...
2026-03-24 16:49:26,967 [INFO] [*] Checking for live news...
2026-03-24 16:51:31,917 [INFO] [*] Checking for live news...
2026-03-24 16:53:35,309 [INFO] [*] Checking for live news...
2026-03-24 16:55:38,794 [INFO] [*] Checking for live news...
2026-03-24 16:57:42,492 [INFO] [*] Checking for live news...
2026-03-24 16:59:45,884 [INFO] [*] Checking for live news...
2026-03-24 17:01:49,210 [INFO] [*] Checking for live news...
2026-03-24 17:03:53,724 [INFO] [*] Checking for live news...
2026-03-24 17:05:57,323 [INFO] [*] Checking for live news...
2026-03-24 17:08:00,712 [INFO] [*] Checking for live news...
2026-03-24 17:10:04,312 [INFO] [*] Checking for live news...
2026-03-24 17:12:07,639 [INFO] [*] Checking for live news...
2026-03-24 17:14:11,271 [INFO] [*] Checking for live news...
2026-03-24 17:15:14,775 [INFO] [*] Starting daily technical analysis...
2026-03-24 17:15:16,375 [INFO] [*] Daily analysis complete.
2026-03-24 17:16:16,377 [INFO] [*] Checking for live news...
2026-03-24 17:18:19,881 [INFO] [*] Checking for live news...
2026-03-24 17:20:23,648 [INFO] [*] Checking for live news...
2026-03-24 17:22:27,093 [INFO] [*] Checking for live news...
2026-03-24 17:24:31,320 [INFO] [*] Checking for live news...
2026-03-24 17:26:36,478 [INFO] [*] Checking for live news...
2026-03-24 17:28:39,901 [INFO] [*] Checking for live news...
2026-03-24 17:46:13,708 [INFO] [*] Heartbeat: Robot engine is running...
2026-03-24 18:46:13,764 [INFO] [*] Heartbeat: Robot engine is running...
2026-03-24 21:19:27,719 [INFO] [*] Heartbeat: Robot engine is running...
2026-03-24 22:19:47,550 [INFO] [*] Heartbeat: Robot engine is running...
2026-03-25 00:27:16,170 [INFO] [*] Heartbeat: Robot engine is running...
2026-03-25 23:11:45,649 [INFO] [*] Heartbeat: Robot engine is running...
2026-03-26 01:23:37,041 [INFO] [*] Heartbeat: Robot engine is running...
2026-03-26 17:10:16,422 [INFO] [*] Checking for live news...
2026-03-26 17:10:20,559 [INFO] [*] Heartbeat: Robot engine is running...
2026-03-26 17:12:20,561 [INFO] [*] Checking for live news...
2026-03-26 17:14:24,506 [INFO] [*] Checking for live news...
2026-03-26 17:15:28,579 [INFO] [*] Starting daily technical analysis...
2026-03-26 17:15:30,264 [INFO] [*] Daily analysis complete.
2026-03-26 17:16:30,265 [INFO] [*] Checking for live news...
2026-03-26 17:18:33,856 [INFO] [*] Checking for live news...
2026-03-26 17:20:37,576 [INFO] [*] Checking for live news...
2026-03-26 17:22:41,066 [INFO] [*] Checking for live news...
2026-03-26 17:24:44,830 [INFO] [*] Checking for live news...
2026-03-26 17:26:48,360 [INFO] [*] Checking for live news...
2026-03-26 17:29:22,049 [INFO] [*] Checking for live news...
2026-03-26 18:51:27,575 [INFO] [*] Heartbeat: Robot engine is running...
2026-03-26 19:51:27,670 [INFO] [*] Heartbeat: Robot engine is running...
2026-03-26 20:51:27,709 [INFO] [*] Heartbeat: Robot engine is running...
2026-03-26 21:51:27,749 [INFO] [*] Heartbeat: Robot engine is running...
2026-03-26 22:51:27,785 [INFO] [*] Heartbeat: Robot engine is running...
2026-03-27 01:07:51,103 [INFO] [*] Heartbeat: Robot engine is running...
2026-03-27 03:07:50,955 [INFO] [*] Heartbeat: Robot engine is running...
2026-03-29 18:15:04,194 [INFO] [*] Heartbeat: Robot engine is running...
2026-03-30 00:25:41,164 [INFO] [*] Heartbeat: Robot engine is running...
2026-04-03 17:41:43,846 [INFO] [*] Heartbeat: Robot engine is running...
2026-04-03 18:41:43,900 [INFO] [*] Heartbeat: Robot engine is running...
2026-04-03 19:41:43,953 [INFO] [*] Heartbeat: Robot engine is running...
2026-04-03 22:16:58,840 [INFO] [*] Heartbeat: Robot engine is running...
2026-04-03 23:45:22,867 [INFO] [*] Heartbeat: Robot engine is running...
2026-04-04 00:45:22,915 [INFO] [*] Heartbeat: Robot engine is running...
2026-04-04 01:45:39,356 [INFO] [*] Heartbeat: Robot engine is running...
2026-04-04 02:45:45,958 [INFO] [*] Heartbeat: Robot engine is running...
2026-04-04 08:32:29,180 [INFO] [*] Heartbeat: Robot engine is running...
2026-04-04 09:32:38,391 [INFO] [*] Heartbeat: Robot engine is running...
2026-04-04 12:12:54,296 [INFO] [*] Heartbeat: Robot engine is running...
2026-04-04 13:52:31,453 [INFO] [*] Heartbeat: Robot engine is running...
2026-04-04 23:27:12,009 [INFO] [*] Heartbeat: Robot engine is running...
2026-04-05 00:27:41,888 [INFO] [*] Heartbeat: Robot engine is running...
2026-04-05 01:28:11,725 [INFO] [*] Heartbeat: Robot engine is running...
2026-04-05 02:28:41,713 [INFO] [*] Heartbeat: Robot engine is running...
2026-04-23 17:21:18,742 [INFO] [*] Loaded strategy: sma_trend
2026-04-23 17:21:18,793 [INFO] [*] Loaded strategy: news_sentiment
2026-04-23 17:21:18,797 [INFO] [*] Loaded strategy: rsi_reversion
2026-04-23 17:21:18,800 [INFO] [*] Loaded strategy: bollinger_reversion
2026-04-23 17:21:18,804 [INFO] [*] Loaded strategy: macd_momentum
2026-04-23 17:21:18,807 [INFO] [*] Loaded strategy: small_cap_volatility
2026-04-23 17:21:18,807 [INFO] [*] Starting daily technical analysis...
2026-04-23 17:21:23,697 [INFO] [+] [sma_trend] BOUGHT 3 VOLV-B.ST
2026-04-23 17:21:24,299 [INFO] [+] [sma_trend] BOUGHT 2 INVE-B.ST
2026-04-23 17:21:24,898 [INFO] [+] [sma_trend] BOUGHT 5 SEB-A.ST
2026-04-23 17:21:28,140 [INFO] [+] [rsi_reversion] BOUGHT 295 SBB-B.ST
2026-04-23 17:21:28,425 [INFO] [+] [bollinger_reversion] BOUGHT 295 SBB-B.ST
2026-04-23 17:21:30,489 [INFO] [*] Daily analysis complete.
2026-04-23 17:21:30,490 [INFO] [*] Checking for live news...
2026-04-23 17:52:29,677 [INFO] [*] Loaded strategy: sma_trend
2026-04-23 17:52:29,693 [INFO] [*] Loaded strategy: news_sentiment
2026-04-23 17:52:29,695 [INFO] [*] Loaded strategy: rsi_reversion
2026-04-23 17:52:29,696 [INFO] [*] Loaded strategy: bollinger_reversion
2026-04-23 17:52:29,698 [INFO] [*] Loaded strategy: macd_momentum
2026-04-23 17:52:29,700 [INFO] [*] Loaded strategy: small_cap_volatility
2026-04-23 17:52:29,700 [INFO] [*] Starting daily technical analysis...
2026-04-23 17:52:34,596 [INFO] [*] Daily analysis complete.
2026-04-23 17:52:34,597 [INFO] [*] Checking for live news...
2026-04-23 17:00:36,786 [INFO] [*] Loaded strategy: sma_trend
2026-04-23 17:00:36,796 [INFO] [*] Loaded strategy: news_sentiment
2026-04-23 17:00:36,797 [INFO] [*] Loaded strategy: rsi_reversion
2026-04-23 17:00:36,797 [INFO] [*] Loaded strategy: bollinger_reversion
2026-04-23 17:00:36,798 [INFO] [*] Loaded strategy: macd_momentum
2026-04-23 17:00:36,799 [INFO] [*] Loaded strategy: small_cap_volatility
2026-04-23 17:00:36,799 [INFO] [*] Starting daily technical analysis...
2026-04-23 17:00:42,850 [INFO] [*] Daily analysis complete.
2026-04-23 17:00:42,850 [INFO] [*] Checking for live news...
2026-04-23 18:04:30,574 [INFO] [*] Loaded strategy: sma_trend
2026-04-23 18:04:30,584 [INFO] [*] Loaded strategy: news_sentiment
2026-04-23 18:04:30,585 [INFO] [*] Loaded strategy: rsi_reversion
2026-04-23 18:04:30,586 [INFO] [*] Loaded strategy: bollinger_reversion
2026-04-23 18:04:30,587 [INFO] [*] Loaded strategy: macd_momentum
2026-04-23 18:04:30,588 [INFO] [*] Loaded strategy: small_cap_volatility
2026-04-23 18:04:30,588 [INFO] [*] Starting daily technical analysis...
2026-04-23 18:04:35,173 [INFO] [*] Daily analysis complete.
2026-04-23 18:04:35,174 [INFO] [*] Checking for live news...
2026-04-24 09:46:13,357 [INFO] [*] Loaded strategy: sma_trend
2026-04-24 09:46:13,367 [INFO] [*] Loaded strategy: news_sentiment
2026-04-24 09:46:13,368 [INFO] [*] Loaded strategy: rsi_reversion
2026-04-24 09:46:13,369 [INFO] [*] Loaded strategy: bollinger_reversion
2026-04-24 09:46:13,369 [INFO] [*] Loaded strategy: macd_momentum
2026-04-24 09:46:13,370 [INFO] [*] Loaded strategy: small_cap_volatility
2026-04-24 09:46:13,370 [INFO] [*] Starting daily technical analysis...
2026-04-24 09:46:17,891 [INFO] [*] Daily analysis complete.
2026-04-24 09:46:17,891 [INFO] [*] Checking for live news...
2026-04-24 11:07:38,911 [INFO] [*] Loaded strategy: sma_trend
2026-04-24 11:07:38,921 [INFO] [*] Loaded strategy: news_sentiment
2026-04-24 11:07:38,922 [INFO] [*] Loaded strategy: rsi_reversion
2026-04-24 11:07:38,923 [INFO] [*] Loaded strategy: bollinger_reversion
2026-04-24 11:07:38,924 [INFO] [*] Loaded strategy: macd_momentum
2026-04-24 11:07:38,925 [INFO] [*] Loaded strategy: small_cap_volatility
2026-04-24 11:07:38,925 [INFO] [*] Starting daily technical analysis...
2026-04-24 11:07:42,759 [INFO] [*] Daily analysis complete.
2026-04-24 11:07:42,759 [INFO] [*] Checking for live news...
2026-04-24 12:13:25,616 [INFO] [*] Loaded strategy: sma_trend
2026-04-24 12:13:25,623 [INFO] [*] Loaded strategy: news_sentiment
2026-04-24 12:13:25,624 [INFO] [*] Loaded strategy: rsi_reversion
2026-04-24 12:13:25,625 [INFO] [*] Loaded strategy: bollinger_reversion
2026-04-24 12:13:25,625 [INFO] [*] Loaded strategy: macd_momentum
2026-04-24 12:13:25,626 [INFO] [*] Loaded strategy: small_cap_volatility
2026-04-24 12:13:25,626 [INFO] [*] Starting daily technical analysis...
2026-04-24 12:13:33,066 [INFO] [*] Daily analysis complete.
2026-04-24 12:13:33,066 [INFO] [*] Checking for live news...
2026-04-24 14:14:10,222 [INFO] [*] Loaded strategy: sma_trend
2026-04-24 14:14:10,232 [INFO] [*] Loaded strategy: news_sentiment
2026-04-24 14:14:10,233 [INFO] [*] Loaded strategy: rsi_reversion
2026-04-24 14:14:10,234 [INFO] [*] Loaded strategy: bollinger_reversion
2026-04-24 14:14:10,235 [INFO] [*] Loaded strategy: macd_momentum
2026-04-24 14:14:10,236 [INFO] [*] Loaded strategy: small_cap_volatility
2026-04-24 14:14:10,236 [INFO] [*] Starting daily technical analysis...
2026-04-24 14:14:11,951 [INFO] [-] [sma_trend] SOLD ERIC-B.ST
2026-04-24 14:14:12,511 [INFO] [+] [sma_trend] BOUGHT 5 NDA-SE.ST
2026-04-24 14:14:14,771 [INFO] [*] Daily analysis complete.
2026-04-24 14:14:14,771 [INFO] [*] Checking for live news...
2026-04-24 15:48:04,733 [INFO] [*] Loaded strategy: sma_trend
2026-04-24 15:48:04,743 [INFO] [*] Loaded strategy: news_sentiment
2026-04-24 15:48:04,744 [INFO] [*] Loaded strategy: rsi_reversion
2026-04-24 15:48:04,745 [INFO] [*] Loaded strategy: bollinger_reversion
2026-04-24 15:48:04,746 [INFO] [*] Loaded strategy: macd_momentum
2026-04-24 15:48:04,747 [INFO] [*] Loaded strategy: small_cap_volatility
2026-04-24 15:48:04,747 [INFO] [*] Starting daily technical analysis...
2026-04-24 15:48:12,405 [INFO] [*] Daily analysis complete.
2026-04-24 15:48:12,405 [INFO] [*] Checking for live news...
2026-04-24 16:59:24,622 [INFO] [*] Loaded strategy: sma_trend
2026-04-24 16:59:24,632 [INFO] [*] Loaded strategy: news_sentiment
2026-04-24 16:59:24,633 [INFO] [*] Loaded strategy: rsi_reversion
2026-04-24 16:59:24,634 [INFO] [*] Loaded strategy: bollinger_reversion
2026-04-24 16:59:24,635 [INFO] [*] Loaded strategy: macd_momentum
2026-04-24 16:59:24,636 [INFO] [*] Loaded strategy: small_cap_volatility
2026-04-24 16:59:24,636 [INFO] [*] Starting daily technical analysis...
2026-04-24 16:59:30,147 [INFO] [*] Daily analysis complete.
2026-04-24 16:59:30,147 [INFO] [*] Checking for live news...
2026-04-24 17:45:55,287 [INFO] [*] Loaded strategy: sma_trend
2026-04-24 17:45:55,297 [INFO] [*] Loaded strategy: news_sentiment
2026-04-24 17:45:55,298 [INFO] [*] Loaded strategy: rsi_reversion
2026-04-24 17:45:55,299 [INFO] [*] Loaded strategy: bollinger_reversion
2026-04-24 17:45:55,300 [INFO] [*] Loaded strategy: macd_momentum
2026-04-24 17:45:55,301 [INFO] [*] Loaded strategy: small_cap_volatility
2026-04-24 17:45:55,301 [INFO] [*] Starting daily technical analysis...
2026-04-24 17:46:00,441 [INFO] [*] Daily analysis complete.
2026-04-24 17:46:00,441 [INFO] [*] Checking for live news...
2026-04-27 10:17:56,423 [INFO] [*] Loaded strategy: sma_trend
2026-04-27 10:17:56,433 [INFO] [*] Loaded strategy: news_sentiment
2026-04-27 10:17:56,434 [INFO] [*] Loaded strategy: rsi_reversion
2026-04-27 10:17:56,435 [INFO] [*] Loaded strategy: bollinger_reversion
2026-04-27 10:17:56,436 [INFO] [*] Loaded strategy: macd_momentum
2026-04-27 10:17:56,437 [INFO] [*] Loaded strategy: small_cap_volatility
2026-04-27 10:17:56,437 [INFO] [*] Starting daily technical analysis...
2026-04-27 10:18:00,233 [INFO] [*] Daily analysis complete.
2026-04-27 10:18:00,233 [INFO] [*] Checking for live news...
2026-04-27 12:08:09,793 [INFO] [*] Loaded strategy: sma_trend
2026-04-27 12:08:09,803 [INFO] [*] Loaded strategy: news_sentiment
2026-04-27 12:08:09,804 [INFO] [*] Loaded strategy: rsi_reversion
2026-04-27 12:08:09,805 [INFO] [*] Loaded strategy: bollinger_reversion
2026-04-27 12:08:09,806 [INFO] [*] Loaded strategy: macd_momentum
2026-04-27 12:08:09,807 [INFO] [*] Loaded strategy: small_cap_volatility
2026-04-27 12:08:09,807 [INFO] [*] Starting daily technical analysis...
2026-04-27 12:08:14,964 [INFO] [*] Daily analysis complete.
2026-04-27 12:08:14,964 [INFO] [*] Checking for live news...
2026-04-27 14:34:50,983 [INFO] [*] Loaded strategy: sma_trend
2026-04-27 14:34:50,992 [INFO] [*] Loaded strategy: news_sentiment
2026-04-27 14:34:50,993 [INFO] [*] Loaded strategy: rsi_reversion
2026-04-27 14:34:50,994 [INFO] [*] Loaded strategy: bollinger_reversion
2026-04-27 14:34:50,995 [INFO] [*] Loaded strategy: macd_momentum
2026-04-27 14:34:50,996 [INFO] [*] Loaded strategy: small_cap_volatility
2026-04-27 14:34:50,996 [INFO] [*] Starting daily technical analysis...
2026-04-27 14:34:57,057 [INFO] [+] [macd_momentum] BOUGHT 7 BETCO.ST
2026-04-27 14:34:57,446 [INFO] [*] Daily analysis complete.
2026-04-27 14:34:57,446 [INFO] [*] Checking for live news...
2026-04-27 16:27:33,712 [INFO] [*] Loaded strategy: sma_trend
2026-04-27 16:27:33,722 [INFO] [*] Loaded strategy: news_sentiment
2026-04-27 16:27:33,723 [INFO] [*] Loaded strategy: rsi_reversion
2026-04-27 16:27:33,724 [INFO] [*] Loaded strategy: bollinger_reversion
2026-04-27 16:27:33,725 [INFO] [*] Loaded strategy: macd_momentum
2026-04-27 16:27:33,725 [INFO] [*] Loaded strategy: small_cap_volatility
2026-04-27 16:27:33,725 [INFO] [*] Starting daily technical analysis...
2026-04-27 16:27:35,228 [INFO] [+] [bollinger_reversion] BOUGHT 5 HM-B.ST
2026-04-27 16:27:37,949 [INFO] [*] Daily analysis complete.
2026-04-27 16:27:37,949 [INFO] [*] Checking for live news...
2026-04-27 17:50:23,834 [INFO] [*] Loaded strategy: sma_trend
2026-04-27 17:50:23,841 [INFO] [*] Loaded strategy: news_sentiment
2026-04-27 17:50:23,842 [INFO] [*] Loaded strategy: rsi_reversion
2026-04-27 17:50:23,843 [INFO] [*] Loaded strategy: bollinger_reversion
2026-04-27 17:50:23,843 [INFO] [*] Loaded strategy: macd_momentum
2026-04-27 17:50:23,844 [INFO] [*] Loaded strategy: small_cap_volatility
2026-04-27 17:50:23,844 [INFO] [*] Starting daily technical analysis...
2026-04-27 17:50:29,932 [INFO] [*] Daily analysis complete.
2026-04-27 17:50:29,932 [INFO] [*] Checking for live news...
2026-04-27 18:03:02,742 [INFO] [*] Loaded strategy: sma_trend
2026-04-27 18:03:02,752 [INFO] [*] Loaded strategy: news_sentiment
2026-04-27 18:03:02,754 [INFO] [*] Loaded strategy: rsi_reversion
2026-04-27 18:03:02,754 [INFO] [*] Loaded strategy: bollinger_reversion
2026-04-27 18:03:02,755 [INFO] [*] Loaded strategy: macd_momentum
2026-04-27 18:03:02,756 [INFO] [*] Loaded strategy: small_cap_volatility
2026-04-27 18:03:02,756 [INFO] [*] Starting daily technical analysis...
2026-04-27 18:03:08,627 [INFO] [*] Daily analysis complete.
2026-04-27 18:03:08,628 [INFO] [*] Checking for live news...
2026-04-28 10:15:14,642 [INFO] [*] Loaded strategy: sma_trend
2026-04-28 10:15:14,651 [INFO] [*] Loaded strategy: news_sentiment
2026-04-28 10:15:14,652 [INFO] [*] Loaded strategy: rsi_reversion
2026-04-28 10:15:14,653 [INFO] [*] Loaded strategy: bollinger_reversion
2026-04-28 10:15:14,654 [INFO] [*] Loaded strategy: macd_momentum
2026-04-28 10:15:14,655 [INFO] [*] Loaded strategy: small_cap_volatility
2026-04-28 10:15:14,655 [INFO] [*] Starting daily technical analysis...
2026-04-28 10:15:16,325 [INFO] [+] [rsi_reversion] BOUGHT 9 ERIC-B.ST
2026-04-28 10:15:18,308 [INFO] [-] [macd_momentum] SOLD BETCO.ST
2026-04-28 10:15:18,487 [INFO] [*] Daily analysis complete.
2026-04-28 10:15:18,488 [INFO] [*] Checking for live news...
2026-04-28 12:10:55,265 [INFO] [*] Loaded strategy: sma_trend
2026-04-28 12:10:55,273 [INFO] [*] Loaded strategy: news_sentiment
2026-04-28 12:10:55,274 [INFO] [*] Loaded strategy: rsi_reversion
2026-04-28 12:10:55,275 [INFO] [*] Loaded strategy: bollinger_reversion
2026-04-28 12:10:55,276 [INFO] [*] Loaded strategy: macd_momentum
2026-04-28 12:10:55,277 [INFO] [*] Loaded strategy: small_cap_volatility
2026-04-28 12:10:55,277 [INFO] [*] Starting daily technical analysis...
2026-04-28 12:11:00,680 [INFO] [*] Daily analysis complete.
2026-04-28 12:11:00,680 [INFO] [*] Checking for live news...
2026-04-28 15:04:28,054 [INFO] [*] Loaded strategy: sma_trend
2026-04-28 15:04:28,062 [INFO] [*] Loaded strategy: news_sentiment
2026-04-28 15:04:28,063 [INFO] [*] Loaded strategy: rsi_reversion
2026-04-28 15:04:28,063 [INFO] [*] Loaded strategy: bollinger_reversion
2026-04-28 15:04:28,064 [INFO] [*] Loaded strategy: macd_momentum
2026-04-28 15:04:28,065 [INFO] [*] Loaded strategy: small_cap_volatility
2026-04-28 15:04:28,065 [INFO] [*] Starting daily technical analysis...
2026-04-28 15:04:32,895 [INFO] [*] Daily analysis complete.
2026-04-28 15:04:32,896 [INFO] [*] Checking for live news...
2026-04-28 17:12:41,486 [INFO] [*] Loaded strategy: sma_trend
2026-04-28 17:12:41,496 [INFO] [*] Loaded strategy: news_sentiment
2026-04-28 17:12:41,497 [INFO] [*] Loaded strategy: rsi_reversion
2026-04-28 17:12:41,498 [INFO] [*] Loaded strategy: bollinger_reversion
2026-04-28 17:12:41,499 [INFO] [*] Loaded strategy: macd_momentum
2026-04-28 17:12:41,500 [INFO] [*] Loaded strategy: small_cap_volatility
2026-04-28 17:12:41,500 [INFO] [*] Starting daily technical analysis...
2026-04-28 17:12:45,503 [INFO] [*] Daily analysis complete.
2026-04-28 17:12:45,503 [INFO] [*] Checking for live news...
2026-04-28 18:14:17,266 [INFO] [*] Loaded strategy: sma_trend
2026-04-28 18:14:17,276 [INFO] [*] Loaded strategy: news_sentiment
2026-04-28 18:14:17,277 [INFO] [*] Loaded strategy: rsi_reversion
2026-04-28 18:14:17,278 [INFO] [*] Loaded strategy: bollinger_reversion
2026-04-28 18:14:17,278 [INFO] [*] Loaded strategy: macd_momentum
2026-04-28 18:14:17,279 [INFO] [*] Loaded strategy: small_cap_volatility
2026-04-28 18:14:17,279 [INFO] [*] Starting daily technical analysis...
2026-04-28 18:14:21,628 [INFO] [*] Daily analysis complete.
2026-04-28 18:14:21,628 [INFO] [*] Checking for live news...
2026-04-29 10:07:14,590 [INFO] [*] Loaded strategy: sma_trend
2026-04-29 10:07:14,600 [INFO] [*] Loaded strategy: news_sentiment
2026-04-29 10:07:14,601 [INFO] [*] Loaded strategy: rsi_reversion
2026-04-29 10:07:14,602 [INFO] [*] Loaded strategy: bollinger_reversion
2026-04-29 10:07:14,603 [INFO] [*] Loaded strategy: macd_momentum
2026-04-29 10:07:14,604 [INFO] [*] Loaded strategy: small_cap_volatility
2026-04-29 10:07:14,604 [INFO] [*] Starting daily technical analysis...
2026-04-29 10:07:19,966 [INFO] [*] Daily analysis complete.
2026-04-29 10:07:19,967 [INFO] [*] Checking for live news...
2026-04-29 12:02:53,644 [INFO] [*] Loaded strategy: sma_trend
2026-04-29 12:02:53,653 [INFO] [*] Loaded strategy: news_sentiment
2026-04-29 12:02:53,654 [INFO] [*] Loaded strategy: rsi_reversion
2026-04-29 12:02:53,655 [INFO] [*] Loaded strategy: bollinger_reversion
2026-04-29 12:02:53,656 [INFO] [*] Loaded strategy: macd_momentum
2026-04-29 12:02:53,657 [INFO] [*] Loaded strategy: small_cap_volatility
2026-04-29 12:02:53,657 [INFO] [*] Starting daily technical analysis...
2026-04-29 12:02:58,647 [INFO] [*] Daily analysis complete.
2026-04-29 12:02:58,647 [INFO] [*] Checking for live news...
2026-04-29 14:38:25,531 [INFO] [*] Loaded strategy: sma_trend
2026-04-29 14:38:25,541 [INFO] [*] Loaded strategy: news_sentiment
2026-04-29 14:38:25,542 [INFO] [*] Loaded strategy: rsi_reversion
2026-04-29 14:38:25,543 [INFO] [*] Loaded strategy: bollinger_reversion
2026-04-29 14:38:25,544 [INFO] [*] Loaded strategy: macd_momentum
2026-04-29 14:38:25,545 [INFO] [*] Loaded strategy: small_cap_volatility
2026-04-29 14:38:25,545 [INFO] [*] Starting daily technical analysis...
2026-04-29 14:38:29,450 [INFO] [*] Daily analysis complete.
2026-04-29 14:38:29,451 [INFO] [*] Checking for live news...
2026-04-29 16:28:24,917 [INFO] [*] Loaded strategy: sma_trend
2026-04-29 16:28:24,928 [INFO] [*] Loaded strategy: news_sentiment
2026-04-29 16:28:24,929 [INFO] [*] Loaded strategy: rsi_reversion
2026-04-29 16:28:24,930 [INFO] [*] Loaded strategy: bollinger_reversion
2026-04-29 16:28:24,930 [INFO] [*] Loaded strategy: macd_momentum
2026-04-29 16:28:24,931 [INFO] [*] Loaded strategy: small_cap_volatility
2026-04-29 16:28:24,931 [INFO] [*] Starting daily technical analysis...
2026-04-29 16:28:28,969 [INFO] [+] [macd_momentum] BOUGHT 6 BETCO.ST
2026-04-29 16:28:29,214 [INFO] [*] Daily analysis complete.
2026-04-29 16:28:29,214 [INFO] [*] Checking for live news...
2026-04-29 18:00:05,330 [INFO] [*] Loaded strategy: sma_trend
2026-04-29 18:00:05,340 [INFO] [*] Loaded strategy: news_sentiment
2026-04-29 18:00:05,341 [INFO] [*] Loaded strategy: rsi_reversion
2026-04-29 18:00:05,342 [INFO] [*] Loaded strategy: bollinger_reversion
2026-04-29 18:00:05,343 [INFO] [*] Loaded strategy: macd_momentum
2026-04-29 18:00:05,344 [INFO] [*] Loaded strategy: small_cap_volatility
2026-04-29 18:00:05,344 [INFO] [*] Starting daily technical analysis...
2026-04-29 18:00:11,392 [INFO] [*] Daily analysis complete.
2026-04-29 18:00:11,393 [INFO] [*] Checking for live news...
2026-04-29 18:09:29,084 [INFO] [*] Loaded strategy: sma_trend
2026-04-29 18:09:29,092 [INFO] [*] Loaded strategy: news_sentiment
2026-04-29 18:09:29,093 [INFO] [*] Loaded strategy: rsi_reversion
2026-04-29 18:09:29,093 [INFO] [*] Loaded strategy: bollinger_reversion
2026-04-29 18:09:29,094 [INFO] [*] Loaded strategy: macd_momentum
2026-04-29 18:09:29,095 [INFO] [*] Loaded strategy: small_cap_volatility
2026-04-29 18:09:29,095 [INFO] [*] Starting daily technical analysis...
2026-04-29 18:09:35,999 [INFO] [*] Daily analysis complete.
2026-04-29 18:09:35,999 [INFO] [*] Checking for live news...
2026-04-30 10:07:56,962 [INFO] [*] Loaded strategy: sma_trend
2026-04-30 10:07:56,971 [INFO] [*] Loaded strategy: news_sentiment
2026-04-30 10:07:56,972 [INFO] [*] Loaded strategy: rsi_reversion
2026-04-30 10:07:56,973 [INFO] [*] Loaded strategy: bollinger_reversion
2026-04-30 10:07:56,974 [INFO] [*] Loaded strategy: macd_momentum
2026-04-30 10:07:56,975 [INFO] [*] Loaded strategy: small_cap_volatility
2026-04-30 10:07:56,975 [INFO] [*] Starting daily technical analysis...
2026-04-30 10:07:59,266 [INFO] [+] [rsi_reversion] BOUGHT 6 HM-B.ST
2026-04-30 10:08:02,670 [INFO] [*] Daily analysis complete.
2026-04-30 10:08:02,670 [INFO] [*] Checking for live news...
2026-04-30 11:59:08,092 [INFO] [*] Loaded strategy: sma_trend
2026-04-30 11:59:08,102 [INFO] [*] Loaded strategy: news_sentiment
2026-04-30 11:59:08,103 [INFO] [*] Loaded strategy: rsi_reversion
2026-04-30 11:59:08,104 [INFO] [*] Loaded strategy: bollinger_reversion
2026-04-30 11:59:08,105 [INFO] [*] Loaded strategy: macd_momentum
2026-04-30 11:59:08,106 [INFO] [*] Loaded strategy: small_cap_volatility
2026-04-30 11:59:08,106 [INFO] [*] Starting daily technical analysis...
2026-04-30 11:59:13,197 [INFO] [*] Daily analysis complete.
2026-04-30 11:59:13,197 [INFO] [*] Checking for live news...
2026-04-30 14:20:42,664 [INFO] [*] Loaded strategy: sma_trend
2026-04-30 14:20:42,675 [INFO] [*] Loaded strategy: news_sentiment
2026-04-30 14:20:42,676 [INFO] [*] Loaded strategy: rsi_reversion
2026-04-30 14:20:42,677 [INFO] [*] Loaded strategy: bollinger_reversion
2026-04-30 14:20:42,678 [INFO] [*] Loaded strategy: macd_momentum
2026-04-30 14:20:42,679 [INFO] [*] Loaded strategy: small_cap_volatility
2026-04-30 14:20:42,679 [INFO] [*] Starting daily technical analysis...
2026-04-30 14:20:48,166 [INFO] [*] Daily analysis complete.
2026-04-30 14:20:48,167 [INFO] [*] Checking for live news...
2026-04-30 16:01:16,058 [INFO] [*] Loaded strategy: sma_trend
2026-04-30 16:01:16,068 [INFO] [*] Loaded strategy: news_sentiment
2026-04-30 16:01:16,069 [INFO] [*] Loaded strategy: rsi_reversion
2026-04-30 16:01:16,070 [INFO] [*] Loaded strategy: bollinger_reversion
2026-04-30 16:01:16,071 [INFO] [*] Loaded strategy: macd_momentum
2026-04-30 16:01:16,072 [INFO] [*] Loaded strategy: small_cap_volatility
2026-04-30 16:01:16,072 [INFO] [*] Starting daily technical analysis...
2026-04-30 16:01:21,019 [INFO] [*] Daily analysis complete.
2026-04-30 16:01:21,020 [INFO] [*] Checking for live news...
2026-04-30 17:51:02,276 [INFO] [*] Loaded strategy: sma_trend
2026-04-30 17:51:02,286 [INFO] [*] Loaded strategy: news_sentiment
2026-04-30 17:51:02,287 [INFO] [*] Loaded strategy: rsi_reversion
2026-04-30 17:51:02,288 [INFO] [*] Loaded strategy: bollinger_reversion
2026-04-30 17:51:02,289 [INFO] [*] Loaded strategy: macd_momentum
2026-04-30 17:51:02,290 [INFO] [*] Loaded strategy: small_cap_volatility
2026-04-30 17:51:02,290 [INFO] [*] Starting daily technical analysis...
2026-04-30 17:51:06,447 [INFO] [*] Daily analysis complete.
2026-04-30 17:51:06,447 [INFO] [*] Checking for live news...
2026-04-30 18:07:36,065 [INFO] [*] Loaded strategy: sma_trend
2026-04-30 18:07:36,076 [INFO] [*] Loaded strategy: news_sentiment
2026-04-30 18:07:36,077 [INFO] [*] Loaded strategy: rsi_reversion
2026-04-30 18:07:36,078 [INFO] [*] Loaded strategy: bollinger_reversion
2026-04-30 18:07:36,079 [INFO] [*] Loaded strategy: macd_momentum
2026-04-30 18:07:36,079 [INFO] [*] Loaded strategy: small_cap_volatility
2026-04-30 18:07:36,080 [INFO] [*] Starting daily technical analysis...
2026-04-30 18:07:43,060 [INFO] [*] Daily analysis complete.
2026-04-30 18:07:43,060 [INFO] [*] Checking for live news...
2026-05-01 09:47:38,421 [INFO] [*] Loaded strategy: sma_trend
2026-05-01 09:47:38,431 [INFO] [*] Loaded strategy: news_sentiment
2026-05-01 09:47:38,432 [INFO] [*] Loaded strategy: rsi_reversion
2026-05-01 09:47:38,432 [INFO] [*] Loaded strategy: bollinger_reversion
2026-05-01 09:47:38,433 [INFO] [*] Loaded strategy: macd_momentum
2026-05-01 09:47:38,434 [INFO] [*] Loaded strategy: small_cap_volatility
2026-05-01 09:47:38,434 [INFO] [*] Starting daily technical analysis...
2026-05-01 09:47:43,652 [INFO] [*] Daily analysis complete.
2026-05-01 09:47:43,652 [INFO] [*] Checking for live news...
2026-05-01 11:07:14,071 [INFO] [*] Loaded strategy: sma_trend
2026-05-01 11:07:14,081 [INFO] [*] Loaded strategy: news_sentiment
2026-05-01 11:07:14,082 [INFO] [*] Loaded strategy: rsi_reversion
2026-05-01 11:07:14,082 [INFO] [*] Loaded strategy: bollinger_reversion
2026-05-01 11:07:14,083 [INFO] [*] Loaded strategy: macd_momentum
2026-05-01 11:07:14,084 [INFO] [*] Loaded strategy: small_cap_volatility
2026-05-01 11:07:14,084 [INFO] [*] Starting daily technical analysis...
2026-05-01 11:07:18,096 [INFO] [*] Daily analysis complete.
2026-05-01 11:07:18,097 [INFO] [*] Checking for live news...
2026-05-01 12:12:31,451 [INFO] [*] Loaded strategy: sma_trend
2026-05-01 12:12:31,461 [INFO] [*] Loaded strategy: news_sentiment
2026-05-01 12:12:31,462 [INFO] [*] Loaded strategy: rsi_reversion
2026-05-01 12:12:31,463 [INFO] [*] Loaded strategy: bollinger_reversion
2026-05-01 12:12:31,464 [INFO] [*] Loaded strategy: macd_momentum
2026-05-01 12:12:31,465 [INFO] [*] Loaded strategy: small_cap_volatility
2026-05-01 12:12:31,465 [INFO] [*] Starting daily technical analysis...
2026-05-01 12:12:35,169 [INFO] [*] Daily analysis complete.
2026-05-01 12:12:35,169 [INFO] [*] Checking for live news...
2026-05-01 14:00:02,278 [INFO] [*] Loaded strategy: sma_trend
2026-05-01 14:00:02,289 [INFO] [*] Loaded strategy: news_sentiment
2026-05-01 14:00:02,290 [INFO] [*] Loaded strategy: rsi_reversion
2026-05-01 14:00:02,291 [INFO] [*] Loaded strategy: bollinger_reversion
2026-05-01 14:00:02,292 [INFO] [*] Loaded strategy: macd_momentum
2026-05-01 14:00:02,293 [INFO] [*] Loaded strategy: small_cap_volatility
2026-05-01 14:00:02,293 [INFO] [*] Starting daily technical analysis...
2026-05-01 14:00:07,447 [INFO] [*] Daily analysis complete.
2026-05-01 14:00:07,447 [INFO] [*] Checking for live news...
2026-05-01 15:08:01,076 [INFO] [*] Loaded strategy: sma_trend
2026-05-01 15:08:01,086 [INFO] [*] Loaded strategy: news_sentiment
2026-05-01 15:08:01,087 [INFO] [*] Loaded strategy: rsi_reversion
2026-05-01 15:08:01,088 [INFO] [*] Loaded strategy: bollinger_reversion
2026-05-01 15:08:01,089 [INFO] [*] Loaded strategy: macd_momentum
2026-05-01 15:08:01,090 [INFO] [*] Loaded strategy: small_cap_volatility
2026-05-01 15:08:01,090 [INFO] [*] Starting daily technical analysis...
2026-05-01 15:08:07,167 [INFO] [*] Daily analysis complete.
2026-05-01 15:08:07,167 [INFO] [*] Checking for live news...
2026-05-01 16:32:47,765 [INFO] [*] Loaded strategy: sma_trend
2026-05-01 16:32:47,775 [INFO] [*] Loaded strategy: news_sentiment
2026-05-01 16:32:47,776 [INFO] [*] Loaded strategy: rsi_reversion
2026-05-01 16:32:47,777 [INFO] [*] Loaded strategy: bollinger_reversion
2026-05-01 16:32:47,778 [INFO] [*] Loaded strategy: macd_momentum
2026-05-01 16:32:47,779 [INFO] [*] Loaded strategy: small_cap_volatility
2026-05-01 16:32:47,779 [INFO] [*] Starting daily technical analysis...
2026-05-01 16:32:52,148 [INFO] [*] Daily analysis complete.
2026-05-01 16:32:52,148 [INFO] [*] Checking for live news...
2026-05-01 17:55:08,855 [INFO] [*] Loaded strategy: sma_trend
2026-05-01 17:55:08,865 [INFO] [*] Loaded strategy: news_sentiment
2026-05-01 17:55:08,866 [INFO] [*] Loaded strategy: rsi_reversion
2026-05-01 17:55:08,867 [INFO] [*] Loaded strategy: bollinger_reversion
2026-05-01 17:55:08,868 [INFO] [*] Loaded strategy: macd_momentum
2026-05-01 17:55:08,869 [INFO] [*] Loaded strategy: small_cap_volatility
2026-05-01 17:55:08,869 [INFO] [*] Starting daily technical analysis...
2026-05-01 17:55:12,593 [INFO] [*] Daily analysis complete.
2026-05-01 17:55:12,594 [INFO] [*] Checking for live news...
2026-05-04 10:14:58,975 [INFO] [*] Loaded strategy: sma_trend
2026-05-04 10:14:58,985 [INFO] [*] Loaded strategy: news_sentiment
2026-05-04 10:14:58,986 [INFO] [*] Loaded strategy: rsi_reversion
2026-05-04 10:14:58,987 [INFO] [*] Loaded strategy: bollinger_reversion
2026-05-04 10:14:58,988 [INFO] [*] Loaded strategy: macd_momentum
2026-05-04 10:14:58,989 [INFO] [*] Loaded strategy: small_cap_volatility
2026-05-04 10:14:58,989 [INFO] [*] Starting daily technical analysis...
2026-05-04 10:15:02,028 [INFO] [+] [rsi_reversion] BOUGHT 3 SWED-A.ST
2026-05-04 10:15:02,330 [INFO] [+] [small_cap_volatility] BOUGHT 30 SINCH.ST
2026-05-04 10:15:02,784 [INFO] [+] [rsi_reversion] BOUGHT 71 FING-B.ST
2026-05-04 10:15:03,195 [INFO] [*] Daily analysis complete.
2026-05-04 10:15:03,196 [INFO] [*] Checking for live news...
2026-05-04 12:10:31,950 [INFO] [*] Loaded strategy: sma_trend
2026-05-04 12:10:31,960 [INFO] [*] Loaded strategy: news_sentiment
2026-05-04 12:10:31,961 [INFO] [*] Loaded strategy: rsi_reversion
2026-05-04 12:10:31,962 [INFO] [*] Loaded strategy: bollinger_reversion
2026-05-04 12:10:31,963 [INFO] [*] Loaded strategy: macd_momentum
2026-05-04 12:10:31,964 [INFO] [*] Loaded strategy: small_cap_volatility
2026-05-04 12:10:31,964 [INFO] [*] Starting daily technical analysis...
2026-05-04 12:10:36,186 [INFO] [*] Daily analysis complete.
2026-05-04 12:10:36,186 [INFO] [*] Checking for live news...
2026-05-04 14:38:34,509 [INFO] [*] Loaded strategy: sma_trend
2026-05-04 14:38:34,517 [INFO] [*] Loaded strategy: news_sentiment
2026-05-04 14:38:34,518 [INFO] [*] Loaded strategy: rsi_reversion
2026-05-04 14:38:34,518 [INFO] [*] Loaded strategy: bollinger_reversion
2026-05-04 14:38:34,519 [INFO] [*] Loaded strategy: macd_momentum
2026-05-04 14:38:34,520 [INFO] [*] Loaded strategy: small_cap_volatility
2026-05-04 14:38:34,520 [INFO] [*] Starting daily technical analysis...
2026-05-04 14:38:39,845 [INFO] [*] Daily analysis complete.
2026-05-04 14:38:39,845 [INFO] [*] Checking for live news...
2026-05-04 16:47:03,189 [INFO] [*] Loaded strategy: sma_trend
2026-05-04 16:47:03,199 [INFO] [*] Loaded strategy: news_sentiment
2026-05-04 16:47:03,200 [INFO] [*] Loaded strategy: rsi_reversion
2026-05-04 16:47:03,201 [INFO] [*] Loaded strategy: bollinger_reversion
2026-05-04 16:47:03,201 [INFO] [*] Loaded strategy: macd_momentum
2026-05-04 16:47:03,202 [INFO] [*] Loaded strategy: small_cap_volatility
2026-05-04 16:47:03,202 [INFO] [*] Starting daily technical analysis...
2026-05-04 16:47:04,269 [INFO] [-] [sma_trend] SOLD VOLV-B.ST
2026-05-04 16:47:06,096 [INFO] [+] [sma_trend] BOUGHT 9 ERIC-B.ST
2026-05-04 16:47:08,976 [INFO] [+] [bollinger_reversion] BOUGHT 71 FING-B.ST
2026-05-04 16:47:09,801 [INFO] [*] Daily analysis complete.
2026-05-04 16:47:09,801 [INFO] [*] Checking for live news...
2026-05-04 18:11:51,442 [INFO] [*] Loaded strategy: sma_trend
2026-05-04 18:11:51,452 [INFO] [*] Loaded strategy: news_sentiment
2026-05-04 18:11:51,453 [INFO] [*] Loaded strategy: rsi_reversion
2026-05-04 18:11:51,454 [INFO] [*] Loaded strategy: bollinger_reversion
2026-05-04 18:11:51,455 [INFO] [*] Loaded strategy: macd_momentum
2026-05-04 18:11:51,455 [INFO] [*] Loaded strategy: small_cap_volatility
2026-05-04 18:11:51,456 [INFO] [*] Starting daily technical analysis...
2026-05-04 18:11:58,392 [INFO] [*] Daily analysis complete.
2026-05-04 18:11:58,392 [INFO] [*] Checking for live news...
2026-05-05 10:04:18,587 [INFO] [*] Loaded strategy: sma_trend
2026-05-05 10:04:18,597 [INFO] [*] Loaded strategy: news_sentiment
2026-05-05 10:04:18,598 [INFO] [*] Loaded strategy: rsi_reversion
2026-05-05 10:04:18,599 [INFO] [*] Loaded strategy: bollinger_reversion
2026-05-05 10:04:18,600 [INFO] [*] Loaded strategy: macd_momentum
2026-05-05 10:04:18,601 [INFO] [*] Loaded strategy: small_cap_volatility
2026-05-05 10:04:18,601 [INFO] [*] Starting daily technical analysis...
2026-05-05 10:04:20,324 [INFO] [+] [macd_momentum] BOUGHT 8 ERIC-B.ST
2026-05-05 10:04:20,960 [INFO] [+] [macd_momentum] BOUGHT 20 TELIA.ST
2026-05-05 10:04:23,775 [INFO] [*] Daily analysis complete.
2026-05-05 10:04:23,775 [INFO] [*] Checking for live news...
2026-05-05 11:48:47,906 [INFO] [*] Loaded strategy: sma_trend
2026-05-05 11:48:47,916 [INFO] [*] Loaded strategy: news_sentiment
2026-05-05 11:48:47,917 [INFO] [*] Loaded strategy: rsi_reversion
2026-05-05 11:48:47,918 [INFO] [*] Loaded strategy: bollinger_reversion
2026-05-05 11:48:47,919 [INFO] [*] Loaded strategy: macd_momentum
2026-05-05 11:48:47,920 [INFO] [*] Loaded strategy: small_cap_volatility
2026-05-05 11:48:47,920 [INFO] [*] Starting daily technical analysis...
2026-05-05 11:48:52,949 [INFO] [*] Daily analysis complete.
2026-05-05 11:48:52,949 [INFO] [*] Checking for live news...
2026-05-05 15:56:32,288 [INFO] [*] Loaded strategy: sma_trend
2026-05-05 15:56:32,297 [INFO] [*] Loaded strategy: news_sentiment
2026-05-05 15:56:32,298 [INFO] [*] Loaded strategy: rsi_reversion
2026-05-05 15:56:32,299 [INFO] [*] Loaded strategy: bollinger_reversion
2026-05-05 15:56:32,300 [INFO] [*] Loaded strategy: macd_momentum
2026-05-05 15:56:32,301 [INFO] [*] Loaded strategy: small_cap_volatility
2026-05-05 15:56:32,301 [INFO] [*] Starting daily technical analysis...
2026-05-05 15:56:39,434 [INFO] [*] Daily analysis complete.
2026-05-05 15:56:39,435 [INFO] [*] Checking for live news...
2026-05-05 17:27:15,604 [INFO] [*] Loaded strategy: sma_trend
2026-05-05 17:27:15,614 [INFO] [*] Loaded strategy: news_sentiment
2026-05-05 17:27:15,615 [INFO] [*] Loaded strategy: rsi_reversion
2026-05-05 17:27:15,616 [INFO] [*] Loaded strategy: bollinger_reversion
2026-05-05 17:27:15,617 [INFO] [*] Loaded strategy: macd_momentum
2026-05-05 17:27:15,618 [INFO] [*] Loaded strategy: small_cap_volatility
2026-05-05 17:27:15,618 [INFO] [*] Starting daily technical analysis...
2026-05-05 17:27:21,651 [INFO] [*] Daily analysis complete.
2026-05-05 17:27:21,651 [INFO] [*] Checking for live news...
2026-05-05 18:07:43,596 [INFO] [*] Loaded strategy: sma_trend
2026-05-05 18:07:43,606 [INFO] [*] Loaded strategy: news_sentiment
2026-05-05 18:07:43,607 [INFO] [*] Loaded strategy: rsi_reversion
2026-05-05 18:07:43,608 [INFO] [*] Loaded strategy: bollinger_reversion
2026-05-05 18:07:43,609 [INFO] [*] Loaded strategy: macd_momentum
2026-05-05 18:07:43,610 [INFO] [*] Loaded strategy: small_cap_volatility
2026-05-05 18:07:43,610 [INFO] [*] Starting daily technical analysis...
2026-05-05 18:07:47,721 [INFO] [*] Daily analysis complete.
2026-05-05 18:07:47,722 [INFO] [*] Checking for live news...
2026-05-06 10:20:34,275 [INFO] [*] Loaded strategy: sma_trend
2026-05-06 10:20:34,286 [INFO] [*] Loaded strategy: news_sentiment
2026-05-06 10:20:34,287 [INFO] [*] Loaded strategy: rsi_reversion
2026-05-06 10:20:34,287 [INFO] [*] Loaded strategy: bollinger_reversion
2026-05-06 10:20:34,288 [INFO] [*] Loaded strategy: macd_momentum
2026-05-06 10:20:34,289 [INFO] [*] Loaded strategy: small_cap_volatility
2026-05-06 10:20:34,289 [INFO] [*] Starting daily technical analysis...
2026-05-06 10:20:34,948 [INFO] [+] [macd_momentum] BOUGHT 3 VOLV-B.ST
2026-05-06 10:20:36,469 [INFO] [+] [macd_momentum] BOUGHT 5 NDA-SE.ST
2026-05-06 10:20:38,515 [INFO] [-] [bollinger_reversion] SOLD FING-B.ST
2026-05-06 10:20:38,875 [INFO] [+] [bollinger_reversion] BOUGHT 19 G5EN.ST
2026-05-06 10:20:39,170 [INFO] [*] Daily analysis complete.
2026-05-06 10:20:39,171 [INFO] [*] Checking for live news...
2026-05-06 12:15:51,214 [INFO] [*] Loaded strategy: sma_trend
2026-05-06 12:15:51,222 [INFO] [*] Loaded strategy: news_sentiment
2026-05-06 12:15:51,223 [INFO] [*] Loaded strategy: rsi_reversion
2026-05-06 12:15:51,224 [INFO] [*] Loaded strategy: bollinger_reversion
2026-05-06 12:15:51,224 [INFO] [*] Loaded strategy: macd_momentum
2026-05-06 12:15:51,225 [INFO] [*] Loaded strategy: small_cap_volatility
2026-05-06 12:15:51,225 [INFO] [*] Starting daily technical analysis...
2026-05-06 12:15:55,237 [INFO] [*] Daily analysis complete.
2026-05-06 12:15:55,237 [INFO] [*] Checking for live news...
2026-05-06 15:11:46,535 [INFO] [*] Loaded strategy: sma_trend
2026-05-06 15:11:46,546 [INFO] [*] Loaded strategy: news_sentiment
2026-05-06 15:11:46,547 [INFO] [*] Loaded strategy: rsi_reversion
2026-05-06 15:11:46,548 [INFO] [*] Loaded strategy: bollinger_reversion
2026-05-06 15:11:46,549 [INFO] [*] Loaded strategy: macd_momentum
2026-05-06 15:11:46,550 [INFO] [*] Loaded strategy: small_cap_volatility
2026-05-06 15:11:46,550 [INFO] [*] Starting daily technical analysis...
2026-05-06 15:11:49,403 [INFO] [-] [bollinger_reversion] SOLD HM-B.ST
2026-05-06 15:11:54,369 [INFO] [*] Daily analysis complete.
2026-05-06 15:11:54,370 [INFO] [*] Checking for live news...
2026-05-06 17:04:34,465 [INFO] [*] Loaded strategy: sma_trend
2026-05-06 17:04:34,475 [INFO] [*] Loaded strategy: news_sentiment
2026-05-06 17:04:34,476 [INFO] [*] Loaded strategy: rsi_reversion
2026-05-06 17:04:34,477 [INFO] [*] Loaded strategy: bollinger_reversion
2026-05-06 17:04:34,478 [INFO] [*] Loaded strategy: macd_momentum
2026-05-06 17:04:34,479 [INFO] [*] Loaded strategy: small_cap_volatility
2026-05-06 17:04:34,479 [INFO] [*] Starting daily technical analysis...
2026-05-06 17:04:38,964 [INFO] [*] Daily analysis complete.
2026-05-06 17:04:38,965 [INFO] [*] Checking for live news...
2026-05-06 18:12:24,059 [INFO] [*] Loaded strategy: sma_trend
2026-05-06 18:12:24,069 [INFO] [*] Loaded strategy: news_sentiment
2026-05-06 18:12:24,070 [INFO] [*] Loaded strategy: rsi_reversion
2026-05-06 18:12:24,070 [INFO] [*] Loaded strategy: bollinger_reversion
2026-05-06 18:12:24,071 [INFO] [*] Loaded strategy: macd_momentum
2026-05-06 18:12:24,072 [INFO] [*] Loaded strategy: small_cap_volatility
2026-05-06 18:12:24,073 [INFO] [*] Starting daily technical analysis...
2026-05-06 18:12:28,813 [INFO] [*] Daily analysis complete.
2026-05-06 18:12:28,813 [INFO] [*] Checking for live news...
2026-05-07 10:25:14,459 [INFO] [*] Loaded strategy: sma_trend
2026-05-07 10:25:14,469 [INFO] [*] Loaded strategy: news_sentiment
2026-05-07 10:25:14,470 [INFO] [*] Loaded strategy: rsi_reversion
2026-05-07 10:25:14,471 [INFO] [*] Loaded strategy: bollinger_reversion
2026-05-07 10:25:14,472 [INFO] [*] Loaded strategy: macd_momentum
2026-05-07 10:25:14,473 [INFO] [*] Loaded strategy: small_cap_volatility
2026-05-07 10:25:14,473 [INFO] [*] Starting daily technical analysis...
2026-05-07 10:25:19,044 [INFO] [-] [macd_momentum] SOLD BETCO.ST
2026-05-07 10:25:19,289 [INFO] [*] Daily analysis complete.
2026-05-07 10:25:19,289 [INFO] [*] Checking for live news...
2026-05-07 12:17:08,667 [INFO] [*] Loaded strategy: sma_trend
2026-05-07 12:17:08,677 [INFO] [*] Loaded strategy: news_sentiment
2026-05-07 12:17:08,678 [INFO] [*] Loaded strategy: rsi_reversion
2026-05-07 12:17:08,678 [INFO] [*] Loaded strategy: bollinger_reversion
2026-05-07 12:17:08,679 [INFO] [*] Loaded strategy: macd_momentum
2026-05-07 12:17:08,680 [INFO] [*] Loaded strategy: small_cap_volatility
2026-05-07 12:17:08,680 [INFO] [*] Starting daily technical analysis...
2026-05-07 12:17:11,937 [INFO] [+] [macd_momentum] BOUGHT 5 ATCO-A.ST
2026-05-07 12:17:13,247 [INFO] [*] Daily analysis complete.
2026-05-07 12:17:13,247 [INFO] [*] Checking for live news...
2026-05-07 15:13:17,069 [INFO] [*] Loaded strategy: sma_trend
2026-05-07 15:13:17,078 [INFO] [*] Loaded strategy: news_sentiment
2026-05-07 15:13:17,079 [INFO] [*] Loaded strategy: rsi_reversion
2026-05-07 15:13:17,080 [INFO] [*] Loaded strategy: bollinger_reversion
2026-05-07 15:13:17,081 [INFO] [*] Loaded strategy: macd_momentum
2026-05-07 15:13:17,082 [INFO] [*] Loaded strategy: small_cap_volatility
2026-05-07 15:13:17,082 [INFO] [*] Starting daily technical analysis...
2026-05-07 15:13:23,142 [INFO] [*] Daily analysis complete.
2026-05-07 15:13:23,142 [INFO] [*] Checking for live news...
2026-05-07 17:16:47,853 [INFO] [*] Loaded strategy: sma_trend
2026-05-07 17:16:47,861 [INFO] [*] Loaded strategy: news_sentiment
2026-05-07 17:16:47,862 [INFO] [*] Loaded strategy: rsi_reversion
2026-05-07 17:16:47,862 [INFO] [*] Loaded strategy: bollinger_reversion
2026-05-07 17:16:47,863 [INFO] [*] Loaded strategy: macd_momentum
2026-05-07 17:16:47,864 [INFO] [*] Loaded strategy: small_cap_volatility
2026-05-07 17:16:47,864 [INFO] [*] Starting daily technical analysis...
2026-05-07 17:16:53,084 [INFO] [*] Daily analysis complete.
2026-05-07 17:16:53,084 [INFO] [*] Checking for live news...
2026-05-07 18:20:21,397 [INFO] [*] Loaded strategy: sma_trend
2026-05-07 18:20:21,407 [INFO] [*] Loaded strategy: news_sentiment
2026-05-07 18:20:21,408 [INFO] [*] Loaded strategy: rsi_reversion
2026-05-07 18:20:21,409 [INFO] [*] Loaded strategy: bollinger_reversion
2026-05-07 18:20:21,410 [INFO] [*] Loaded strategy: macd_momentum
2026-05-07 18:20:21,411 [INFO] [*] Loaded strategy: small_cap_volatility
2026-05-07 18:20:21,411 [INFO] [*] Starting daily technical analysis...
2026-05-07 18:20:25,672 [INFO] [*] Daily analysis complete.
2026-05-07 18:20:25,672 [INFO] [*] Checking for live news...
2026-05-08 09:23:08,561 [INFO] [*] Loaded strategy: sma_trend
2026-05-08 09:23:08,571 [INFO] [*] Loaded strategy: news_sentiment
2026-05-08 09:23:08,572 [INFO] [*] Loaded strategy: rsi_reversion
2026-05-08 09:23:08,573 [INFO] [*] Loaded strategy: bollinger_reversion
2026-05-08 09:23:08,574 [INFO] [*] Loaded strategy: macd_momentum
2026-05-08 09:23:08,575 [INFO] [*] Loaded strategy: small_cap_volatility
2026-05-08 09:23:08,575 [INFO] [*] Starting daily technical analysis...
2026-05-08 09:23:12,167 [INFO] [-] [sma_trend] SOLD NDA-SE.ST
2026-05-08 09:23:13,087 [INFO] [+] [sma_trend] BOUGHT 1 ABB.ST
2026-05-08 09:23:16,370 [INFO] [*] Daily analysis complete.
2026-05-08 09:23:16,370 [INFO] [*] Checking for live news...
2026-05-08 10:53:33,226 [INFO] [*] Loaded strategy: sma_trend
2026-05-08 10:53:33,236 [INFO] [*] Loaded strategy: news_sentiment
2026-05-08 10:53:33,237 [INFO] [*] Loaded strategy: rsi_reversion
2026-05-08 10:53:33,238 [INFO] [*] Loaded strategy: bollinger_reversion
2026-05-08 10:53:33,239 [INFO] [*] Loaded strategy: macd_momentum
2026-05-08 10:53:33,240 [INFO] [*] Loaded strategy: small_cap_volatility
2026-05-08 10:53:33,240 [INFO] [*] Starting daily technical analysis...
2026-05-08 10:53:36,619 [INFO] [-] [small_cap_volatility] SOLD SINCH.ST
2026-05-08 10:53:37,281 [INFO] [*] Daily analysis complete.
2026-05-08 10:53:37,281 [INFO] [*] Checking for live news...
2026-05-08 12:09:04,322 [INFO] [*] Loaded strategy: sma_trend
2026-05-08 12:09:04,332 [INFO] [*] Loaded strategy: news_sentiment
2026-05-08 12:09:04,333 [INFO] [*] Loaded strategy: rsi_reversion
2026-05-08 12:09:04,334 [INFO] [*] Loaded strategy: bollinger_reversion
2026-05-08 12:09:04,335 [INFO] [*] Loaded strategy: macd_momentum
2026-05-08 12:09:04,335 [INFO] [*] Loaded strategy: small_cap_volatility
2026-05-08 12:09:04,336 [INFO] [*] Starting daily technical analysis...
2026-05-08 12:09:08,052 [INFO] [*] Daily analysis complete.
2026-05-08 12:09:08,052 [INFO] [*] Checking for live news...
2026-05-08 14:23:23,088 [INFO] [*] Loaded strategy: sma_trend
2026-05-08 14:23:23,098 [INFO] [*] Loaded strategy: news_sentiment
2026-05-08 14:23:23,099 [INFO] [*] Loaded strategy: rsi_reversion
2026-05-08 14:23:23,100 [INFO] [*] Loaded strategy: bollinger_reversion
2026-05-08 14:23:23,101 [INFO] [*] Loaded strategy: macd_momentum
2026-05-08 14:23:23,102 [INFO] [*] Loaded strategy: small_cap_volatility
2026-05-08 14:23:23,102 [INFO] [*] Starting daily technical analysis...
2026-05-08 14:23:26,677 [INFO] [+] [bollinger_reversion] BOUGHT 2 SAND.ST
2026-05-08 14:23:27,300 [INFO] [+] [small_cap_volatility] BOUGHT 25 SINCH.ST
2026-05-08 14:23:27,654 [INFO] [+] [bollinger_reversion] BOUGHT 71 FING-B.ST
2026-05-08 14:23:28,198 [INFO] [*] Daily analysis complete.
2026-05-08 14:23:28,198 [INFO] [*] Checking for live news...
2026-05-08 15:59:20,025 [INFO] [*] Loaded strategy: sma_trend
2026-05-08 15:59:20,035 [INFO] [*] Loaded strategy: news_sentiment
2026-05-08 15:59:20,036 [INFO] [*] Loaded strategy: rsi_reversion
2026-05-08 15:59:20,037 [INFO] [*] Loaded strategy: bollinger_reversion
2026-05-08 15:59:20,038 [INFO] [*] Loaded strategy: macd_momentum
2026-05-08 15:59:20,039 [INFO] [*] Loaded strategy: small_cap_volatility
2026-05-08 15:59:20,039 [INFO] [*] Starting daily technical analysis...
2026-05-08 15:59:27,663 [INFO] [*] Daily analysis complete.
2026-05-08 15:59:27,663 [INFO] [*] Checking for live news...
2026-05-08 17:40:41,880 [INFO] [*] Loaded strategy: sma_trend
2026-05-08 17:40:41,890 [INFO] [*] Loaded strategy: news_sentiment
2026-05-08 17:40:41,891 [INFO] [*] Loaded strategy: rsi_reversion
2026-05-08 17:40:41,891 [INFO] [*] Loaded strategy: bollinger_reversion
2026-05-08 17:40:41,892 [INFO] [*] Loaded strategy: macd_momentum
2026-05-08 17:40:41,893 [INFO] [*] Loaded strategy: small_cap_volatility
2026-05-08 17:40:41,893 [INFO] [*] Starting daily technical analysis...
2026-05-08 17:40:46,761 [INFO] [*] Daily analysis complete.
2026-05-08 17:40:46,761 [INFO] [*] Checking for live news...
2026-05-08 18:06:41,388 [INFO] [*] Loaded strategy: sma_trend
2026-05-08 18:06:41,398 [INFO] [*] Loaded strategy: news_sentiment
2026-05-08 18:06:41,399 [INFO] [*] Loaded strategy: rsi_reversion
2026-05-08 18:06:41,400 [INFO] [*] Loaded strategy: bollinger_reversion
2026-05-08 18:06:41,400 [INFO] [*] Loaded strategy: macd_momentum
2026-05-08 18:06:41,401 [INFO] [*] Loaded strategy: small_cap_volatility
2026-05-08 18:06:41,401 [INFO] [*] Starting daily technical analysis...
2026-05-08 18:06:45,952 [INFO] [*] Daily analysis complete.
2026-05-08 18:06:45,952 [INFO] [*] Checking for live news...
2026-05-11 11:23:34,004 [INFO] [*] Loaded strategy: sma_trend
2026-05-11 11:23:34,013 [INFO] [*] Loaded strategy: news_sentiment
2026-05-11 11:23:34,014 [INFO] [*] Loaded strategy: rsi_reversion
2026-05-11 11:23:34,015 [INFO] [*] Loaded strategy: bollinger_reversion
2026-05-11 11:23:34,016 [INFO] [*] Loaded strategy: macd_momentum
2026-05-11 11:23:34,017 [INFO] [*] Loaded strategy: small_cap_volatility
2026-05-11 11:23:34,017 [INFO] [*] Starting daily technical analysis...
2026-05-11 11:23:38,268 [INFO] [*] Daily analysis complete.
2026-05-11 11:23:38,269 [INFO] [*] Checking for live news...
2026-05-11 14:03:43,873 [INFO] [*] Loaded strategy: sma_trend
2026-05-11 14:03:43,883 [INFO] [*] Loaded strategy: news_sentiment
2026-05-11 14:03:43,884 [INFO] [*] Loaded strategy: rsi_reversion
2026-05-11 14:03:43,885 [INFO] [*] Loaded strategy: bollinger_reversion
2026-05-11 14:03:43,886 [INFO] [*] Loaded strategy: macd_momentum
2026-05-11 14:03:43,887 [INFO] [*] Loaded strategy: small_cap_volatility
2026-05-11 14:03:43,887 [INFO] [*] Starting daily technical analysis...
2026-05-11 14:03:46,904 [INFO] [-] [rsi_reversion] SOLD ERIC-B.ST
2026-05-11 14:03:50,146 [INFO] [+] [rsi_reversion] BOUGHT 19 G5EN.ST
2026-05-11 14:03:50,597 [INFO] [*] Daily analysis complete.
2026-05-11 14:03:50,597 [INFO] [*] Checking for live news...
2026-05-11 17:08:55,973 [INFO] [*] Loaded strategy: sma_trend
2026-05-11 17:08:55,981 [INFO] [*] Loaded strategy: news_sentiment
2026-05-11 17:08:55,982 [INFO] [*] Loaded strategy: rsi_reversion
2026-05-11 17:08:55,983 [INFO] [*] Loaded strategy: bollinger_reversion
2026-05-11 17:08:55,984 [INFO] [*] Loaded strategy: macd_momentum
2026-05-11 17:08:55,984 [INFO] [*] Loaded strategy: small_cap_volatility
2026-05-11 17:08:55,984 [INFO] [*] Starting daily technical analysis...
2026-05-11 17:09:00,699 [INFO] [*] Daily analysis complete.
2026-05-11 17:09:00,699 [INFO] [*] Checking for live news...
2026-05-11 18:54:35,879 [INFO] [*] Loaded strategy: sma_trend
2026-05-11 18:54:35,889 [INFO] [*] Loaded strategy: news_sentiment
2026-05-11 18:54:35,890 [INFO] [*] Loaded strategy: rsi_reversion
2026-05-11 18:54:35,891 [INFO] [*] Loaded strategy: bollinger_reversion
2026-05-11 18:54:35,892 [INFO] [*] Loaded strategy: macd_momentum
2026-05-11 18:54:35,893 [INFO] [*] Loaded strategy: small_cap_volatility
2026-05-11 18:54:35,893 [INFO] [*] Starting daily technical analysis...
2026-05-11 18:54:40,235 [INFO] [*] Daily analysis complete.
2026-05-11 18:54:40,235 [INFO] [*] Checking for live news...
2026-05-12 10:32:45,087 [INFO] [*] Loaded strategy: sma_trend
2026-05-12 10:32:45,097 [INFO] [*] Loaded strategy: news_sentiment
2026-05-12 10:32:45,098 [INFO] [*] Loaded strategy: rsi_reversion
2026-05-12 10:32:45,099 [INFO] [*] Loaded strategy: bollinger_reversion
2026-05-12 10:32:45,100 [INFO] [*] Loaded strategy: macd_momentum
2026-05-12 10:32:45,101 [INFO] [*] Loaded strategy: small_cap_volatility
2026-05-12 10:32:45,101 [INFO] [*] Starting daily technical analysis...
2026-05-12 10:32:45,780 [INFO] [-] [macd_momentum] SOLD VOLV-B.ST
2026-05-12 10:32:49,083 [INFO] [-] [bollinger_reversion] SOLD FING-B.ST
2026-05-12 10:32:49,488 [INFO] [+] [bollinger_reversion] BOUGHT 7 BETCO.ST
2026-05-12 10:32:49,965 [INFO] [+] [macd_momentum] BOUGHT 8 CAST.ST
2026-05-12 10:32:49,965 [INFO] [*] Daily analysis complete.
2026-05-12 10:32:49,966 [INFO] [*] Checking for live news...
2026-05-12 13:04:17,746 [INFO] [*] Loaded strategy: sma_trend
2026-05-12 13:04:17,756 [INFO] [*] Loaded strategy: news_sentiment
2026-05-12 13:04:17,757 [INFO] [*] Loaded strategy: rsi_reversion
2026-05-12 13:04:17,758 [INFO] [*] Loaded strategy: bollinger_reversion
2026-05-12 13:04:17,759 [INFO] [*] Loaded strategy: macd_momentum
2026-05-12 13:04:17,760 [INFO] [*] Loaded strategy: small_cap_volatility
2026-05-12 13:04:17,760 [INFO] [*] Starting daily technical analysis...
2026-05-12 13:04:22,142 [INFO] [*] Daily analysis complete.
2026-05-12 13:04:22,142 [INFO] [*] Checking for live news...
2026-05-12 16:01:32,149 [INFO] [*] Loaded strategy: sma_trend
2026-05-12 16:01:32,158 [INFO] [*] Loaded strategy: news_sentiment
2026-05-12 16:01:32,159 [INFO] [*] Loaded strategy: rsi_reversion
2026-05-12 16:01:32,160 [INFO] [*] Loaded strategy: bollinger_reversion
2026-05-12 16:01:32,161 [INFO] [*] Loaded strategy: macd_momentum
2026-05-12 16:01:32,162 [INFO] [*] Loaded strategy: small_cap_volatility
2026-05-12 16:01:32,162 [INFO] [*] Starting daily technical analysis...
2026-05-12 16:01:41,297 [INFO] [*] Daily analysis complete.
2026-05-12 16:01:41,297 [INFO] [*] Checking for live news...
2026-05-12 18:22:55,590 [INFO] [*] Loaded strategy: sma_trend
2026-05-12 18:22:55,600 [INFO] [*] Loaded strategy: news_sentiment
2026-05-12 18:22:55,601 [INFO] [*] Loaded strategy: rsi_reversion
2026-05-12 18:22:55,602 [INFO] [*] Loaded strategy: bollinger_reversion
2026-05-12 18:22:55,603 [INFO] [*] Loaded strategy: macd_momentum
2026-05-12 18:22:55,604 [INFO] [*] Loaded strategy: small_cap_volatility
2026-05-12 18:22:55,604 [INFO] [*] Starting daily technical analysis...
2026-05-12 18:22:59,873 [INFO] [*] Daily analysis complete.
2026-05-12 18:22:59,873 [INFO] [*] Checking for live news...
2026-05-12 18:53:35,429 [INFO] [*] Loaded strategy: sma_trend
2026-05-12 18:53:35,439 [INFO] [*] Loaded strategy: news_sentiment
2026-05-12 18:53:35,440 [INFO] [*] Loaded strategy: rsi_reversion
2026-05-12 18:53:35,441 [INFO] [*] Loaded strategy: bollinger_reversion
2026-05-12 18:53:35,442 [INFO] [*] Loaded strategy: macd_momentum
2026-05-12 18:53:35,442 [INFO] [*] Loaded strategy: small_cap_volatility
2026-05-12 18:53:35,443 [INFO] [*] Starting daily technical analysis...
2026-05-12 18:53:39,606 [INFO] [*] Daily analysis complete.
2026-05-12 18:53:39,607 [INFO] [*] Checking for live news...
2026-05-13 10:28:55,865 [INFO] [*] Loaded strategy: sma_trend
2026-05-13 10:28:55,875 [INFO] [*] Loaded strategy: news_sentiment
2026-05-13 10:28:55,875 [INFO] [*] Loaded strategy: rsi_reversion
2026-05-13 10:28:55,876 [INFO] [*] Loaded strategy: bollinger_reversion
2026-05-13 10:28:55,877 [INFO] [*] Loaded strategy: macd_momentum
2026-05-13 10:28:55,878 [INFO] [*] Loaded strategy: small_cap_volatility
2026-05-13 10:28:55,878 [INFO] [*] Starting daily technical analysis...
2026-05-13 10:28:58,623 [INFO] [+] [bollinger_reversion] BOUGHT 5 NDA-SE.ST
2026-05-13 10:29:01,018 [INFO] [*] Daily analysis complete.
2026-05-13 10:29:01,019 [INFO] [*] Checking for live news...
2026-05-13 12:29:08,984 [INFO] [*] Loaded strategy: sma_trend
2026-05-13 12:29:08,994 [INFO] [*] Loaded strategy: news_sentiment
2026-05-13 12:29:08,995 [INFO] [*] Loaded strategy: rsi_reversion
2026-05-13 12:29:08,996 [INFO] [*] Loaded strategy: bollinger_reversion
2026-05-13 12:29:08,997 [INFO] [*] Loaded strategy: macd_momentum
2026-05-13 12:29:08,998 [INFO] [*] Loaded strategy: small_cap_volatility
2026-05-13 12:29:08,998 [INFO] [*] Starting daily technical analysis...
2026-05-13 12:29:14,385 [INFO] [*] Daily analysis complete.
2026-05-13 12:29:14,385 [INFO] [*] Checking for live news...
2026-05-13 15:27:17,720 [INFO] [*] Loaded strategy: sma_trend
2026-05-13 15:27:17,730 [INFO] [*] Loaded strategy: news_sentiment
2026-05-13 15:27:17,731 [INFO] [*] Loaded strategy: rsi_reversion
2026-05-13 15:27:17,732 [INFO] [*] Loaded strategy: bollinger_reversion
2026-05-13 15:27:17,733 [INFO] [*] Loaded strategy: macd_momentum
2026-05-13 15:27:17,734 [INFO] [*] Loaded strategy: small_cap_volatility
2026-05-13 15:27:17,734 [INFO] [*] Starting daily technical analysis...
2026-05-13 15:27:25,686 [INFO] [*] Daily analysis complete.
2026-05-13 15:27:25,686 [INFO] [*] Checking for live news...
2026-05-13 17:36:30,101 [INFO] [*] Loaded strategy: sma_trend
2026-05-13 17:36:30,111 [INFO] [*] Loaded strategy: news_sentiment
2026-05-13 17:36:30,112 [INFO] [*] Loaded strategy: rsi_reversion
2026-05-13 17:36:30,112 [INFO] [*] Loaded strategy: bollinger_reversion
2026-05-13 17:36:30,113 [INFO] [*] Loaded strategy: macd_momentum
2026-05-13 17:36:30,114 [INFO] [*] Loaded strategy: small_cap_volatility
2026-05-13 17:36:30,114 [INFO] [*] Starting daily technical analysis...
2026-05-13 17:36:38,044 [INFO] [*] Daily analysis complete.
2026-05-13 17:36:38,044 [INFO] [*] Checking for live news...
2026-05-13 18:54:24,380 [INFO] [*] Loaded strategy: sma_trend
2026-05-13 18:54:24,390 [INFO] [*] Loaded strategy: news_sentiment
2026-05-13 18:54:24,391 [INFO] [*] Loaded strategy: rsi_reversion
2026-05-13 18:54:24,392 [INFO] [*] Loaded strategy: bollinger_reversion
2026-05-13 18:54:24,393 [INFO] [*] Loaded strategy: macd_momentum
2026-05-13 18:54:24,394 [INFO] [*] Loaded strategy: small_cap_volatility
2026-05-13 18:54:24,394 [INFO] [*] Starting daily technical analysis...
2026-05-13 18:54:32,033 [INFO] [*] Daily analysis complete.
2026-05-13 18:54:32,033 [INFO] [*] Checking for live news...
2026-05-14 10:18:26,664 [INFO] [*] Loaded strategy: sma_trend
2026-05-14 10:18:26,674 [INFO] [*] Loaded strategy: news_sentiment
2026-05-14 10:18:26,675 [INFO] [*] Loaded strategy: rsi_reversion
2026-05-14 10:18:26,676 [INFO] [*] Loaded strategy: bollinger_reversion
2026-05-14 10:18:26,677 [INFO] [*] Loaded strategy: macd_momentum
2026-05-14 10:18:26,677 [INFO] [*] Loaded strategy: small_cap_volatility
2026-05-14 10:18:26,678 [INFO] [*] Starting daily technical analysis...
2026-05-14 10:18:33,816 [INFO] [*] Daily analysis complete.
2026-05-14 10:18:33,816 [INFO] [*] Checking for live news...
2026-05-14 12:11:22,793 [INFO] [*] Loaded strategy: sma_trend
2026-05-14 12:11:22,803 [INFO] [*] Loaded strategy: news_sentiment
2026-05-14 12:11:22,804 [INFO] [*] Loaded strategy: rsi_reversion
2026-05-14 12:11:22,805 [INFO] [*] Loaded strategy: bollinger_reversion
2026-05-14 12:11:22,806 [INFO] [*] Loaded strategy: macd_momentum
2026-05-14 12:11:22,806 [INFO] [*] Loaded strategy: small_cap_volatility
2026-05-14 12:11:22,807 [INFO] [*] Starting daily technical analysis...
2026-05-14 12:11:30,953 [INFO] [*] Daily analysis complete.
2026-05-14 12:11:30,954 [INFO] [*] Checking for live news...
2026-05-14 15:06:14,531 [INFO] [*] Loaded strategy: sma_trend
2026-05-14 15:06:14,541 [INFO] [*] Loaded strategy: news_sentiment
2026-05-14 15:06:14,542 [INFO] [*] Loaded strategy: rsi_reversion
2026-05-14 15:06:14,543 [INFO] [*] Loaded strategy: bollinger_reversion
2026-05-14 15:06:14,544 [INFO] [*] Loaded strategy: macd_momentum
2026-05-14 15:06:14,545 [INFO] [*] Loaded strategy: small_cap_volatility
2026-05-14 15:06:14,545 [INFO] [*] Starting daily technical analysis...
2026-05-14 15:06:22,998 [INFO] [*] Daily analysis complete.
2026-05-14 15:06:22,998 [INFO] [*] Checking for live news...
2026-05-14 17:19:22,917 [INFO] [*] Loaded strategy: sma_trend
2026-05-14 17:19:22,926 [INFO] [*] Loaded strategy: news_sentiment
2026-05-14 17:19:22,928 [INFO] [*] Loaded strategy: rsi_reversion
2026-05-14 17:19:22,928 [INFO] [*] Loaded strategy: bollinger_reversion
2026-05-14 17:19:22,929 [INFO] [*] Loaded strategy: macd_momentum
2026-05-14 17:19:22,930 [INFO] [*] Loaded strategy: small_cap_volatility
2026-05-14 17:19:22,930 [INFO] [*] Starting daily technical analysis...
2026-05-14 17:19:30,885 [INFO] [*] Daily analysis complete.
2026-05-14 17:19:30,885 [INFO] [*] Checking for live news...
2026-05-14 18:51:06,647 [INFO] [*] Loaded strategy: sma_trend
2026-05-14 18:51:06,657 [INFO] [*] Loaded strategy: news_sentiment
2026-05-14 18:51:06,658 [INFO] [*] Loaded strategy: rsi_reversion
2026-05-14 18:51:06,659 [INFO] [*] Loaded strategy: bollinger_reversion
2026-05-14 18:51:06,659 [INFO] [*] Loaded strategy: macd_momentum
2026-05-14 18:51:06,660 [INFO] [*] Loaded strategy: small_cap_volatility
2026-05-14 18:51:06,660 [INFO] [*] Starting daily technical analysis...
2026-05-14 18:51:15,281 [INFO] [*] Daily analysis complete.
2026-05-14 18:51:15,282 [INFO] [*] Checking for live news...
2026-05-15 10:25:11,419 [INFO] [*] Loaded strategy: sma_trend
2026-05-15 10:25:11,428 [INFO] [*] Loaded strategy: news_sentiment
2026-05-15 10:25:11,429 [INFO] [*] Loaded strategy: rsi_reversion
2026-05-15 10:25:11,430 [INFO] [*] Loaded strategy: bollinger_reversion
2026-05-15 10:25:11,431 [INFO] [*] Loaded strategy: macd_momentum
2026-05-15 10:25:11,431 [INFO] [*] Loaded strategy: small_cap_volatility
2026-05-15 10:25:11,431 [INFO] [*] Starting daily technical analysis...
2026-05-15 10:25:18,579 [INFO] [-] [bollinger_reversion] SOLD G5EN.ST
2026-05-15 10:25:18,995 [INFO] [*] Daily analysis complete.
2026-05-15 10:25:18,995 [INFO] [*] Checking for live news...
2026-05-15 12:17:50,742 [INFO] [*] Loaded strategy: sma_trend
2026-05-15 12:17:50,750 [INFO] [*] Loaded strategy: news_sentiment
2026-05-15 12:17:50,751 [INFO] [*] Loaded strategy: rsi_reversion
2026-05-15 12:17:50,751 [INFO] [*] Loaded strategy: bollinger_reversion
2026-05-15 12:17:50,752 [INFO] [*] Loaded strategy: macd_momentum
2026-05-15 12:17:50,753 [INFO] [*] Loaded strategy: small_cap_volatility
2026-05-15 12:17:50,753 [INFO] [*] Starting daily technical analysis...
2026-05-15 12:17:58,941 [INFO] [*] Daily analysis complete.
2026-05-15 12:17:58,941 [INFO] [*] Checking for live news...
2026-05-15 15:01:00,670 [INFO] [*] Loaded strategy: sma_trend
2026-05-15 15:01:00,680 [INFO] [*] Loaded strategy: news_sentiment
2026-05-15 15:01:00,681 [INFO] [*] Loaded strategy: rsi_reversion
2026-05-15 15:01:00,682 [INFO] [*] Loaded strategy: bollinger_reversion
2026-05-15 15:01:00,683 [INFO] [*] Loaded strategy: macd_momentum
2026-05-15 15:01:00,684 [INFO] [*] Loaded strategy: small_cap_volatility
2026-05-15 15:01:00,684 [INFO] [*] Starting daily technical analysis...
2026-05-15 15:01:08,377 [INFO] [+] [bollinger_reversion] BOUGHT 72 FING-B.ST
2026-05-15 15:01:09,254 [INFO] [*] Daily analysis complete.
2026-05-15 15:01:09,254 [INFO] [*] Checking for live news...
2026-05-15 17:09:22,935 [INFO] [*] Loaded strategy: sma_trend
2026-05-15 17:09:22,945 [INFO] [*] Loaded strategy: news_sentiment
2026-05-15 17:09:22,946 [INFO] [*] Loaded strategy: rsi_reversion
2026-05-15 17:09:22,947 [INFO] [*] Loaded strategy: bollinger_reversion
2026-05-15 17:09:22,948 [INFO] [*] Loaded strategy: macd_momentum
2026-05-15 17:09:22,949 [INFO] [*] Loaded strategy: small_cap_volatility
2026-05-15 17:09:22,949 [INFO] [*] Starting daily technical analysis...
2026-05-15 17:09:30,779 [INFO] [*] Daily analysis complete.
2026-05-15 17:09:30,780 [INFO] [*] Checking for live news...
2026-05-15 18:18:46,141 [INFO] [*] Loaded strategy: sma_trend
2026-05-15 18:18:46,151 [INFO] [*] Loaded strategy: news_sentiment
2026-05-15 18:18:46,152 [INFO] [*] Loaded strategy: rsi_reversion
2026-05-15 18:18:46,152 [INFO] [*] Loaded strategy: bollinger_reversion
2026-05-15 18:18:46,153 [INFO] [*] Loaded strategy: macd_momentum
2026-05-15 18:18:46,154 [INFO] [*] Loaded strategy: small_cap_volatility
2026-05-15 18:18:46,154 [INFO] [*] Starting daily technical analysis...
2026-05-15 18:18:53,715 [INFO] [*] Daily analysis complete.
2026-05-15 18:18:53,715 [INFO] [*] Checking for live news...
2026-05-18 11:45:04,584 [INFO] [*] Loaded strategy: sma_trend
2026-05-18 11:45:04,594 [INFO] [*] Loaded strategy: news_sentiment
2026-05-18 11:45:04,595 [INFO] [*] Loaded strategy: rsi_reversion
2026-05-18 11:45:04,596 [INFO] [*] Loaded strategy: bollinger_reversion
2026-05-18 11:45:04,597 [INFO] [*] Loaded strategy: macd_momentum
2026-05-18 11:45:04,598 [INFO] [*] Loaded strategy: small_cap_volatility
2026-05-18 11:45:04,598 [INFO] [*] Starting daily technical analysis...
2026-05-18 11:45:08,464 [INFO] [-] [bollinger_reversion] SOLD NDA-SE.ST
2026-05-18 11:45:11,430 [INFO] [-] [bollinger_reversion] SOLD SBB-B.ST
2026-05-18 11:45:12,573 [INFO] [*] Daily analysis complete.
2026-05-18 11:45:12,573 [INFO] [*] Checking for live news...
2026-05-18 15:35:04,474 [INFO] [*] Loaded strategy: sma_trend
2026-05-18 15:35:04,484 [INFO] [*] Loaded strategy: news_sentiment
2026-05-18 15:35:04,485 [INFO] [*] Loaded strategy: rsi_reversion
2026-05-18 15:35:04,486 [INFO] [*] Loaded strategy: bollinger_reversion
2026-05-18 15:35:04,487 [INFO] [*] Loaded strategy: macd_momentum
2026-05-18 15:35:04,488 [INFO] [*] Loaded strategy: small_cap_volatility
2026-05-18 15:35:04,488 [INFO] [*] Starting daily technical analysis...
2026-05-18 15:35:08,732 [INFO] [*] Daily analysis complete.
2026-05-18 15:35:08,732 [INFO] [*] Checking for live news...
2026-05-18 18:01:55,584 [INFO] [*] Loaded strategy: sma_trend
2026-05-18 18:01:55,601 [INFO] [*] Loaded strategy: news_sentiment
2026-05-18 18:01:55,602 [INFO] [*] Loaded strategy: rsi_reversion
2026-05-18 18:01:55,603 [INFO] [*] Loaded strategy: bollinger_reversion
2026-05-18 18:01:55,604 [INFO] [*] Loaded strategy: macd_momentum
2026-05-18 18:01:55,605 [INFO] [*] Loaded strategy: small_cap_volatility
2026-05-18 18:01:55,606 [INFO] [*] Starting daily technical analysis...
2026-05-18 18:02:00,210 [INFO] [*] Daily analysis complete.
2026-05-18 18:02:00,210 [INFO] [*] Checking for live news...
2026-05-18 18:28:52,945 [INFO] [*] Loaded strategy: sma_trend
2026-05-18 18:28:52,955 [INFO] [*] Loaded strategy: news_sentiment
2026-05-18 18:28:52,956 [INFO] [*] Loaded strategy: rsi_reversion
2026-05-18 18:28:52,957 [INFO] [*] Loaded strategy: bollinger_reversion
2026-05-18 18:28:52,958 [INFO] [*] Loaded strategy: macd_momentum
2026-05-18 18:28:52,959 [INFO] [*] Loaded strategy: small_cap_volatility
2026-05-18 18:28:52,959 [INFO] [*] Starting daily technical analysis...
2026-05-18 18:29:01,105 [INFO] [*] Daily analysis complete.
2026-05-18 18:29:01,105 [INFO] [*] Checking for live news...
2026-05-19 11:19:03,213 [INFO] [*] Loaded strategy: sma_trend
2026-05-19 11:19:03,223 [INFO] [*] Loaded strategy: news_sentiment
2026-05-19 11:19:03,224 [INFO] [*] Loaded strategy: rsi_reversion
2026-05-19 11:19:03,224 [INFO] [*] Loaded strategy: bollinger_reversion
2026-05-19 11:19:03,225 [INFO] [*] Loaded strategy: macd_momentum
2026-05-19 11:19:03,226 [INFO] [*] Loaded strategy: small_cap_volatility
2026-05-19 11:19:03,226 [INFO] [*] Starting daily technical analysis...
2026-05-19 11:19:08,867 [INFO] [-] [rsi_reversion] SOLD SWED-A.ST
2026-05-19 11:19:09,335 [INFO] [-] [rsi_reversion] SOLD SBB-B.ST
2026-05-19 11:19:10,295 [INFO] [*] Daily analysis complete.
2026-05-19 11:19:10,295 [INFO] [*] Checking for live news...
2026-05-19 14:10:08,517 [INFO] [*] Loaded strategy: sma_trend
2026-05-19 14:10:08,526 [INFO] [*] Loaded strategy: news_sentiment
2026-05-19 14:10:08,527 [INFO] [*] Loaded strategy: rsi_reversion
2026-05-19 14:10:08,528 [INFO] [*] Loaded strategy: bollinger_reversion
2026-05-19 14:10:08,529 [INFO] [*] Loaded strategy: macd_momentum
2026-05-19 14:10:08,530 [INFO] [*] Loaded strategy: small_cap_volatility
2026-05-19 14:10:08,530 [INFO] [*] Starting daily technical analysis...
2026-05-19 14:10:16,514 [INFO] [*] Daily analysis complete.
2026-05-19 14:10:16,515 [INFO] [*] Checking for live news...
2026-05-19 17:25:38,735 [INFO] [*] Loaded strategy: sma_trend
2026-05-19 17:25:38,745 [INFO] [*] Loaded strategy: news_sentiment
2026-05-19 17:25:38,746 [INFO] [*] Loaded strategy: rsi_reversion
2026-05-19 17:25:38,747 [INFO] [*] Loaded strategy: bollinger_reversion
2026-05-19 17:25:38,748 [INFO] [*] Loaded strategy: macd_momentum
2026-05-19 17:25:38,749 [INFO] [*] Loaded strategy: small_cap_volatility
2026-05-19 17:25:38,749 [INFO] [*] Starting daily technical analysis...
2026-05-19 17:25:42,546 [INFO] [+] [small_cap_volatility] BOUGHT 249 SBB-B.ST
2026-05-19 17:25:43,210 [INFO] [*] Daily analysis complete.
2026-05-19 17:25:43,210 [INFO] [*] Checking for live news...
2026-05-19 18:57:08,273 [INFO] [*] Loaded strategy: sma_trend
2026-05-19 18:57:08,283 [INFO] [*] Loaded strategy: news_sentiment
2026-05-19 18:57:08,284 [INFO] [*] Loaded strategy: rsi_reversion
2026-05-19 18:57:08,285 [INFO] [*] Loaded strategy: bollinger_reversion
2026-05-19 18:57:08,286 [INFO] [*] Loaded strategy: macd_momentum
2026-05-19 18:57:08,287 [INFO] [*] Loaded strategy: small_cap_volatility
2026-05-19 18:57:08,287 [INFO] [*] Starting daily technical analysis...
2026-05-19 18:57:16,411 [INFO] [*] Daily analysis complete.
2026-05-19 18:57:16,411 [INFO] [*] Checking for live news...
2026-05-20 10:51:45,699 [INFO] [*] Loaded strategy: sma_trend
2026-05-20 10:51:45,709 [INFO] [*] Loaded strategy: news_sentiment
2026-05-20 10:51:45,710 [INFO] [*] Loaded strategy: rsi_reversion
2026-05-20 10:51:45,711 [INFO] [*] Loaded strategy: bollinger_reversion
2026-05-20 10:51:45,712 [INFO] [*] Loaded strategy: macd_momentum
2026-05-20 10:51:45,713 [INFO] [*] Loaded strategy: small_cap_volatility
2026-05-20 10:51:45,713 [INFO] [*] Starting daily technical analysis...
2026-05-20 10:51:52,544 [INFO] [*] Daily analysis complete.
2026-05-20 10:51:52,544 [INFO] [*] Checking for live news...
2026-05-20 13:39:57,146 [INFO] [*] Loaded strategy: sma_trend
2026-05-20 13:39:57,157 [INFO] [*] Loaded strategy: news_sentiment
2026-05-20 13:39:57,158 [INFO] [*] Loaded strategy: rsi_reversion
2026-05-20 13:39:57,159 [INFO] [*] Loaded strategy: bollinger_reversion
2026-05-20 13:39:57,160 [INFO] [*] Loaded strategy: macd_momentum
2026-05-20 13:39:57,161 [INFO] [*] Loaded strategy: small_cap_volatility
2026-05-20 13:39:57,161 [INFO] [*] Starting daily technical analysis...
2026-05-20 13:40:05,380 [INFO] [*] Daily analysis complete.
2026-05-20 13:40:05,380 [INFO] [*] Checking for live news...
2026-05-20 16:56:12,546 [INFO] [*] Loaded strategy: sma_trend
2026-05-20 16:56:12,555 [INFO] [*] Loaded strategy: news_sentiment
2026-05-20 16:56:12,556 [INFO] [*] Loaded strategy: rsi_reversion
2026-05-20 16:56:12,557 [INFO] [*] Loaded strategy: bollinger_reversion
2026-05-20 16:56:12,557 [INFO] [*] Loaded strategy: macd_momentum
2026-05-20 16:56:12,558 [INFO] [*] Loaded strategy: small_cap_volatility
2026-05-20 16:56:12,558 [INFO] [*] Starting daily technical analysis...
2026-05-20 16:56:18,097 [INFO] [*] Daily analysis complete.
2026-05-20 16:56:18,097 [INFO] [*] Checking for live news...
2026-05-20 19:21:03,800 [INFO] [*] Loaded strategy: sma_trend
2026-05-20 19:21:03,810 [INFO] [*] Loaded strategy: news_sentiment
2026-05-20 19:21:03,811 [INFO] [*] Loaded strategy: rsi_reversion
2026-05-20 19:21:03,812 [INFO] [*] Loaded strategy: bollinger_reversion
2026-05-20 19:21:03,813 [INFO] [*] Loaded strategy: macd_momentum
2026-05-20 19:21:03,814 [INFO] [*] Loaded strategy: small_cap_volatility
2026-05-20 19:21:03,814 [INFO] [*] Starting daily technical analysis...
2026-05-20 19:21:11,633 [INFO] [*] Daily analysis complete.
2026-05-20 19:21:11,633 [INFO] [*] Checking for live news...
2026-05-21 11:27:12,136 [INFO] [*] Loaded strategy: sma_trend
2026-05-21 11:27:12,146 [INFO] [*] Loaded strategy: news_sentiment
2026-05-21 11:27:12,147 [INFO] [*] Loaded strategy: rsi_reversion
2026-05-21 11:27:12,148 [INFO] [*] Loaded strategy: bollinger_reversion
2026-05-21 11:27:12,149 [INFO] [*] Loaded strategy: macd_momentum
2026-05-21 11:27:12,150 [INFO] [*] Loaded strategy: small_cap_volatility
2026-05-21 11:27:12,150 [INFO] [*] Starting daily technical analysis...
2026-05-21 11:27:19,961 [INFO] [+] [rsi_reversion] BOUGHT 7 BETCO.ST
2026-05-21 11:27:20,379 [INFO] [*] Daily analysis complete.
2026-05-21 11:27:20,379 [INFO] [*] Checking for live news...
2026-05-21 14:21:51,249 [INFO] [*] Loaded strategy: sma_trend
2026-05-21 14:21:51,259 [INFO] [*] Loaded strategy: news_sentiment
2026-05-21 14:21:51,260 [INFO] [*] Loaded strategy: rsi_reversion
2026-05-21 14:21:51,261 [INFO] [*] Loaded strategy: bollinger_reversion
2026-05-21 14:21:51,261 [INFO] [*] Loaded strategy: macd_momentum
2026-05-21 14:21:51,262 [INFO] [*] Loaded strategy: small_cap_volatility
2026-05-21 14:21:51,262 [INFO] [*] Starting daily technical analysis...
2026-05-21 14:21:59,289 [INFO] [*] Daily analysis complete.
2026-05-21 14:21:59,289 [INFO] [*] Checking for live news...
2026-05-21 17:13:59,694 [INFO] [*] Loaded strategy: sma_trend
2026-05-21 17:13:59,706 [INFO] [*] Loaded strategy: news_sentiment
2026-05-21 17:13:59,708 [INFO] [*] Loaded strategy: rsi_reversion
2026-05-21 17:13:59,709 [INFO] [*] Loaded strategy: bollinger_reversion
2026-05-21 17:13:59,710 [INFO] [*] Loaded strategy: macd_momentum
2026-05-21 17:13:59,711 [INFO] [*] Loaded strategy: small_cap_volatility
2026-05-21 17:13:59,712 [INFO] [*] Starting daily technical analysis...
2026-05-21 17:14:05,477 [INFO] [-] [bollinger_reversion] SOLD SAND.ST
2026-05-21 17:14:07,987 [INFO] [*] Daily analysis complete.
2026-05-21 17:14:07,987 [INFO] [*] Checking for live news...
2026-05-21 19:00:47,499 [INFO] [*] Loaded strategy: sma_trend
2026-05-21 19:00:47,509 [INFO] [*] Loaded strategy: news_sentiment
2026-05-21 19:00:47,510 [INFO] [*] Loaded strategy: rsi_reversion
2026-05-21 19:00:47,511 [INFO] [*] Loaded strategy: bollinger_reversion
2026-05-21 19:00:47,512 [INFO] [*] Loaded strategy: macd_momentum
2026-05-21 19:00:47,512 [INFO] [*] Loaded strategy: small_cap_volatility
2026-05-21 19:00:47,512 [INFO] [*] Starting daily technical analysis...
2026-05-21 19:01:02,733 [INFO] [*] Daily analysis complete.
2026-05-21 19:01:02,733 [INFO] [*] Checking for live news...
2026-05-22 10:52:27,186 [INFO] [*] Loaded strategy: sma_trend
2026-05-22 10:52:27,196 [INFO] [*] Loaded strategy: news_sentiment
2026-05-22 10:52:27,197 [INFO] [*] Loaded strategy: rsi_reversion
2026-05-22 10:52:27,198 [INFO] [*] Loaded strategy: bollinger_reversion
2026-05-22 10:52:27,199 [INFO] [*] Loaded strategy: macd_momentum
2026-05-22 10:52:27,200 [INFO] [*] Loaded strategy: small_cap_volatility
2026-05-22 10:52:27,200 [INFO] [*] Starting daily technical analysis...
2026-05-22 10:52:33,546 [INFO] [*] Daily analysis complete.
2026-05-22 10:52:33,546 [INFO] [*] Checking for live news...
2026-05-22 13:32:33,583 [INFO] [*] Loaded strategy: sma_trend
2026-05-22 13:32:33,593 [INFO] [*] Loaded strategy: news_sentiment
2026-05-22 13:32:33,594 [INFO] [*] Loaded strategy: rsi_reversion
2026-05-22 13:32:33,595 [INFO] [*] Loaded strategy: bollinger_reversion
2026-05-22 13:32:33,595 [INFO] [*] Loaded strategy: macd_momentum
2026-05-22 13:32:33,596 [INFO] [*] Loaded strategy: small_cap_volatility
2026-05-22 13:32:33,596 [INFO] [*] Starting daily technical analysis...
2026-05-22 13:32:37,669 [INFO] [*] Daily analysis complete.
2026-05-22 13:32:37,669 [INFO] [*] Checking for live news...
2026-05-22 16:27:01,580 [INFO] [*] Loaded strategy: sma_trend
2026-05-22 16:27:01,590 [INFO] [*] Loaded strategy: news_sentiment
2026-05-22 16:27:01,591 [INFO] [*] Loaded strategy: rsi_reversion
2026-05-22 16:27:01,592 [INFO] [*] Loaded strategy: bollinger_reversion
2026-05-22 16:27:01,593 [INFO] [*] Loaded strategy: macd_momentum
2026-05-22 16:27:01,594 [INFO] [*] Loaded strategy: small_cap_volatility
2026-05-22 16:27:01,594 [INFO] [*] Starting daily technical analysis...
2026-05-22 16:27:05,637 [INFO] [*] Daily analysis complete.
2026-05-22 16:27:05,638 [INFO] [*] Checking for live news...
2026-05-22 18:17:13,730 [INFO] [*] Loaded strategy: sma_trend
2026-05-22 18:17:13,740 [INFO] [*] Loaded strategy: news_sentiment
2026-05-22 18:17:13,741 [INFO] [*] Loaded strategy: rsi_reversion
2026-05-22 18:17:13,742 [INFO] [*] Loaded strategy: bollinger_reversion
2026-05-22 18:17:13,743 [INFO] [*] Loaded strategy: macd_momentum
2026-05-22 18:17:13,744 [INFO] [*] Loaded strategy: small_cap_volatility
2026-05-22 18:17:13,744 [INFO] [*] Starting daily technical analysis...
2026-05-22 18:17:18,194 [INFO] [*] Daily analysis complete.
2026-05-22 18:17:18,194 [INFO] [*] Checking for live news...
2026-05-22 18:51:19,447 [INFO] [*] Loaded strategy: sma_trend
2026-05-22 18:51:19,457 [INFO] [*] Loaded strategy: news_sentiment
2026-05-22 18:51:19,458 [INFO] [*] Loaded strategy: rsi_reversion
2026-05-22 18:51:19,458 [INFO] [*] Loaded strategy: bollinger_reversion
2026-05-22 18:51:19,459 [INFO] [*] Loaded strategy: macd_momentum
2026-05-22 18:51:19,460 [INFO] [*] Loaded strategy: small_cap_volatility
2026-05-22 18:51:19,460 [INFO] [*] Starting daily technical analysis...
2026-05-22 18:51:26,286 [INFO] [*] Daily analysis complete.
2026-05-22 18:51:26,286 [INFO] [*] Checking for live news...
2026-05-25 11:53:53,491 [INFO] [*] Loaded strategy: sma_trend
2026-05-25 11:53:53,500 [INFO] [*] Loaded strategy: news_sentiment
2026-05-25 11:53:53,501 [INFO] [*] Loaded strategy: rsi_reversion
2026-05-25 11:53:53,502 [INFO] [*] Loaded strategy: bollinger_reversion
2026-05-25 11:53:53,503 [INFO] [*] Loaded strategy: macd_momentum
2026-05-25 11:53:53,504 [INFO] [*] Loaded strategy: small_cap_volatility
2026-05-25 11:53:53,504 [INFO] [*] Starting daily technical analysis...
2026-05-25 11:53:59,796 [INFO] [-] [rsi_reversion] SOLD G5EN.ST
2026-05-25 11:54:00,265 [INFO] [*] Daily analysis complete.
2026-05-25 11:54:00,265 [INFO] [*] Checking for live news...
2026-05-25 14:55:13,235 [INFO] [*] Loaded strategy: sma_trend
2026-05-25 14:55:13,246 [INFO] [*] Loaded strategy: news_sentiment
2026-05-25 14:55:13,247 [INFO] [*] Loaded strategy: rsi_reversion
2026-05-25 14:55:13,247 [INFO] [*] Loaded strategy: bollinger_reversion
2026-05-25 14:55:13,248 [INFO] [*] Loaded strategy: macd_momentum
2026-05-25 14:55:13,249 [INFO] [*] Loaded strategy: small_cap_volatility
2026-05-25 14:55:13,249 [INFO] [*] Starting daily technical analysis...
2026-05-25 14:55:17,497 [INFO] [*] Daily analysis complete.
2026-05-25 14:55:17,497 [INFO] [*] Checking for live news...
2026-05-25 17:07:19,689 [INFO] [*] Loaded strategy: sma_trend
2026-05-25 17:07:19,699 [INFO] [*] Loaded strategy: news_sentiment
2026-05-25 17:07:19,700 [INFO] [*] Loaded strategy: rsi_reversion
2026-05-25 17:07:19,701 [INFO] [*] Loaded strategy: bollinger_reversion
2026-05-25 17:07:19,701 [INFO] [*] Loaded strategy: macd_momentum
2026-05-25 17:07:19,702 [INFO] [*] Loaded strategy: small_cap_volatility
2026-05-25 17:07:19,702 [INFO] [*] Starting daily technical analysis...
2026-05-25 17:07:23,461 [INFO] [+] [small_cap_volatility] BOUGHT 14 G5EN.ST
2026-05-25 17:07:23,756 [INFO] [*] Daily analysis complete.
2026-05-25 17:07:23,756 [INFO] [*] Checking for live news...
2026-05-25 18:23:19,523 [INFO] [*] Loaded strategy: sma_trend
2026-05-25 18:23:19,533 [INFO] [*] Loaded strategy: news_sentiment
2026-05-25 18:23:19,534 [INFO] [*] Loaded strategy: rsi_reversion
2026-05-25 18:23:19,535 [INFO] [*] Loaded strategy: bollinger_reversion
2026-05-25 18:23:19,536 [INFO] [*] Loaded strategy: macd_momentum
2026-05-25 18:23:19,536 [INFO] [*] Loaded strategy: small_cap_volatility
2026-05-25 18:23:19,537 [INFO] [*] Starting daily technical analysis...
2026-05-25 18:23:23,331 [INFO] [*] Daily analysis complete.
2026-05-25 18:23:23,331 [INFO] [*] Checking for live news...
2026-05-26 14:14:32,516 [INFO] [*] Loaded strategy: sma_trend
2026-05-26 14:14:32,525 [INFO] [*] Loaded strategy: news_sentiment
2026-05-26 14:14:32,526 [INFO] [*] Loaded strategy: rsi_reversion
2026-05-26 14:14:32,526 [INFO] [*] Loaded strategy: bollinger_reversion
2026-05-26 14:14:32,527 [INFO] [*] Loaded strategy: macd_momentum
2026-05-26 14:14:32,528 [INFO] [*] Loaded strategy: small_cap_volatility
2026-05-26 14:14:32,528 [INFO] [*] Starting daily technical analysis...
2026-05-26 14:14:37,200 [INFO] [-] [small_cap_volatility] SOLD SBB-B.ST
2026-05-26 14:14:37,819 [INFO] [*] Daily analysis complete.
2026-05-26 14:14:37,819 [INFO] [*] Checking for live news...
2026-05-26 17:43:17,819 [INFO] [*] Loaded strategy: sma_trend
2026-05-26 17:43:17,829 [INFO] [*] Loaded strategy: news_sentiment
2026-05-26 17:43:17,830 [INFO] [*] Loaded strategy: rsi_reversion
2026-05-26 17:43:17,831 [INFO] [*] Loaded strategy: bollinger_reversion
2026-05-26 17:43:17,831 [INFO] [*] Loaded strategy: macd_momentum
2026-05-26 17:43:17,832 [INFO] [*] Loaded strategy: small_cap_volatility
2026-05-26 17:43:17,832 [INFO] [*] Starting daily technical analysis...
2026-05-26 17:43:21,742 [INFO] [*] Daily analysis complete.
2026-05-26 17:43:21,742 [INFO] [*] Checking for live news...
2026-05-26 19:13:48,086 [INFO] [*] Loaded strategy: sma_trend
2026-05-26 19:13:48,096 [INFO] [*] Loaded strategy: news_sentiment
2026-05-26 19:13:48,097 [INFO] [*] Loaded strategy: rsi_reversion
2026-05-26 19:13:48,098 [INFO] [*] Loaded strategy: bollinger_reversion
2026-05-26 19:13:48,099 [INFO] [*] Loaded strategy: macd_momentum
2026-05-26 19:13:48,100 [INFO] [*] Loaded strategy: small_cap_volatility
2026-05-26 19:13:48,100 [INFO] [*] Starting daily technical analysis...
2026-05-26 19:13:52,480 [INFO] [*] Daily analysis complete.
2026-05-26 19:13:52,481 [INFO] [*] Checking for live news...
2026-05-27 15:44:22,514 [INFO] [*] Loaded strategy: sma_trend
2026-05-27 15:44:22,524 [INFO] [*] Loaded strategy: news_sentiment
2026-05-27 15:44:22,525 [INFO] [*] Loaded strategy: rsi_reversion
2026-05-27 15:44:22,526 [INFO] [*] Loaded strategy: bollinger_reversion
2026-05-27 15:44:22,526 [INFO] [*] Loaded strategy: macd_momentum
2026-05-27 15:44:22,527 [INFO] [*] Loaded strategy: small_cap_volatility
2026-05-27 15:44:22,527 [INFO] [*] Starting daily technical analysis...
2026-05-27 15:44:24,742 [INFO] [-] [macd_momentum] SOLD TELIA.ST
2026-05-27 15:44:28,995 [INFO] [*] Daily analysis complete.
2026-05-27 15:44:28,995 [INFO] [*] Checking for live news...
2026-05-27 18:27:11,716 [INFO] [*] Loaded strategy: sma_trend
2026-05-27 18:27:11,726 [INFO] [*] Loaded strategy: news_sentiment
2026-05-27 18:27:11,727 [INFO] [*] Loaded strategy: rsi_reversion
2026-05-27 18:27:11,728 [INFO] [*] Loaded strategy: bollinger_reversion
2026-05-27 18:27:11,729 [INFO] [*] Loaded strategy: macd_momentum
2026-05-27 18:27:11,730 [INFO] [*] Loaded strategy: small_cap_volatility
2026-05-27 18:27:11,730 [INFO] [*] Starting daily technical analysis...
2026-05-27 18:27:13,539 [INFO] [+] [macd_momentum] BOUGHT 3 VOLV-B.ST
2026-05-27 18:27:19,444 [INFO] [*] Daily analysis complete.
2026-05-27 18:27:19,444 [INFO] [*] Checking for live news...
2026-05-27 19:21:24,867 [INFO] [*] Loaded strategy: sma_trend
2026-05-27 19:21:24,878 [INFO] [*] Loaded strategy: news_sentiment
2026-05-27 19:21:24,879 [INFO] [*] Loaded strategy: rsi_reversion
2026-05-27 19:21:24,880 [INFO] [*] Loaded strategy: bollinger_reversion
2026-05-27 19:21:24,881 [INFO] [*] Loaded strategy: macd_momentum
2026-05-27 19:21:24,882 [INFO] [*] Loaded strategy: small_cap_volatility
2026-05-27 19:21:24,882 [INFO] [*] Starting daily technical analysis...
2026-05-27 19:21:29,175 [INFO] [*] Daily analysis complete.
2026-05-27 19:21:29,175 [INFO] [*] Checking for live news...
2026-05-28 11:39:27,969 [INFO] [*] Loaded strategy: sma_trend
2026-05-28 11:39:27,980 [INFO] [*] Loaded strategy: news_sentiment
2026-05-28 11:39:27,980 [INFO] [*] Loaded strategy: rsi_reversion
2026-05-28 11:39:27,981 [INFO] [*] Loaded strategy: bollinger_reversion
2026-05-28 11:39:27,982 [INFO] [*] Loaded strategy: macd_momentum
2026-05-28 11:39:27,983 [INFO] [*] Loaded strategy: small_cap_volatility
2026-05-28 11:39:27,983 [INFO] [*] Starting daily technical analysis...
2026-05-28 11:39:31,998 [INFO] [*] Daily analysis complete.
2026-05-28 11:39:31,999 [INFO] [*] Checking for live news...
2026-05-28 16:00:14,752 [INFO] [*] Loaded strategy: sma_trend
2026-05-28 16:00:14,760 [INFO] [*] Loaded strategy: news_sentiment
2026-05-28 16:00:14,761 [INFO] [*] Loaded strategy: rsi_reversion
2026-05-28 16:00:14,761 [INFO] [*] Loaded strategy: bollinger_reversion
2026-05-28 16:00:14,762 [INFO] [*] Loaded strategy: macd_momentum
2026-05-28 16:00:14,763 [INFO] [*] Loaded strategy: small_cap_volatility
2026-05-28 16:00:14,763 [INFO] [*] Starting daily technical analysis...
2026-05-28 16:00:23,172 [INFO] [*] Daily analysis complete.
2026-05-28 16:00:23,172 [INFO] [*] Checking for live news...
2026-05-28 18:40:41,806 [INFO] [*] Loaded strategy: sma_trend
2026-05-28 18:40:41,816 [INFO] [*] Loaded strategy: news_sentiment
2026-05-28 18:40:41,817 [INFO] [*] Loaded strategy: rsi_reversion
2026-05-28 18:40:41,818 [INFO] [*] Loaded strategy: bollinger_reversion
2026-05-28 18:40:41,819 [INFO] [*] Loaded strategy: macd_momentum
2026-05-28 18:40:41,820 [INFO] [*] Loaded strategy: small_cap_volatility
2026-05-28 18:40:41,820 [INFO] [*] Starting daily technical analysis...
2026-05-28 18:40:45,557 [INFO] [*] Daily analysis complete.
2026-05-28 18:40:45,558 [INFO] [*] Checking for live news...
2026-05-28 19:33:47,672 [INFO] [*] Loaded strategy: sma_trend
2026-05-28 19:33:47,681 [INFO] [*] Loaded strategy: news_sentiment
2026-05-28 19:33:47,682 [INFO] [*] Loaded strategy: rsi_reversion
2026-05-28 19:33:47,683 [INFO] [*] Loaded strategy: bollinger_reversion
2026-05-28 19:33:47,684 [INFO] [*] Loaded strategy: macd_momentum
2026-05-28 19:33:47,684 [INFO] [*] Loaded strategy: small_cap_volatility
2026-05-28 19:33:47,685 [INFO] [*] Starting daily technical analysis...
2026-05-28 19:33:54,918 [INFO] [*] Daily analysis complete.
2026-05-28 19:33:54,918 [INFO] [*] Checking for live news...
2026-05-29 11:30:50,075 [INFO] [*] Loaded strategy: sma_trend
2026-05-29 11:30:50,085 [INFO] [*] Loaded strategy: news_sentiment
2026-05-29 11:30:50,086 [INFO] [*] Loaded strategy: rsi_reversion
2026-05-29 11:30:50,087 [INFO] [*] Loaded strategy: bollinger_reversion
2026-05-29 11:30:50,088 [INFO] [*] Loaded strategy: macd_momentum
2026-05-29 11:30:50,089 [INFO] [*] Loaded strategy: small_cap_volatility
2026-05-29 11:30:50,089 [INFO] [*] Starting daily technical analysis...
2026-05-29 11:30:52,934 [INFO] [-] [macd_momentum] SOLD ERIC-B.ST
2026-05-29 11:30:54,988 [INFO] [-] [macd_momentum] SOLD ATCO-A.ST
2026-05-29 11:30:57,486 [INFO] [-] [macd_momentum] SOLD CAST.ST
2026-05-29 11:30:57,487 [INFO] [*] Daily analysis complete.
2026-05-29 11:30:57,487 [INFO] [*] Checking for live news...
2026-05-29 15:35:42,926 [INFO] [*] Loaded strategy: sma_trend
2026-05-29 15:35:42,936 [INFO] [*] Loaded strategy: news_sentiment
2026-05-29 15:35:42,937 [INFO] [*] Loaded strategy: rsi_reversion
2026-05-29 15:35:42,938 [INFO] [*] Loaded strategy: bollinger_reversion
2026-05-29 15:35:42,939 [INFO] [*] Loaded strategy: macd_momentum
2026-05-29 15:35:42,939 [INFO] [*] Loaded strategy: small_cap_volatility
2026-05-29 15:35:42,939 [INFO] [*] Starting daily technical analysis...
2026-05-29 15:35:47,350 [INFO] [*] Daily analysis complete.
2026-05-29 15:35:47,350 [INFO] [*] Checking for live news...
2026-05-29 18:33:58,418 [INFO] [*] Loaded strategy: sma_trend
2026-05-29 18:33:58,428 [INFO] [*] Loaded strategy: news_sentiment
2026-05-29 18:33:58,429 [INFO] [*] Loaded strategy: rsi_reversion
2026-05-29 18:33:58,430 [INFO] [*] Loaded strategy: bollinger_reversion
2026-05-29 18:33:58,431 [INFO] [*] Loaded strategy: macd_momentum
2026-05-29 18:33:58,432 [INFO] [*] Loaded strategy: small_cap_volatility
2026-05-29 18:33:58,432 [INFO] [*] Starting daily technical analysis...
2026-05-29 18:33:59,023 [ERROR] Failed to get ticker 'INVE-B.ST' reason: Expecting value: line 1 column 1 (char 0)
2026-05-29 18:34:02,885 [INFO] [*] Daily analysis complete.
2026-05-29 18:34:02,885 [INFO] [*] Checking for live news...
2026-05-29 19:30:11,465 [INFO] [*] Loaded strategy: sma_trend
2026-05-29 19:30:11,475 [INFO] [*] Loaded strategy: news_sentiment
2026-05-29 19:30:11,476 [INFO] [*] Loaded strategy: rsi_reversion
2026-05-29 19:30:11,477 [INFO] [*] Loaded strategy: bollinger_reversion
2026-05-29 19:30:11,478 [INFO] [*] Loaded strategy: macd_momentum
2026-05-29 19:30:11,479 [INFO] [*] Loaded strategy: small_cap_volatility
2026-05-29 19:30:11,479 [INFO] [*] Starting daily technical analysis...
2026-05-29 19:30:16,304 [INFO] [*] Daily analysis complete.
2026-05-29 19:30:16,304 [INFO] [*] Checking for live news...
2026-06-01 13:37:20,045 [INFO] [*] Loaded strategy: sma_trend
2026-06-01 13:37:20,055 [INFO] [*] Loaded strategy: news_sentiment
2026-06-01 13:37:20,056 [INFO] [*] Loaded strategy: rsi_reversion
2026-06-01 13:37:20,056 [INFO] [*] Loaded strategy: bollinger_reversion
2026-06-01 13:37:20,057 [INFO] [*] Loaded strategy: macd_momentum
2026-06-01 13:37:20,058 [INFO] [*] Loaded strategy: small_cap_volatility
2026-06-01 13:37:20,058 [INFO] [*] Starting daily technical analysis...
2026-06-01 13:37:25,774 [INFO] [*] Daily analysis complete.
2026-06-01 13:37:25,774 [INFO] [*] Checking for live news...
2026-06-01 19:21:09,986 [INFO] [*] Loaded strategy: sma_trend
2026-06-01 19:21:09,996 [INFO] [*] Loaded strategy: news_sentiment
2026-06-01 19:21:09,997 [INFO] [*] Loaded strategy: rsi_reversion
2026-06-01 19:21:09,998 [INFO] [*] Loaded strategy: bollinger_reversion
2026-06-01 19:21:09,999 [INFO] [*] Loaded strategy: macd_momentum
2026-06-01 19:21:10,000 [INFO] [*] Loaded strategy: small_cap_volatility
2026-06-01 19:21:10,001 [INFO] [*] Starting daily technical analysis...
2026-06-01 19:21:13,943 [INFO] [*] Daily analysis complete.
2026-06-01 19:21:13,944 [INFO] [*] Checking for live news...
2026-06-01 20:52:51,357 [INFO] [*] Loaded strategy: sma_trend
2026-06-01 20:52:51,368 [INFO] [*] Loaded strategy: news_sentiment
2026-06-01 20:52:51,369 [INFO] [*] Loaded strategy: rsi_reversion
2026-06-01 20:52:51,370 [INFO] [*] Loaded strategy: bollinger_reversion
2026-06-01 20:52:51,371 [INFO] [*] Loaded strategy: macd_momentum
2026-06-01 20:52:51,372 [INFO] [*] Loaded strategy: small_cap_volatility
2026-06-01 20:52:51,372 [INFO] [*] Starting daily technical analysis...
2026-06-01 20:52:55,225 [INFO] [*] Daily analysis complete.
2026-06-01 20:52:55,226 [INFO] [*] Checking for live news...
2026-06-02 12:04:58,290 [INFO] [*] Loaded strategy: sma_trend
2026-06-02 12:04:58,300 [INFO] [*] Loaded strategy: news_sentiment
2026-06-02 12:04:58,301 [INFO] [*] Loaded strategy: rsi_reversion
2026-06-02 12:04:58,302 [INFO] [*] Loaded strategy: bollinger_reversion
2026-06-02 12:04:58,303 [INFO] [*] Loaded strategy: macd_momentum
2026-06-02 12:04:58,304 [INFO] [*] Loaded strategy: small_cap_volatility
2026-06-02 12:04:58,304 [INFO] [*] Starting daily technical analysis...
2026-06-02 12:05:02,165 [INFO] [+] [macd_momentum] BOUGHT 23 SINCH.ST
2026-06-02 12:05:02,743 [INFO] [*] Daily analysis complete.
2026-06-02 12:05:02,743 [INFO] [*] Checking for live news...
2026-06-02 17:02:23,628 [INFO] [*] Loaded strategy: sma_trend
2026-06-02 17:02:23,638 [INFO] [*] Loaded strategy: news_sentiment
2026-06-02 17:02:23,639 [INFO] [*] Loaded strategy: rsi_reversion
2026-06-02 17:02:23,640 [INFO] [*] Loaded strategy: bollinger_reversion
2026-06-02 17:02:23,641 [INFO] [*] Loaded strategy: macd_momentum
2026-06-02 17:02:23,642 [INFO] [*] Loaded strategy: small_cap_volatility
2026-06-02 17:02:23,642 [INFO] [*] Starting daily technical analysis...
2026-06-02 17:02:25,327 [INFO] [+] [macd_momentum] BOUGHT 7 ERIC-B.ST
2026-06-02 17:02:26,914 [INFO] [+] [macd_momentum] BOUGHT 5 ATCO-A.ST
2026-06-02 17:02:28,301 [INFO] [*] Daily analysis complete.
2026-06-02 17:02:28,302 [INFO] [*] Checking for live news...
2026-06-02 20:05:10,920 [INFO] [*] Loaded strategy: sma_trend
2026-06-02 20:05:10,930 [INFO] [*] Loaded strategy: news_sentiment
2026-06-02 20:05:10,931 [INFO] [*] Loaded strategy: rsi_reversion
2026-06-02 20:05:10,932 [INFO] [*] Loaded strategy: bollinger_reversion
2026-06-02 20:05:10,933 [INFO] [*] Loaded strategy: macd_momentum
2026-06-02 20:05:10,934 [INFO] [*] Loaded strategy: small_cap_volatility
2026-06-02 20:05:10,934 [INFO] [*] Starting daily technical analysis...
2026-06-02 20:05:14,875 [INFO] [*] Daily analysis complete.
2026-06-02 20:05:14,875 [INFO] [*] Checking for live news...
2026-06-03 12:42:18,825 [INFO] [*] Loaded strategy: sma_trend
2026-06-03 12:42:18,835 [INFO] [*] Loaded strategy: news_sentiment
2026-06-03 12:42:18,836 [INFO] [*] Loaded strategy: rsi_reversion
2026-06-03 12:42:18,837 [INFO] [*] Loaded strategy: bollinger_reversion
2026-06-03 12:42:18,838 [INFO] [*] Loaded strategy: macd_momentum
2026-06-03 12:42:18,839 [INFO] [*] Loaded strategy: small_cap_volatility
2026-06-03 12:42:18,839 [INFO] [*] Starting daily technical analysis...
2026-06-03 12:42:20,409 [INFO] [-] [rsi_reversion] SOLD HM-B.ST
2026-06-03 12:42:21,057 [INFO] [-] [macd_momentum] SOLD NDA-SE.ST
2026-06-03 12:42:23,058 [INFO] [*] Daily analysis complete.
2026-06-03 12:42:23,058 [INFO] [*] Checking for live news...
2026-06-03 18:00:15,873 [INFO] [*] Loaded strategy: sma_trend
2026-06-03 18:00:15,883 [INFO] [*] Loaded strategy: news_sentiment
2026-06-03 18:00:15,883 [INFO] [*] Loaded strategy: rsi_reversion
2026-06-03 18:00:15,884 [INFO] [*] Loaded strategy: bollinger_reversion
2026-06-03 18:00:15,885 [INFO] [*] Loaded strategy: macd_momentum
2026-06-03 18:00:15,886 [INFO] [*] Loaded strategy: small_cap_volatility
2026-06-03 18:00:15,886 [INFO] [*] Starting daily technical analysis...
2026-06-03 18:00:19,654 [INFO] [-] [macd_momentum] SOLD SINCH.ST
2026-06-03 18:00:20,197 [INFO] [*] Daily analysis complete.
2026-06-03 18:00:20,198 [INFO] [*] Checking for live news...
2026-06-03 20:15:22,080 [INFO] [*] Loaded strategy: sma_trend
2026-06-03 20:15:22,090 [INFO] [*] Loaded strategy: news_sentiment
2026-06-03 20:15:22,091 [INFO] [*] Loaded strategy: rsi_reversion
2026-06-03 20:15:22,092 [INFO] [*] Loaded strategy: bollinger_reversion
2026-06-03 20:15:22,093 [INFO] [*] Loaded strategy: macd_momentum
2026-06-03 20:15:22,094 [INFO] [*] Loaded strategy: small_cap_volatility
2026-06-03 20:15:22,095 [INFO] [*] Starting daily technical analysis...
2026-06-03 20:15:31,525 [INFO] [*] Daily analysis complete.
2026-06-03 20:15:31,525 [INFO] [*] Checking for live news...
2026-06-04 11:16:06,353 [INFO] [*] Loaded strategy: sma_trend
2026-06-04 11:16:06,361 [INFO] [*] Loaded strategy: news_sentiment
2026-06-04 11:16:06,362 [INFO] [*] Loaded strategy: rsi_reversion
2026-06-04 11:16:06,362 [INFO] [*] Loaded strategy: bollinger_reversion
2026-06-04 11:16:06,363 [INFO] [*] Loaded strategy: macd_momentum
2026-06-04 11:16:06,364 [INFO] [*] Loaded strategy: small_cap_volatility
2026-06-04 11:16:06,364 [INFO] [*] Starting daily technical analysis...
2026-06-04 11:16:08,085 [INFO] [-] [macd_momentum] SOLD ERIC-B.ST
2026-06-04 11:16:10,167 [INFO] [-] [rsi_reversion] SOLD FING-B.ST
2026-06-04 11:16:10,266 [INFO] [-] [bollinger_reversion] SOLD FING-B.ST
2026-06-04 11:16:10,467 [INFO] [+] [macd_momentum] BOUGHT 56 FING-B.ST
2026-06-04 11:16:10,642 [INFO] [+] [small_cap_volatility] BOUGHT 56 FING-B.ST
2026-06-04 11:16:11,098 [INFO] [*] Daily analysis complete.
2026-06-04 11:16:11,098 [INFO] [*] Checking for live news...
2026-06-04 14:13:36,885 [INFO] [*] Loaded strategy: sma_trend
2026-06-04 14:13:36,895 [INFO] [*] Loaded strategy: news_sentiment
2026-06-04 14:13:36,896 [INFO] [*] Loaded strategy: rsi_reversion
2026-06-04 14:13:36,897 [INFO] [*] Loaded strategy: bollinger_reversion
2026-06-04 14:13:36,898 [INFO] [*] Loaded strategy: macd_momentum
2026-06-04 14:13:36,899 [INFO] [*] Loaded strategy: small_cap_volatility
2026-06-04 14:13:36,899 [INFO] [*] Starting daily technical analysis...
2026-06-04 14:13:40,852 [INFO] [+] [macd_momentum] BOUGHT 23 SINCH.ST
2026-06-04 14:13:41,135 [INFO] [-] [small_cap_volatility] SOLD FING-B.ST
2026-06-04 14:13:41,418 [INFO] [-] [small_cap_volatility] SOLD G5EN.ST
2026-06-04 14:13:41,724 [INFO] [*] Daily analysis complete.
2026-06-04 14:13:41,724 [INFO] [*] Checking for live news...
2026-06-04 17:29:09,305 [INFO] [*] Loaded strategy: sma_trend
2026-06-04 17:29:09,315 [INFO] [*] Loaded strategy: news_sentiment
2026-06-04 17:29:09,316 [INFO] [*] Loaded strategy: rsi_reversion
2026-06-04 17:29:09,317 [INFO] [*] Loaded strategy: bollinger_reversion
2026-06-04 17:29:09,318 [INFO] [*] Loaded strategy: macd_momentum
2026-06-04 17:29:09,319 [INFO] [*] Loaded strategy: small_cap_volatility
2026-06-04 17:29:09,319 [INFO] [*] Starting daily technical analysis...
2026-06-04 17:29:13,311 [INFO] [+] [small_cap_volatility] BOUGHT 61 FING-B.ST
2026-06-04 17:29:13,810 [INFO] [*] Daily analysis complete.
2026-06-04 17:29:13,810 [INFO] [*] Checking for live news...
2026-06-04 19:20:54,569 [INFO] [*] Loaded strategy: sma_trend
2026-06-04 19:20:54,579 [INFO] [*] Loaded strategy: news_sentiment
2026-06-04 19:20:54,579 [INFO] [*] Loaded strategy: rsi_reversion
2026-06-04 19:20:54,580 [INFO] [*] Loaded strategy: bollinger_reversion
2026-06-04 19:20:54,581 [INFO] [*] Loaded strategy: macd_momentum
2026-06-04 19:20:54,582 [INFO] [*] Loaded strategy: small_cap_volatility
2026-06-04 19:20:54,582 [INFO] [*] Starting daily technical analysis...
2026-06-04 19:20:58,403 [INFO] [*] Daily analysis complete.
2026-06-04 19:20:58,403 [INFO] [*] Checking for live news...
2026-06-05 11:29:44,847 [INFO] [*] Loaded strategy: sma_trend
2026-06-05 11:29:44,857 [INFO] [*] Loaded strategy: news_sentiment
2026-06-05 11:29:44,858 [INFO] [*] Loaded strategy: rsi_reversion
2026-06-05 11:29:44,859 [INFO] [*] Loaded strategy: bollinger_reversion
2026-06-05 11:29:44,860 [INFO] [*] Loaded strategy: macd_momentum
2026-06-05 11:29:44,860 [INFO] [*] Loaded strategy: small_cap_volatility
2026-06-05 11:29:44,861 [INFO] [*] Starting daily technical analysis...
2026-06-05 11:29:48,367 [INFO] [-] [small_cap_volatility] SOLD FING-B.ST
2026-06-05 11:29:48,801 [INFO] [*] Daily analysis complete.
2026-06-05 11:29:48,801 [INFO] [*] Checking for live news...
2026-06-05 14:08:12,979 [INFO] [*] Loaded strategy: sma_trend
2026-06-05 14:08:12,989 [INFO] [*] Loaded strategy: news_sentiment
2026-06-05 14:08:12,990 [INFO] [*] Loaded strategy: rsi_reversion
2026-06-05 14:08:12,991 [INFO] [*] Loaded strategy: bollinger_reversion
2026-06-05 14:08:12,992 [INFO] [*] Loaded strategy: macd_momentum
2026-06-05 14:08:12,993 [INFO] [*] Loaded strategy: small_cap_volatility
2026-06-05 14:08:12,993 [INFO] [*] Starting daily technical analysis...
2026-06-05 14:08:15,339 [INFO] [-] [sma_trend] SOLD TELIA.ST
2026-06-05 14:08:16,583 [INFO] [+] [sma_trend] BOUGHT 5 ATCO-A.ST
2026-06-05 14:08:17,961 [INFO] [*] Daily analysis complete.
2026-06-05 14:08:17,961 [INFO] [*] Checking for live news...
2026-06-05 16:59:40,504 [INFO] [*] Loaded strategy: sma_trend
2026-06-05 16:59:40,514 [INFO] [*] Loaded strategy: news_sentiment
2026-06-05 16:59:40,515 [INFO] [*] Loaded strategy: rsi_reversion
2026-06-05 16:59:40,515 [INFO] [*] Loaded strategy: bollinger_reversion
2026-06-05 16:59:40,516 [INFO] [*] Loaded strategy: macd_momentum
2026-06-05 16:59:40,517 [INFO] [*] Loaded strategy: small_cap_volatility
2026-06-05 16:59:40,517 [INFO] [*] Starting daily technical analysis...
2026-06-05 16:59:45,200 [INFO] [+] [macd_momentum] BOUGHT 8 BETCO.ST
2026-06-05 16:59:45,424 [INFO] [*] Daily analysis complete.
2026-06-05 16:59:45,425 [INFO] [*] Checking for live news...
2026-06-05 18:56:32,130 [INFO] [*] Loaded strategy: sma_trend
2026-06-05 18:56:32,140 [INFO] [*] Loaded strategy: news_sentiment
2026-06-05 18:56:32,141 [INFO] [*] Loaded strategy: rsi_reversion
2026-06-05 18:56:32,142 [INFO] [*] Loaded strategy: bollinger_reversion
2026-06-05 18:56:32,143 [INFO] [*] Loaded strategy: macd_momentum
2026-06-05 18:56:32,143 [INFO] [*] Loaded strategy: small_cap_volatility
2026-06-05 18:56:32,144 [INFO] [*] Starting daily technical analysis...
2026-06-05 18:56:37,644 [INFO] [*] Daily analysis complete.
2026-06-05 18:56:37,644 [INFO] [*] Checking for live news...
2026-06-08 12:29:59,246 [INFO] [*] Loaded strategy: sma_trend
2026-06-08 12:29:59,254 [INFO] [*] Loaded strategy: news_sentiment
2026-06-08 12:29:59,254 [INFO] [*] Loaded strategy: rsi_reversion
2026-06-08 12:29:59,255 [INFO] [*] Loaded strategy: bollinger_reversion
2026-06-08 12:29:59,256 [INFO] [*] Loaded strategy: macd_momentum
2026-06-08 12:29:59,257 [INFO] [*] Loaded strategy: small_cap_volatility
2026-06-08 12:29:59,257 [INFO] [*] Starting daily technical analysis...
2026-06-08 12:30:02,787 [INFO] [+] [rsi_reversion] BOUGHT 20 TELIA.ST
2026-06-08 12:30:05,399 [INFO] [+] [rsi_reversion] BOUGHT 329 SBB-B.ST
2026-06-08 12:30:06,611 [INFO] [*] Daily analysis complete.
2026-06-08 12:30:06,611 [INFO] [*] Checking for live news...
2026-06-08 16:38:00,792 [INFO] [*] Loaded strategy: sma_trend
2026-06-08 16:38:00,799 [INFO] [*] Loaded strategy: news_sentiment
2026-06-08 16:38:00,800 [INFO] [*] Loaded strategy: rsi_reversion
2026-06-08 16:38:00,801 [INFO] [*] Loaded strategy: bollinger_reversion
2026-06-08 16:38:00,802 [INFO] [*] Loaded strategy: macd_momentum
2026-06-08 16:38:00,802 [INFO] [*] Loaded strategy: small_cap_volatility
2026-06-08 16:38:00,802 [INFO] [*] Starting daily technical analysis...
2026-06-08 16:38:08,887 [INFO] [*] Daily analysis complete.
2026-06-08 16:38:08,887 [INFO] [*] Checking for live news...
2026-06-08 19:18:12,199 [INFO] [*] Loaded strategy: sma_trend
2026-06-08 19:18:12,209 [INFO] [*] Loaded strategy: news_sentiment
2026-06-08 19:18:12,210 [INFO] [*] Loaded strategy: rsi_reversion
2026-06-08 19:18:12,211 [INFO] [*] Loaded strategy: bollinger_reversion
2026-06-08 19:18:12,212 [INFO] [*] Loaded strategy: macd_momentum
2026-06-08 19:18:12,213 [INFO] [*] Loaded strategy: small_cap_volatility
2026-06-08 19:18:12,213 [INFO] [*] Starting daily technical analysis...
2026-06-08 19:18:17,976 [INFO] [*] Daily analysis complete.
2026-06-08 19:18:17,976 [INFO] [*] Checking for live news...
2026-06-09 11:16:35,694 [INFO] [*] Loaded strategy: sma_trend
2026-06-09 11:16:35,703 [INFO] [*] Loaded strategy: news_sentiment
2026-06-09 11:16:35,704 [INFO] [*] Loaded strategy: rsi_reversion
2026-06-09 11:16:35,704 [INFO] [*] Loaded strategy: bollinger_reversion
2026-06-09 11:16:35,705 [INFO] [*] Loaded strategy: macd_momentum
2026-06-09 11:16:35,706 [INFO] [*] Loaded strategy: small_cap_volatility
2026-06-09 11:16:35,706 [INFO] [*] Starting daily technical analysis...
2026-06-09 11:16:42,993 [INFO] [*] Daily analysis complete.
2026-06-09 11:16:42,993 [INFO] [*] Checking for live news...
2026-06-09 13:59:41,694 [INFO] [*] Loaded strategy: sma_trend
2026-06-09 13:59:41,704 [INFO] [*] Loaded strategy: news_sentiment
2026-06-09 13:59:41,704 [INFO] [*] Loaded strategy: rsi_reversion
2026-06-09 13:59:41,705 [INFO] [*] Loaded strategy: bollinger_reversion
2026-06-09 13:59:41,706 [INFO] [*] Loaded strategy: macd_momentum
2026-06-09 13:59:41,707 [INFO] [*] Loaded strategy: small_cap_volatility
2026-06-09 13:59:41,707 [INFO] [*] Starting daily technical analysis...
2026-06-09 13:59:44,816 [INFO] [-] [sma_trend] SOLD ERIC-B.ST
2026-06-09 13:59:45,062 [INFO] [+] [bollinger_reversion] BOUGHT 8 ERIC-B.ST
2026-06-09 13:59:45,815 [INFO] [+] [sma_trend] BOUGHT 5 NDA-SE.ST
2026-06-09 13:59:49,004 [INFO] [*] Daily analysis complete.
2026-06-09 13:59:49,005 [INFO] [*] Checking for live news...
2026-06-09 16:36:18,145 [INFO] [*] Loaded strategy: sma_trend
2026-06-09 16:36:18,155 [INFO] [*] Loaded strategy: news_sentiment
2026-06-09 16:36:18,156 [INFO] [*] Loaded strategy: rsi_reversion
2026-06-09 16:36:18,157 [INFO] [*] Loaded strategy: bollinger_reversion
2026-06-09 16:36:18,158 [INFO] [*] Loaded strategy: macd_momentum
2026-06-09 16:36:18,159 [INFO] [*] Loaded strategy: small_cap_volatility
2026-06-09 16:36:18,159 [INFO] [*] Starting daily technical analysis...
2026-06-09 16:36:18,888 [INFO] [-] [macd_momentum] SOLD VOLV-B.ST
2026-06-09 16:36:23,388 [INFO] [*] Daily analysis complete.
2026-06-09 16:36:23,388 [INFO] [*] Checking for live news...
2026-06-09 19:10:28,342 [INFO] [*] Loaded strategy: sma_trend
2026-06-09 19:10:28,352 [INFO] [*] Loaded strategy: news_sentiment
2026-06-09 19:10:28,353 [INFO] [*] Loaded strategy: rsi_reversion
2026-06-09 19:10:28,354 [INFO] [*] Loaded strategy: bollinger_reversion
2026-06-09 19:10:28,355 [INFO] [*] Loaded strategy: macd_momentum
2026-06-09 19:10:28,356 [INFO] [*] Loaded strategy: small_cap_volatility
2026-06-09 19:10:28,356 [INFO] [*] Starting daily technical analysis...
2026-06-09 19:10:32,931 [INFO] [*] Daily analysis complete.
2026-06-09 19:10:32,931 [INFO] [*] Checking for live news...
2026-06-10 11:39:31,495 [INFO] [*] Loaded strategy: sma_trend
2026-06-10 11:39:31,509 [INFO] [*] Loaded strategy: news_sentiment
2026-06-10 11:39:31,510 [INFO] [*] Loaded strategy: rsi_reversion
2026-06-10 11:39:31,511 [INFO] [*] Loaded strategy: bollinger_reversion
2026-06-10 11:39:31,512 [INFO] [*] Loaded strategy: macd_momentum
2026-06-10 11:39:31,513 [INFO] [*] Loaded strategy: small_cap_volatility
2026-06-10 11:39:31,514 [INFO] [*] Starting daily technical analysis...
2026-06-10 11:39:32,182 [INFO] [+] [bollinger_reversion] BOUGHT 3 VOLV-B.ST
2026-06-10 11:39:35,197 [INFO] [-] [macd_momentum] SOLD ATCO-A.ST
2026-06-10 11:39:36,388 [INFO] [*] Daily analysis complete.
2026-06-10 11:39:36,388 [INFO] [*] Checking for live news...
2026-06-10 15:36:54,579 [INFO] [*] Loaded strategy: sma_trend
2026-06-10 15:36:54,589 [INFO] [*] Loaded strategy: news_sentiment
2026-06-10 15:36:54,590 [INFO] [*] Loaded strategy: rsi_reversion
2026-06-10 15:36:54,591 [INFO] [*] Loaded strategy: bollinger_reversion
2026-06-10 15:36:54,592 [INFO] [*] Loaded strategy: macd_momentum
2026-06-10 15:36:54,593 [INFO] [*] Loaded strategy: small_cap_volatility
2026-06-10 15:36:54,593 [INFO] [*] Starting daily technical analysis...
2026-06-10 15:36:58,647 [INFO] [-] [bollinger_reversion] SOLD BETCO.ST
2026-06-10 15:36:58,907 [INFO] [*] Daily analysis complete.
2026-06-10 15:36:58,907 [INFO] [*] Checking for live news...
2026-06-10 18:31:16,300 [INFO] [*] Loaded strategy: sma_trend
2026-06-10 18:31:16,309 [INFO] [*] Loaded strategy: news_sentiment
2026-06-10 18:31:16,310 [INFO] [*] Loaded strategy: rsi_reversion
2026-06-10 18:31:16,311 [INFO] [*] Loaded strategy: bollinger_reversion
2026-06-10 18:31:16,312 [INFO] [*] Loaded strategy: macd_momentum
2026-06-10 18:31:16,313 [INFO] [*] Loaded strategy: small_cap_volatility
2026-06-10 18:31:16,313 [INFO] [*] Starting daily technical analysis...
2026-06-10 18:31:20,577 [INFO] [*] Daily analysis complete.
2026-06-10 18:31:20,577 [INFO] [*] Checking for live news...
2026-06-10 19:30:50,654 [INFO] [*] Loaded strategy: sma_trend
2026-06-10 19:30:50,664 [INFO] [*] Loaded strategy: news_sentiment
2026-06-10 19:30:50,665 [INFO] [*] Loaded strategy: rsi_reversion
2026-06-10 19:30:50,666 [INFO] [*] Loaded strategy: bollinger_reversion
2026-06-10 19:30:50,667 [INFO] [*] Loaded strategy: macd_momentum
2026-06-10 19:30:50,668 [INFO] [*] Loaded strategy: small_cap_volatility
2026-06-10 19:30:50,668 [INFO] [*] Starting daily technical analysis...
2026-06-10 19:30:58,195 [INFO] [*] Daily analysis complete.
2026-06-10 19:30:58,196 [INFO] [*] Checking for live news...
2026-06-11 12:10:49,119 [INFO] [*] Loaded strategy: sma_trend
2026-06-11 12:10:49,129 [INFO] [*] Loaded strategy: news_sentiment
2026-06-11 12:10:49,130 [INFO] [*] Loaded strategy: rsi_reversion
2026-06-11 12:10:49,130 [INFO] [*] Loaded strategy: bollinger_reversion
2026-06-11 12:10:49,131 [INFO] [*] Loaded strategy: macd_momentum
2026-06-11 12:10:49,132 [INFO] [*] Loaded strategy: small_cap_volatility
2026-06-11 12:10:49,132 [INFO] [*] Starting daily technical analysis...
2026-06-11 12:10:56,466 [INFO] [*] Daily analysis complete.
2026-06-11 12:10:56,467 [INFO] [*] Checking for live news...
2026-06-11 16:35:43,840 [INFO] [*] Loaded strategy: sma_trend
2026-06-11 16:35:43,851 [INFO] [*] Loaded strategy: news_sentiment
2026-06-11 16:35:43,852 [INFO] [*] Loaded strategy: rsi_reversion
2026-06-11 16:35:43,853 [INFO] [*] Loaded strategy: bollinger_reversion
2026-06-11 16:35:43,854 [INFO] [*] Loaded strategy: macd_momentum
2026-06-11 16:35:43,855 [INFO] [*] Loaded strategy: small_cap_volatility
2026-06-11 16:35:43,855 [INFO] [*] Starting daily technical analysis...
2026-06-11 16:35:48,259 [INFO] [*] Daily analysis complete.
2026-06-11 16:35:48,259 [INFO] [*] Checking for live news...
2026-06-11 19:31:00,671 [INFO] [*] Loaded strategy: sma_trend
2026-06-11 19:31:00,682 [INFO] [*] Loaded strategy: news_sentiment
2026-06-11 19:31:00,683 [INFO] [*] Loaded strategy: rsi_reversion
2026-06-11 19:31:00,684 [INFO] [*] Loaded strategy: bollinger_reversion
2026-06-11 19:31:00,685 [INFO] [*] Loaded strategy: macd_momentum
2026-06-11 19:31:00,686 [INFO] [*] Loaded strategy: small_cap_volatility
2026-06-11 19:31:00,686 [INFO] [*] Starting daily technical analysis...
2026-06-11 19:31:05,151 [INFO] [*] Daily analysis complete.
2026-06-11 19:31:05,151 [INFO] [*] Checking for live news...
2026-06-12 11:44:03,943 [INFO] [*] Loaded strategy: sma_trend
2026-06-12 11:44:03,952 [INFO] [*] Loaded strategy: news_sentiment
2026-06-12 11:44:03,952 [INFO] [*] Loaded strategy: rsi_reversion
2026-06-12 11:44:03,953 [INFO] [*] Loaded strategy: bollinger_reversion
2026-06-12 11:44:03,954 [INFO] [*] Loaded strategy: macd_momentum
2026-06-12 11:44:03,955 [INFO] [*] Loaded strategy: small_cap_volatility
2026-06-12 11:44:03,955 [INFO] [*] Starting daily technical analysis...
2026-06-12 11:44:05,739 [INFO] [+] [macd_momentum] BOUGHT 5 SEB-A.ST
2026-06-12 11:44:08,555 [INFO] [+] [macd_momentum] BOUGHT 2 SWED-A.ST
2026-06-12 11:44:09,188 [INFO] [-] [rsi_reversion] SOLD BETCO.ST
2026-06-12 11:44:09,465 [INFO] [*] Daily analysis complete.
2026-06-12 11:44:09,465 [INFO] [*] Checking for live news...
2026-06-12 15:17:08,975 [INFO] [*] Loaded strategy: sma_trend
2026-06-12 15:17:08,986 [INFO] [*] Loaded strategy: news_sentiment
2026-06-12 15:17:08,987 [INFO] [*] Loaded strategy: rsi_reversion
2026-06-12 15:17:08,988 [INFO] [*] Loaded strategy: bollinger_reversion
2026-06-12 15:17:08,989 [INFO] [*] Loaded strategy: macd_momentum
2026-06-12 15:17:08,990 [INFO] [*] Loaded strategy: small_cap_volatility
2026-06-12 15:17:08,990 [INFO] [*] Starting daily technical analysis...
2026-06-12 15:17:13,830 [INFO] [*] Daily analysis complete.
2026-06-12 15:17:13,830 [INFO] [*] Checking for live news...
2026-06-12 17:53:35,267 [INFO] [*] Loaded strategy: sma_trend
2026-06-12 17:53:35,278 [INFO] [*] Loaded strategy: news_sentiment
2026-06-12 17:53:35,279 [INFO] [*] Loaded strategy: rsi_reversion
2026-06-12 17:53:35,280 [INFO] [*] Loaded strategy: bollinger_reversion
2026-06-12 17:53:35,281 [INFO] [*] Loaded strategy: macd_momentum
2026-06-12 17:53:35,282 [INFO] [*] Loaded strategy: small_cap_volatility
2026-06-12 17:53:35,282 [INFO] [*] Starting daily technical analysis...
2026-06-12 17:53:38,006 [INFO] [+] [small_cap_volatility] BOUGHT 5 HM-B.ST
2026-06-12 17:53:39,373 [INFO] [+] [small_cap_volatility] BOUGHT 19 TELIA.ST
2026-06-12 17:53:43,344 [INFO] [*] Daily analysis complete.
2026-06-12 17:53:43,344 [INFO] [*] Checking for live news...
2026-06-12 19:00:51,850 [INFO] [*] Loaded strategy: sma_trend
2026-06-12 19:00:51,861 [INFO] [*] Loaded strategy: news_sentiment
2026-06-12 19:00:51,862 [INFO] [*] Loaded strategy: rsi_reversion
2026-06-12 19:00:51,863 [INFO] [*] Loaded strategy: bollinger_reversion
2026-06-12 19:00:51,864 [INFO] [*] Loaded strategy: macd_momentum
2026-06-12 19:00:51,865 [INFO] [*] Loaded strategy: small_cap_volatility
2026-06-12 19:00:51,865 [INFO] [*] Starting daily technical analysis...
2026-06-12 19:00:55,838 [INFO] [*] Daily analysis complete.
2026-06-12 19:00:55,838 [INFO] [*] Checking for live news...
2026-06-15 13:56:37,255 [INFO] [*] Loaded strategy: sma_trend
2026-06-15 13:56:37,266 [INFO] [*] Loaded strategy: news_sentiment
2026-06-15 13:56:37,267 [INFO] [*] Loaded strategy: rsi_reversion
2026-06-15 13:56:37,268 [INFO] [*] Loaded strategy: bollinger_reversion
2026-06-15 13:56:37,269 [INFO] [*] Loaded strategy: macd_momentum
2026-06-15 13:56:37,270 [INFO] [*] Loaded strategy: small_cap_volatility
2026-06-15 13:56:37,270 [INFO] [*] Starting daily technical analysis...
2026-06-15 13:56:38,994 [INFO] [-] [bollinger_reversion] SOLD VOLV-B.ST
2026-06-15 13:56:49,002 [ERROR] Failed to get ticker 'INVE-B.ST' reason: Failed to perform, curl: (28) Connection timed out after 10002 milliseconds. See https://curl.se/libcurl/c/libcurl-errors.html first for more details.
2026-06-15 13:56:55,654 [INFO] [*] Daily analysis complete.
2026-06-15 13:56:55,654 [INFO] [*] Checking for live news...
2026-06-15 18:41:18,487 [INFO] [*] Loaded strategy: sma_trend
2026-06-15 18:41:18,499 [INFO] [*] Loaded strategy: news_sentiment
2026-06-15 18:41:18,500 [INFO] [*] Loaded strategy: rsi_reversion
2026-06-15 18:41:18,501 [INFO] [*] Loaded strategy: bollinger_reversion
2026-06-15 18:41:18,502 [INFO] [*] Loaded strategy: macd_momentum
2026-06-15 18:41:18,503 [INFO] [*] Loaded strategy: small_cap_volatility
2026-06-15 18:41:18,503 [INFO] [*] Starting daily technical analysis...
2026-06-15 18:41:19,615 [INFO] [+] [small_cap_volatility] BOUGHT 5 SEB-A.ST
2026-06-15 18:41:23,143 [INFO] [*] Daily analysis complete.
2026-06-15 18:41:23,144 [INFO] [*] Checking for live news...
2026-06-15 20:22:30,455 [INFO] [*] Loaded strategy: sma_trend
2026-06-15 20:22:30,466 [INFO] [*] Loaded strategy: news_sentiment
2026-06-15 20:22:30,467 [INFO] [*] Loaded strategy: rsi_reversion
2026-06-15 20:22:30,468 [INFO] [*] Loaded strategy: bollinger_reversion
2026-06-15 20:22:30,469 [INFO] [*] Loaded strategy: macd_momentum
2026-06-15 20:22:30,470 [INFO] [*] Loaded strategy: small_cap_volatility
2026-06-15 20:22:30,470 [INFO] [*] Starting daily technical analysis...
2026-06-15 20:22:34,648 [INFO] [*] Daily analysis complete.
2026-06-15 20:22:34,648 [INFO] [*] Checking for live news...
2026-06-16 12:54:38,908 [INFO] [*] Loaded strategy: sma_trend
2026-06-16 12:54:38,918 [INFO] [*] Loaded strategy: news_sentiment
2026-06-16 12:54:38,919 [INFO] [*] Loaded strategy: rsi_reversion
2026-06-16 12:54:38,920 [INFO] [*] Loaded strategy: bollinger_reversion
2026-06-16 12:54:38,921 [INFO] [*] Loaded strategy: macd_momentum
2026-06-16 12:54:38,922 [INFO] [*] Loaded strategy: small_cap_volatility
2026-06-16 12:54:38,922 [INFO] [*] Starting daily technical analysis...
2026-06-16 12:54:42,369 [INFO] [-] [small_cap_volatility] SOLD SINCH.ST
2026-06-16 12:54:43,028 [INFO] [*] Daily analysis complete.
2026-06-16 12:54:43,028 [INFO] [*] Checking for live news...
2026-06-16 18:05:18,614 [INFO] [*] Loaded strategy: sma_trend
2026-06-16 18:05:18,624 [INFO] [*] Loaded strategy: news_sentiment
2026-06-16 18:05:18,625 [INFO] [*] Loaded strategy: rsi_reversion
2026-06-16 18:05:18,626 [INFO] [*] Loaded strategy: bollinger_reversion
2026-06-16 18:05:18,627 [INFO] [*] Loaded strategy: macd_momentum
2026-06-16 18:05:18,628 [INFO] [*] Loaded strategy: small_cap_volatility
2026-06-16 18:05:18,628 [INFO] [*] Starting daily technical analysis...
2026-06-16 18:05:21,076 [INFO] [-] [small_cap_volatility] SOLD TELIA.ST
2026-06-16 18:05:23,321 [INFO] [*] Daily analysis complete.
2026-06-16 18:05:23,321 [INFO] [*] Checking for live news...
2026-06-16 20:10:53,335 [INFO] [*] Loaded strategy: sma_trend
2026-06-16 20:10:53,344 [INFO] [*] Loaded strategy: news_sentiment
2026-06-16 20:10:53,344 [INFO] [*] Loaded strategy: rsi_reversion
2026-06-16 20:10:53,345 [INFO] [*] Loaded strategy: bollinger_reversion
2026-06-16 20:10:53,346 [INFO] [*] Loaded strategy: macd_momentum
2026-06-16 20:10:53,347 [INFO] [*] Loaded strategy: small_cap_volatility
2026-06-16 20:10:53,347 [INFO] [*] Starting daily technical analysis...
2026-06-16 20:10:57,687 [INFO] [*] Daily analysis complete.
2026-06-16 20:10:57,687 [INFO] [*] Checking for live news...
2026-06-17 12:17:28,319 [INFO] [*] Loaded strategy: sma_trend
2026-06-17 12:17:28,330 [INFO] [*] Loaded strategy: news_sentiment
2026-06-17 12:17:28,331 [INFO] [*] Loaded strategy: rsi_reversion
2026-06-17 12:17:28,332 [INFO] [*] Loaded strategy: bollinger_reversion
2026-06-17 12:17:28,333 [INFO] [*] Loaded strategy: macd_momentum
2026-06-17 12:17:28,334 [INFO] [*] Loaded strategy: small_cap_volatility
2026-06-17 12:17:28,334 [INFO] [*] Starting daily technical analysis...
2026-06-17 12:17:33,427 [INFO] [*] Daily analysis complete.
2026-06-17 12:17:33,427 [INFO] [*] Checking for live news...
2026-06-17 16:12:22,290 [INFO] [*] Loaded strategy: sma_trend
2026-06-17 16:12:22,300 [INFO] [*] Loaded strategy: news_sentiment
2026-06-17 16:12:22,301 [INFO] [*] Loaded strategy: rsi_reversion
2026-06-17 16:12:22,302 [INFO] [*] Loaded strategy: bollinger_reversion
2026-06-17 16:12:22,303 [INFO] [*] Loaded strategy: macd_momentum
2026-06-17 16:12:22,304 [INFO] [*] Loaded strategy: small_cap_volatility
2026-06-17 16:12:22,304 [INFO] [*] Starting daily technical analysis...
2026-06-17 16:12:26,621 [INFO] [+] [bollinger_reversion] BOUGHT 28 SINCH.ST
2026-06-17 16:12:27,218 [INFO] [*] Daily analysis complete.
2026-06-17 16:12:27,218 [INFO] [*] Checking for live news...
2026-06-17 18:41:55,217 [INFO] [*] Loaded strategy: sma_trend
2026-06-17 18:41:55,228 [INFO] [*] Loaded strategy: news_sentiment
2026-06-17 18:41:55,229 [INFO] [*] Loaded strategy: rsi_reversion
2026-06-17 18:41:55,230 [INFO] [*] Loaded strategy: bollinger_reversion
2026-06-17 18:41:55,231 [INFO] [*] Loaded strategy: macd_momentum
2026-06-17 18:41:55,232 [INFO] [*] Loaded strategy: small_cap_volatility
2026-06-17 18:41:55,232 [INFO] [*] Starting daily technical analysis...
2026-06-17 18:42:02,537 [INFO] [*] Daily analysis complete.
2026-06-17 18:42:02,538 [INFO] [*] Checking for live news...
2026-06-17 19:21:39,715 [INFO] [*] Loaded strategy: sma_trend
2026-06-17 19:21:39,726 [INFO] [*] Loaded strategy: news_sentiment
2026-06-17 19:21:39,727 [INFO] [*] Loaded strategy: rsi_reversion
2026-06-17 19:21:39,728 [INFO] [*] Loaded strategy: bollinger_reversion
2026-06-17 19:21:39,729 [INFO] [*] Loaded strategy: macd_momentum
2026-06-17 19:21:39,730 [INFO] [*] Loaded strategy: small_cap_volatility
2026-06-17 19:21:39,730 [INFO] [*] Starting daily technical analysis...
2026-06-17 19:21:44,221 [INFO] [*] Daily analysis complete.
2026-06-17 19:21:44,221 [INFO] [*] Checking for live news...
2026-06-18 11:51:03,153 [INFO] [*] Loaded strategy: sma_trend
2026-06-18 11:51:03,164 [INFO] [*] Loaded strategy: news_sentiment
2026-06-18 11:51:03,165 [INFO] [*] Loaded strategy: rsi_reversion
2026-06-18 11:51:03,166 [INFO] [*] Loaded strategy: bollinger_reversion
2026-06-18 11:51:03,167 [INFO] [*] Loaded strategy: macd_momentum
2026-06-18 11:51:03,168 [INFO] [*] Loaded strategy: small_cap_volatility
2026-06-18 11:51:03,168 [INFO] [*] Starting daily technical analysis...
2026-06-18 11:51:07,427 [INFO] [+] [rsi_reversion] BOUGHT 30 SINCH.ST
2026-06-18 11:51:08,057 [INFO] [*] Daily analysis complete.
2026-06-18 11:51:08,058 [INFO] [*] Checking for live news...
2026-06-18 15:26:44,543 [INFO] [*] Loaded strategy: sma_trend
2026-06-18 15:26:44,553 [INFO] [*] Loaded strategy: news_sentiment
2026-06-18 15:26:44,554 [INFO] [*] Loaded strategy: rsi_reversion
2026-06-18 15:26:44,555 [INFO] [*] Loaded strategy: bollinger_reversion
2026-06-18 15:26:44,556 [INFO] [*] Loaded strategy: macd_momentum
2026-06-18 15:26:44,557 [INFO] [*] Loaded strategy: small_cap_volatility
2026-06-18 15:26:44,557 [INFO] [*] Starting daily technical analysis...
2026-06-18 15:26:48,887 [INFO] [*] Daily analysis complete.
2026-06-18 15:26:48,887 [INFO] [*] Checking for live news...
2026-06-18 18:15:59,412 [INFO] [*] Loaded strategy: sma_trend
2026-06-18 18:15:59,422 [INFO] [*] Loaded strategy: news_sentiment
2026-06-18 18:15:59,423 [INFO] [*] Loaded strategy: rsi_reversion
2026-06-18 18:15:59,424 [INFO] [*] Loaded strategy: bollinger_reversion
2026-06-18 18:15:59,425 [INFO] [*] Loaded strategy: macd_momentum
2026-06-18 18:15:59,426 [INFO] [*] Loaded strategy: small_cap_volatility
2026-06-18 18:15:59,426 [INFO] [*] Starting daily technical analysis...
2026-06-18 18:16:00,544 [INFO] [+] [small_cap_volatility] BOUGHT 2 INVE-B.ST
2026-06-18 18:16:03,398 [INFO] [+] [small_cap_volatility] BOUGHT 2 SAND.ST
2026-06-18 18:16:03,911 [INFO] [+] [small_cap_volatility] BOUGHT 2 SWED-A.ST
2026-06-18 18:16:05,124 [INFO] [*] Daily analysis complete.
2026-06-18 18:16:05,125 [INFO] [*] Checking for live news...
2026-06-18 19:23:20,611 [INFO] [*] Loaded strategy: sma_trend
2026-06-18 19:23:20,622 [INFO] [*] Loaded strategy: news_sentiment
2026-06-18 19:23:20,623 [INFO] [*] Loaded strategy: rsi_reversion
2026-06-18 19:23:20,624 [INFO] [*] Loaded strategy: bollinger_reversion
2026-06-18 19:23:20,625 [INFO] [*] Loaded strategy: macd_momentum
2026-06-18 19:23:20,626 [INFO] [*] Loaded strategy: small_cap_volatility
2026-06-18 19:23:20,626 [INFO] [*] Starting daily technical analysis...
2026-06-18 19:23:25,928 [INFO] [*] Daily analysis complete.
2026-06-18 19:23:25,928 [INFO] [*] Checking for live news...
2026-06-19 12:06:51,000 [INFO] [*] Loaded strategy: sma_trend
2026-06-19 12:06:51,010 [INFO] [*] Loaded strategy: news_sentiment
2026-06-19 12:06:51,011 [INFO] [*] Loaded strategy: rsi_reversion
2026-06-19 12:06:51,012 [INFO] [*] Loaded strategy: bollinger_reversion
2026-06-19 12:06:51,013 [INFO] [*] Loaded strategy: macd_momentum
2026-06-19 12:06:51,014 [INFO] [*] Loaded strategy: small_cap_volatility
2026-06-19 12:06:51,014 [INFO] [*] Starting daily technical analysis...
2026-06-19 12:06:56,810 [INFO] [*] Daily analysis complete.
2026-06-19 12:06:56,810 [INFO] [*] Checking for live news...
2026-06-19 15:48:20,095 [INFO] [*] Loaded strategy: sma_trend
2026-06-19 15:48:20,106 [INFO] [*] Loaded strategy: news_sentiment
2026-06-19 15:48:20,107 [INFO] [*] Loaded strategy: rsi_reversion
2026-06-19 15:48:20,108 [INFO] [*] Loaded strategy: bollinger_reversion
2026-06-19 15:48:20,109 [INFO] [*] Loaded strategy: macd_momentum
2026-06-19 15:48:20,110 [INFO] [*] Loaded strategy: small_cap_volatility
2026-06-19 15:48:20,110 [INFO] [*] Starting daily technical analysis...
2026-06-19 15:48:24,099 [INFO] [*] Daily analysis complete.
2026-06-19 15:48:24,100 [INFO] [*] Checking for live news...
2026-06-19 17:59:23,921 [INFO] [*] Loaded strategy: sma_trend
2026-06-19 17:59:23,932 [INFO] [*] Loaded strategy: news_sentiment
2026-06-19 17:59:23,933 [INFO] [*] Loaded strategy: rsi_reversion
2026-06-19 17:59:23,934 [INFO] [*] Loaded strategy: bollinger_reversion
2026-06-19 17:59:23,935 [INFO] [*] Loaded strategy: macd_momentum
2026-06-19 17:59:23,936 [INFO] [*] Loaded strategy: small_cap_volatility
2026-06-19 17:59:23,936 [INFO] [*] Starting daily technical analysis...
2026-06-19 17:59:28,037 [INFO] [*] Daily analysis complete.
2026-06-19 17:59:28,037 [INFO] [*] Checking for live news...
2026-06-19 18:50:57,533 [INFO] [*] Loaded strategy: sma_trend
2026-06-19 18:50:57,544 [INFO] [*] Loaded strategy: news_sentiment
2026-06-19 18:50:57,545 [INFO] [*] Loaded strategy: rsi_reversion
2026-06-19 18:50:57,546 [INFO] [*] Loaded strategy: bollinger_reversion
2026-06-19 18:50:57,547 [INFO] [*] Loaded strategy: macd_momentum
2026-06-19 18:50:57,548 [INFO] [*] Loaded strategy: small_cap_volatility
2026-06-19 18:50:57,548 [INFO] [*] Starting daily technical analysis...
2026-06-19 18:51:02,000 [INFO] [*] Daily analysis complete.
2026-06-19 18:51:02,001 [INFO] [*] Checking for live news...
2026-06-22 13:35:38,354 [INFO] [*] Loaded strategy: sma_trend
2026-06-22 13:35:38,364 [INFO] [*] Loaded strategy: news_sentiment
2026-06-22 13:35:38,365 [INFO] [*] Loaded strategy: rsi_reversion
2026-06-22 13:35:38,366 [INFO] [*] Loaded strategy: bollinger_reversion
2026-06-22 13:35:38,367 [INFO] [*] Loaded strategy: macd_momentum
2026-06-22 13:35:38,368 [INFO] [*] Loaded strategy: small_cap_volatility
2026-06-22 13:35:38,368 [INFO] [*] Starting daily technical analysis...
2026-06-22 13:35:42,715 [INFO] [*] Daily analysis complete.
2026-06-22 13:35:42,716 [INFO] [*] Checking for live news...
2026-06-22 18:12:29,244 [INFO] [*] Loaded strategy: sma_trend
2026-06-22 18:12:29,255 [INFO] [*] Loaded strategy: news_sentiment
2026-06-22 18:12:29,256 [INFO] [*] Loaded strategy: rsi_reversion
2026-06-22 18:12:29,257 [INFO] [*] Loaded strategy: bollinger_reversion
2026-06-22 18:12:29,258 [INFO] [*] Loaded strategy: macd_momentum
2026-06-22 18:12:29,259 [INFO] [*] Loaded strategy: small_cap_volatility
2026-06-22 18:12:29,259 [INFO] [*] Starting daily technical analysis...
2026-06-22 18:12:34,647 [INFO] [+] [bollinger_reversion] BOUGHT 8 CAST.ST
2026-06-22 18:12:34,649 [INFO] [*] Daily analysis complete.
2026-06-22 18:12:34,649 [INFO] [*] Checking for live news...
2026-06-22 20:07:27,460 [INFO] [*] Loaded strategy: sma_trend
2026-06-22 20:07:27,470 [INFO] [*] Loaded strategy: news_sentiment
2026-06-22 20:07:27,471 [INFO] [*] Loaded strategy: rsi_reversion
2026-06-22 20:07:27,472 [INFO] [*] Loaded strategy: bollinger_reversion
2026-06-22 20:07:27,473 [INFO] [*] Loaded strategy: macd_momentum
2026-06-22 20:07:27,474 [INFO] [*] Loaded strategy: small_cap_volatility
2026-06-22 20:07:27,474 [INFO] [*] Starting daily technical analysis...
2026-06-22 20:07:33,249 [INFO] [*] Daily analysis complete.
2026-06-22 20:07:33,249 [INFO] [*] Checking for live news...
2026-06-23 11:17:45,871 [INFO] [*] Loaded strategy: sma_trend
2026-06-23 11:17:45,881 [INFO] [*] Loaded strategy: news_sentiment
2026-06-23 11:17:45,882 [INFO] [*] Loaded strategy: rsi_reversion
2026-06-23 11:17:45,883 [INFO] [*] Loaded strategy: bollinger_reversion
2026-06-23 11:17:45,884 [INFO] [*] Loaded strategy: macd_momentum
2026-06-23 11:17:45,885 [INFO] [*] Loaded strategy: small_cap_volatility
2026-06-23 11:17:45,885 [INFO] [*] Starting daily technical analysis...
2026-06-23 11:17:49,682 [INFO] [*] Daily analysis complete.
2026-06-23 11:17:49,682 [INFO] [*] Checking for live news...
2026-06-23 13:58:52,228 [INFO] [*] Loaded strategy: sma_trend
2026-06-23 13:58:52,238 [INFO] [*] Loaded strategy: news_sentiment
2026-06-23 13:58:52,239 [INFO] [*] Loaded strategy: rsi_reversion
2026-06-23 13:58:52,240 [INFO] [*] Loaded strategy: bollinger_reversion
2026-06-23 13:58:52,241 [INFO] [*] Loaded strategy: macd_momentum
2026-06-23 13:58:52,242 [INFO] [*] Loaded strategy: small_cap_volatility
2026-06-23 13:58:52,242 [INFO] [*] Starting daily technical analysis...
2026-06-23 13:58:57,210 [INFO] [*] Daily analysis complete.
2026-06-23 13:58:57,210 [INFO] [*] Checking for live news...
2026-06-23 16:31:22,621 [INFO] [*] Loaded strategy: sma_trend
2026-06-23 16:31:22,631 [INFO] [*] Loaded strategy: news_sentiment
2026-06-23 16:31:22,632 [INFO] [*] Loaded strategy: rsi_reversion
2026-06-23 16:31:22,633 [INFO] [*] Loaded strategy: bollinger_reversion
2026-06-23 16:31:22,634 [INFO] [*] Loaded strategy: macd_momentum
2026-06-23 16:31:22,635 [INFO] [*] Loaded strategy: small_cap_volatility
2026-06-23 16:31:22,635 [INFO] [*] Starting daily technical analysis...
2026-06-23 16:31:29,397 [INFO] [*] Daily analysis complete.
2026-06-23 16:31:29,397 [INFO] [*] Checking for live news...
2026-06-23 19:07:23,128 [INFO] [*] Loaded strategy: sma_trend
2026-06-23 19:07:23,138 [INFO] [*] Loaded strategy: news_sentiment
2026-06-23 19:07:23,139 [INFO] [*] Loaded strategy: rsi_reversion
2026-06-23 19:07:23,140 [INFO] [*] Loaded strategy: bollinger_reversion
2026-06-23 19:07:23,141 [INFO] [*] Loaded strategy: macd_momentum
2026-06-23 19:07:23,142 [INFO] [*] Loaded strategy: small_cap_volatility
2026-06-23 19:07:23,142 [INFO] [*] Starting daily technical analysis...
2026-06-23 19:07:25,003 [INFO] [+] [rsi_reversion] BOUGHT 8 ERIC-B.ST
2026-06-23 19:07:28,146 [INFO] [*] Daily analysis complete.
2026-06-23 19:07:28,146 [INFO] [*] Checking for live news...
2026-06-24 10:51:17,658 [INFO] [*] Loaded strategy: sma_trend
2026-06-24 10:51:17,667 [INFO] [*] Loaded strategy: news_sentiment
2026-06-24 10:51:17,668 [INFO] [*] Loaded strategy: rsi_reversion
2026-06-24 10:51:17,669 [INFO] [*] Loaded strategy: bollinger_reversion
2026-06-24 10:51:17,670 [INFO] [*] Loaded strategy: macd_momentum
2026-06-24 10:51:17,671 [INFO] [*] Loaded strategy: small_cap_volatility
2026-06-24 10:51:17,671 [INFO] [*] Starting daily technical analysis...
2026-06-24 10:51:21,367 [INFO] [*] Daily analysis complete.
2026-06-24 10:51:21,367 [INFO] [*] Checking for live news...
2026-06-24 13:23:04,566 [INFO] [*] Loaded strategy: sma_trend
2026-06-24 13:23:04,576 [INFO] [*] Loaded strategy: news_sentiment
2026-06-24 13:23:04,577 [INFO] [*] Loaded strategy: rsi_reversion
2026-06-24 13:23:04,578 [INFO] [*] Loaded strategy: bollinger_reversion
2026-06-24 13:23:04,579 [INFO] [*] Loaded strategy: macd_momentum
2026-06-24 13:23:04,579 [INFO] [*] Loaded strategy: small_cap_volatility
2026-06-24 13:23:04,579 [INFO] [*] Starting daily technical analysis...
2026-06-24 13:23:07,910 [INFO] [-] [small_cap_volatility] SOLD SAND.ST
2026-06-24 13:23:08,990 [INFO] [*] Daily analysis complete.
2026-06-24 13:23:08,991 [INFO] [*] Checking for live news...
2026-06-24 15:42:11,970 [INFO] [*] Loaded strategy: sma_trend
2026-06-24 15:42:11,981 [INFO] [*] Loaded strategy: news_sentiment
2026-06-24 15:42:11,982 [INFO] [*] Loaded strategy: rsi_reversion
2026-06-24 15:42:11,982 [INFO] [*] Loaded strategy: bollinger_reversion
2026-06-24 15:42:11,983 [INFO] [*] Loaded strategy: macd_momentum
2026-06-24 15:42:11,984 [INFO] [*] Loaded strategy: small_cap_volatility
2026-06-24 15:42:11,984 [INFO] [*] Starting daily technical analysis...
2026-06-24 15:42:17,672 [INFO] [*] Daily analysis complete.
2026-06-24 15:42:17,672 [INFO] [*] Checking for live news...
2026-06-24 17:55:13,402 [INFO] [*] Loaded strategy: sma_trend
2026-06-24 17:55:13,412 [INFO] [*] Loaded strategy: news_sentiment
2026-06-24 17:55:13,413 [INFO] [*] Loaded strategy: rsi_reversion
2026-06-24 17:55:13,414 [INFO] [*] Loaded strategy: bollinger_reversion
2026-06-24 17:55:13,415 [INFO] [*] Loaded strategy: macd_momentum
2026-06-24 17:55:13,416 [INFO] [*] Loaded strategy: small_cap_volatility
2026-06-24 17:55:13,416 [INFO] [*] Starting daily technical analysis...
2026-06-24 17:55:18,034 [INFO] [*] Daily analysis complete.
2026-06-24 17:55:18,035 [INFO] [*] Checking for live news...
2026-06-24 18:47:57,764 [INFO] [*] Loaded strategy: sma_trend
2026-06-24 18:47:57,774 [INFO] [*] Loaded strategy: news_sentiment
2026-06-24 18:47:57,775 [INFO] [*] Loaded strategy: rsi_reversion
2026-06-24 18:47:57,776 [INFO] [*] Loaded strategy: bollinger_reversion
2026-06-24 18:47:57,777 [INFO] [*] Loaded strategy: macd_momentum
2026-06-24 18:47:57,778 [INFO] [*] Loaded strategy: small_cap_volatility
2026-06-24 18:47:57,778 [INFO] [*] Starting daily technical analysis...
2026-06-24 18:48:01,976 [INFO] [*] Daily analysis complete.
2026-06-24 18:48:01,976 [INFO] [*] Checking for live news...
2026-06-25 10:42:35,939 [INFO] [*] Loaded strategy: sma_trend
2026-06-25 10:42:35,953 [INFO] [*] Loaded strategy: news_sentiment
2026-06-25 10:42:35,955 [INFO] [*] Loaded strategy: rsi_reversion
2026-06-25 10:42:35,956 [INFO] [*] Loaded strategy: bollinger_reversion
2026-06-25 10:42:35,957 [INFO] [*] Loaded strategy: macd_momentum
2026-06-25 10:42:35,958 [INFO] [*] Loaded strategy: small_cap_volatility
2026-06-25 10:42:35,958 [INFO] [*] Starting daily technical analysis...
2026-06-25 10:42:41,407 [INFO] [-] [bollinger_reversion] SOLD CAST.ST
2026-06-25 10:42:41,409 [INFO] [*] Daily analysis complete.
2026-06-25 10:42:41,409 [INFO] [*] Checking for live news...
2026-06-25 13:20:08,900 [INFO] [*] Loaded strategy: sma_trend
2026-06-25 13:20:08,909 [INFO] [*] Loaded strategy: news_sentiment
2026-06-25 13:20:08,910 [INFO] [*] Loaded strategy: rsi_reversion
2026-06-25 13:20:08,911 [INFO] [*] Loaded strategy: bollinger_reversion
2026-06-25 13:20:08,912 [INFO] [*] Loaded strategy: macd_momentum
2026-06-25 13:20:08,913 [INFO] [*] Loaded strategy: small_cap_volatility
2026-06-25 13:20:08,913 [INFO] [*] Starting daily technical analysis...
2026-06-25 13:20:13,411 [INFO] [*] Daily analysis complete.
2026-06-25 13:20:13,411 [INFO] [*] Checking for live news...
2026-06-25 16:01:59,533 [INFO] [*] Loaded strategy: sma_trend
2026-06-25 16:01:59,543 [INFO] [*] Loaded strategy: news_sentiment
2026-06-25 16:01:59,544 [INFO] [*] Loaded strategy: rsi_reversion
2026-06-25 16:01:59,545 [INFO] [*] Loaded strategy: bollinger_reversion
2026-06-25 16:01:59,546 [INFO] [*] Loaded strategy: macd_momentum
2026-06-25 16:01:59,547 [INFO] [*] Loaded strategy: small_cap_volatility
2026-06-25 16:01:59,547 [INFO] [*] Starting daily technical analysis...
2026-06-25 16:02:03,936 [INFO] [*] Daily analysis complete.
2026-06-25 16:02:03,936 [INFO] [*] Checking for live news...
2026-06-25 18:33:42,160 [INFO] [*] Loaded strategy: sma_trend
2026-06-25 18:33:42,170 [INFO] [*] Loaded strategy: news_sentiment
2026-06-25 18:33:42,171 [INFO] [*] Loaded strategy: rsi_reversion
2026-06-25 18:33:42,172 [INFO] [*] Loaded strategy: bollinger_reversion
2026-06-25 18:33:42,173 [INFO] [*] Loaded strategy: macd_momentum
2026-06-25 18:33:42,174 [INFO] [*] Loaded strategy: small_cap_volatility
2026-06-25 18:33:42,174 [INFO] [*] Starting daily technical analysis...
2026-06-25 18:33:48,164 [INFO] [*] Daily analysis complete.
2026-06-25 18:33:48,165 [INFO] [*] Checking for live news...
2026-06-25 19:03:49,586 [INFO] [*] Loaded strategy: sma_trend
2026-06-25 19:03:49,594 [INFO] [*] Loaded strategy: news_sentiment
2026-06-25 19:03:49,594 [INFO] [*] Loaded strategy: rsi_reversion
2026-06-25 19:03:49,595 [INFO] [*] Loaded strategy: bollinger_reversion
2026-06-25 19:03:49,596 [INFO] [*] Loaded strategy: macd_momentum
2026-06-25 19:03:49,597 [INFO] [*] Loaded strategy: small_cap_volatility
2026-06-25 19:03:49,597 [INFO] [*] Starting daily technical analysis...
2026-06-25 19:03:55,716 [INFO] [*] Daily analysis complete.
2026-06-25 19:03:55,716 [INFO] [*] Checking for live news...
2026-06-26 10:52:32,532 [INFO] [*] Loaded strategy: sma_trend
2026-06-26 10:52:32,541 [INFO] [*] Loaded strategy: news_sentiment
2026-06-26 10:52:32,542 [INFO] [*] Loaded strategy: rsi_reversion
2026-06-26 10:52:32,543 [INFO] [*] Loaded strategy: bollinger_reversion
2026-06-26 10:52:32,544 [INFO] [*] Loaded strategy: macd_momentum
2026-06-26 10:52:32,544 [INFO] [*] Loaded strategy: small_cap_volatility
2026-06-26 10:52:32,544 [INFO] [*] Starting daily technical analysis...
2026-06-26 10:52:36,560 [INFO] [-] [rsi_reversion] SOLD SBB-B.ST
2026-06-26 10:52:37,546 [INFO] [+] [bollinger_reversion] BOUGHT 8 BETCO.ST
2026-06-26 10:52:37,819 [INFO] [*] Daily analysis complete.
2026-06-26 10:52:37,819 [INFO] [*] Checking for live news...
2026-06-26 13:11:58,775 [INFO] [*] Loaded strategy: sma_trend
2026-06-26 13:11:58,785 [INFO] [*] Loaded strategy: news_sentiment
2026-06-26 13:11:58,786 [INFO] [*] Loaded strategy: rsi_reversion
2026-06-26 13:11:58,786 [INFO] [*] Loaded strategy: bollinger_reversion
2026-06-26 13:11:58,787 [INFO] [*] Loaded strategy: macd_momentum
2026-06-26 13:11:58,788 [INFO] [*] Loaded strategy: small_cap_volatility
2026-06-26 13:11:58,788 [INFO] [*] Starting daily technical analysis...
2026-06-26 13:12:02,848 [INFO] [*] Daily analysis complete.
2026-06-26 13:12:02,848 [INFO] [*] Checking for live news...
2026-06-26 15:39:17,778 [INFO] [*] Loaded strategy: sma_trend
2026-06-26 15:39:17,788 [INFO] [*] Loaded strategy: news_sentiment
2026-06-26 15:39:17,789 [INFO] [*] Loaded strategy: rsi_reversion
2026-06-26 15:39:17,790 [INFO] [*] Loaded strategy: bollinger_reversion
2026-06-26 15:39:17,791 [INFO] [*] Loaded strategy: macd_momentum
2026-06-26 15:39:17,791 [INFO] [*] Loaded strategy: small_cap_volatility
2026-06-26 15:39:17,792 [INFO] [*] Starting daily technical analysis...
2026-06-26 15:39:25,381 [INFO] [*] Daily analysis complete.
2026-06-26 15:39:25,381 [INFO] [*] Checking for live news...
2026-06-26 17:48:51,348 [INFO] [*] Loaded strategy: sma_trend
2026-06-26 17:48:51,358 [INFO] [*] Loaded strategy: news_sentiment
2026-06-26 17:48:51,359 [INFO] [*] Loaded strategy: rsi_reversion
2026-06-26 17:48:51,360 [INFO] [*] Loaded strategy: bollinger_reversion
2026-06-26 17:48:51,361 [INFO] [*] Loaded strategy: macd_momentum
2026-06-26 17:48:51,362 [INFO] [*] Loaded strategy: small_cap_volatility
2026-06-26 17:48:51,362 [INFO] [*] Starting daily technical analysis...
2026-06-26 17:48:56,889 [INFO] [*] Daily analysis complete.
2026-06-26 17:48:56,889 [INFO] [*] Checking for live news...
2026-06-26 18:27:03,492 [INFO] [*] Loaded strategy: sma_trend
2026-06-26 18:27:03,502 [INFO] [*] Loaded strategy: news_sentiment
2026-06-26 18:27:03,503 [INFO] [*] Loaded strategy: rsi_reversion
2026-06-26 18:27:03,504 [INFO] [*] Loaded strategy: bollinger_reversion
2026-06-26 18:27:03,505 [INFO] [*] Loaded strategy: macd_momentum
2026-06-26 18:27:03,505 [INFO] [*] Loaded strategy: small_cap_volatility
2026-06-26 18:27:03,506 [INFO] [*] Starting daily technical analysis...
2026-06-26 18:27:08,789 [INFO] [*] Daily analysis complete.
2026-06-26 18:27:08,789 [INFO] [*] Checking for live news...
2026-06-29 12:35:56,778 [INFO] [*] Loaded strategy: sma_trend
2026-06-29 12:35:56,788 [INFO] [*] Loaded strategy: news_sentiment
2026-06-29 12:35:56,789 [INFO] [*] Loaded strategy: rsi_reversion
2026-06-29 12:35:56,790 [INFO] [*] Loaded strategy: bollinger_reversion
2026-06-29 12:35:56,791 [INFO] [*] Loaded strategy: macd_momentum
2026-06-29 12:35:56,792 [INFO] [*] Loaded strategy: small_cap_volatility
2026-06-29 12:35:56,792 [INFO] [*] Starting daily technical analysis...
2026-06-29 12:35:58,146 [INFO] [-] [macd_momentum] SOLD SEB-A.ST
2026-06-29 12:36:00,948 [INFO] [-] [bollinger_reversion] SOLD SINCH.ST
2026-06-29 12:36:01,449 [INFO] [*] Daily analysis complete.
2026-06-29 12:36:01,449 [INFO] [*] Checking for live news...
2026-06-29 16:38:36,249 [INFO] [*] Loaded strategy: sma_trend
2026-06-29 16:38:36,259 [INFO] [*] Loaded strategy: news_sentiment
2026-06-29 16:38:36,260 [INFO] [*] Loaded strategy: rsi_reversion
2026-06-29 16:38:36,261 [INFO] [*] Loaded strategy: bollinger_reversion
2026-06-29 16:38:36,262 [INFO] [*] Loaded strategy: macd_momentum
2026-06-29 16:38:36,263 [INFO] [*] Loaded strategy: small_cap_volatility
2026-06-29 16:38:36,263 [INFO] [*] Starting daily technical analysis...
2026-06-29 16:38:42,056 [INFO] [*] Daily analysis complete.
2026-06-29 16:38:42,056 [INFO] [*] Checking for live news...
2026-06-29 19:01:44,194 [INFO] [*] Loaded strategy: sma_trend
2026-06-29 19:01:44,203 [INFO] [*] Loaded strategy: news_sentiment
2026-06-29 19:01:44,204 [INFO] [*] Loaded strategy: rsi_reversion
2026-06-29 19:01:44,205 [INFO] [*] Loaded strategy: bollinger_reversion
2026-06-29 19:01:44,206 [INFO] [*] Loaded strategy: macd_momentum
2026-06-29 19:01:44,207 [INFO] [*] Loaded strategy: small_cap_volatility
2026-06-29 19:01:44,207 [INFO] [*] Starting daily technical analysis...
2026-06-29 19:01:48,543 [INFO] [*] Daily analysis complete.
2026-06-29 19:01:48,544 [INFO] [*] Checking for live news...
2026-06-30 10:57:36,583 [INFO] [*] Loaded strategy: sma_trend
2026-06-30 10:57:36,593 [INFO] [*] Loaded strategy: news_sentiment
2026-06-30 10:57:36,594 [INFO] [*] Loaded strategy: rsi_reversion
2026-06-30 10:57:36,595 [INFO] [*] Loaded strategy: bollinger_reversion
2026-06-30 10:57:36,596 [INFO] [*] Loaded strategy: macd_momentum
2026-06-30 10:57:36,597 [INFO] [*] Loaded strategy: small_cap_volatility
2026-06-30 10:57:36,597 [INFO] [*] Starting daily technical analysis...
2026-06-30 10:57:38,317 [INFO] [+] [macd_momentum] BOUGHT 5 HM-B.ST
2026-06-30 10:57:40,875 [INFO] [*] Daily analysis complete.
2026-06-30 10:57:40,875 [INFO] [*] Checking for live news...
2026-06-30 13:10:38,155 [INFO] [*] Loaded strategy: sma_trend
2026-06-30 13:10:38,164 [INFO] [*] Loaded strategy: news_sentiment
2026-06-30 13:10:38,165 [INFO] [*] Loaded strategy: rsi_reversion
2026-06-30 13:10:38,166 [INFO] [*] Loaded strategy: bollinger_reversion
2026-06-30 13:10:38,167 [INFO] [*] Loaded strategy: macd_momentum
2026-06-30 13:10:38,168 [INFO] [*] Loaded strategy: small_cap_volatility
2026-06-30 13:10:38,168 [INFO] [*] Starting daily technical analysis...
2026-06-30 13:10:43,302 [INFO] [*] Daily analysis complete.
2026-06-30 13:10:43,302 [INFO] [*] Checking for live news...
2026-06-30 16:05:28,727 [INFO] [*] Loaded strategy: sma_trend
2026-06-30 16:05:28,737 [INFO] [*] Loaded strategy: news_sentiment
2026-06-30 16:05:28,738 [INFO] [*] Loaded strategy: rsi_reversion
2026-06-30 16:05:28,739 [INFO] [*] Loaded strategy: bollinger_reversion
2026-06-30 16:05:28,740 [INFO] [*] Loaded strategy: macd_momentum
2026-06-30 16:05:28,741 [INFO] [*] Loaded strategy: small_cap_volatility
2026-06-30 16:05:28,741 [INFO] [*] Starting daily technical analysis...
2026-06-30 16:05:33,063 [INFO] [*] Daily analysis complete.
2026-06-30 16:05:33,063 [INFO] [*] Checking for live news...
2026-06-30 18:19:24,286 [INFO] [*] Loaded strategy: sma_trend
2026-06-30 18:19:24,296 [INFO] [*] Loaded strategy: news_sentiment
2026-06-30 18:19:24,297 [INFO] [*] Loaded strategy: rsi_reversion
2026-06-30 18:19:24,298 [INFO] [*] Loaded strategy: bollinger_reversion
2026-06-30 18:19:24,299 [INFO] [*] Loaded strategy: macd_momentum
2026-06-30 18:19:24,300 [INFO] [*] Loaded strategy: small_cap_volatility
2026-06-30 18:19:24,300 [INFO] [*] Starting daily technical analysis...
2026-06-30 18:19:29,258 [INFO] [*] Daily analysis complete.
2026-06-30 18:19:29,258 [INFO] [*] Checking for live news...
2026-06-30 18:53:11,426 [INFO] [*] Loaded strategy: sma_trend
2026-06-30 18:53:11,435 [INFO] [*] Loaded strategy: news_sentiment
2026-06-30 18:53:11,435 [INFO] [*] Loaded strategy: rsi_reversion
2026-06-30 18:53:11,436 [INFO] [*] Loaded strategy: bollinger_reversion
2026-06-30 18:53:11,437 [INFO] [*] Loaded strategy: macd_momentum
2026-06-30 18:53:11,438 [INFO] [*] Loaded strategy: small_cap_volatility
2026-06-30 18:53:11,438 [INFO] [*] Starting daily technical analysis...
2026-06-30 18:53:23,495 [ERROR] $TELIA.ST: possibly delisted; no price data found  (period=2y)
2026-06-30 18:53:26,368 [INFO] [*] Daily analysis complete.
2026-06-30 18:53:26,368 [INFO] [*] Checking for live news...
2026-07-01 11:23:57,328 [INFO] [*] Loaded strategy: sma_trend
2026-07-01 11:23:57,338 [INFO] [*] Loaded strategy: news_sentiment
2026-07-01 11:23:57,339 [INFO] [*] Loaded strategy: rsi_reversion
2026-07-01 11:23:57,339 [INFO] [*] Loaded strategy: bollinger_reversion
2026-07-01 11:23:57,340 [INFO] [*] Loaded strategy: macd_momentum
2026-07-01 11:23:57,341 [INFO] [*] Loaded strategy: small_cap_volatility
2026-07-01 11:23:57,341 [INFO] [*] Starting daily technical analysis...
2026-07-01 11:24:00,062 [INFO] [+] [bollinger_reversion] BOUGHT 21 TELIA.ST
2026-07-01 11:24:02,974 [INFO] [+] [rsi_reversion] BOUGHT 8 BETCO.ST
2026-07-01 11:24:03,247 [INFO] [-] [macd_momentum] SOLD BETCO.ST
2026-07-01 11:24:03,620 [INFO] [*] Daily analysis complete.
2026-07-01 11:24:03,620 [INFO] [*] Checking for live news...
2026-07-01 13:51:40,981 [INFO] [*] Loaded strategy: sma_trend
2026-07-01 13:51:40,992 [INFO] [*] Loaded strategy: news_sentiment
2026-07-01 13:51:40,993 [INFO] [*] Loaded strategy: rsi_reversion
2026-07-01 13:51:40,994 [INFO] [*] Loaded strategy: bollinger_reversion
2026-07-01 13:51:40,995 [INFO] [*] Loaded strategy: macd_momentum
2026-07-01 13:51:40,996 [INFO] [*] Loaded strategy: small_cap_volatility
2026-07-01 13:51:40,996 [INFO] [*] Starting daily technical analysis...
2026-07-01 13:51:45,246 [INFO] [*] Daily analysis complete.
2026-07-01 13:51:45,247 [INFO] [*] Checking for live news...
2026-07-01 16:27:42,302 [INFO] [*] Loaded strategy: sma_trend
2026-07-01 16:27:42,312 [INFO] [*] Loaded strategy: news_sentiment
2026-07-01 16:27:42,314 [INFO] [*] Loaded strategy: rsi_reversion
2026-07-01 16:27:42,314 [INFO] [*] Loaded strategy: bollinger_reversion
2026-07-01 16:27:42,315 [INFO] [*] Loaded strategy: macd_momentum
2026-07-01 16:27:42,316 [INFO] [*] Loaded strategy: small_cap_volatility
2026-07-01 16:27:42,316 [INFO] [*] Starting daily technical analysis...
2026-07-01 16:27:47,097 [INFO] [+] [macd_momentum] BOUGHT 4 SKF-B.ST
2026-07-01 16:27:49,888 [INFO] [*] Daily analysis complete.
2026-07-01 16:27:49,888 [INFO] [*] Checking for live news...
2026-07-01 18:26:21,585 [INFO] [*] Loaded strategy: sma_trend
2026-07-01 18:26:21,595 [INFO] [*] Loaded strategy: news_sentiment
2026-07-01 18:26:21,596 [INFO] [*] Loaded strategy: rsi_reversion
2026-07-01 18:26:21,597 [INFO] [*] Loaded strategy: bollinger_reversion
2026-07-01 18:26:21,598 [INFO] [*] Loaded strategy: macd_momentum
2026-07-01 18:26:21,599 [INFO] [*] Loaded strategy: small_cap_volatility
2026-07-01 18:26:21,599 [INFO] [*] Starting daily technical analysis...
2026-07-01 18:26:25,949 [INFO] [*] Daily analysis complete.
2026-07-01 18:26:25,949 [INFO] [*] Checking for live news...
2026-07-01 18:56:58,955 [INFO] [*] Loaded strategy: sma_trend
2026-07-01 18:56:58,965 [INFO] [*] Loaded strategy: news_sentiment
2026-07-01 18:56:58,965 [INFO] [*] Loaded strategy: rsi_reversion
2026-07-01 18:56:58,966 [INFO] [*] Loaded strategy: bollinger_reversion
2026-07-01 18:56:58,967 [INFO] [*] Loaded strategy: macd_momentum
2026-07-01 18:56:58,968 [INFO] [*] Loaded strategy: small_cap_volatility
2026-07-01 18:56:58,968 [INFO] [*] Starting daily technical analysis...
2026-07-01 18:57:02,984 [INFO] [*] Daily analysis complete.
2026-07-01 18:57:02,984 [INFO] [*] Checking for live news...
2026-07-02 10:41:19,151 [INFO] [*] Loaded strategy: sma_trend
2026-07-02 10:41:19,161 [INFO] [*] Loaded strategy: news_sentiment
2026-07-02 10:41:19,162 [INFO] [*] Loaded strategy: rsi_reversion
2026-07-02 10:41:19,162 [INFO] [*] Loaded strategy: bollinger_reversion
2026-07-02 10:41:19,163 [INFO] [*] Loaded strategy: macd_momentum
2026-07-02 10:41:19,164 [INFO] [*] Loaded strategy: small_cap_volatility
2026-07-02 10:41:19,164 [INFO] [*] Starting daily technical analysis...
2026-07-02 10:41:24,707 [INFO] [-] [bollinger_reversion] SOLD BETCO.ST
2026-07-02 10:41:24,992 [INFO] [*] Daily analysis complete.
2026-07-02 10:41:24,993 [INFO] [*] Checking for live news...
2026-07-02 12:58:56,213 [INFO] [*] Loaded strategy: sma_trend
2026-07-02 12:58:56,223 [INFO] [*] Loaded strategy: news_sentiment
2026-07-02 12:58:56,224 [INFO] [*] Loaded strategy: rsi_reversion
2026-07-02 12:58:56,225 [INFO] [*] Loaded strategy: bollinger_reversion
2026-07-02 12:58:56,226 [INFO] [*] Loaded strategy: macd_momentum
2026-07-02 12:58:56,227 [INFO] [*] Loaded strategy: small_cap_volatility
2026-07-02 12:58:56,227 [INFO] [*] Starting daily technical analysis...
2026-07-02 12:59:00,126 [INFO] [*] Daily analysis complete.
2026-07-02 12:59:00,126 [INFO] [*] Checking for live news...
2026-07-02 15:24:03,336 [INFO] [*] Loaded strategy: sma_trend
2026-07-02 15:24:03,346 [INFO] [*] Loaded strategy: news_sentiment
2026-07-02 15:24:03,347 [INFO] [*] Loaded strategy: rsi_reversion
2026-07-02 15:24:03,348 [INFO] [*] Loaded strategy: bollinger_reversion
2026-07-02 15:24:03,349 [INFO] [*] Loaded strategy: macd_momentum
2026-07-02 15:24:03,350 [INFO] [*] Loaded strategy: small_cap_volatility
2026-07-02 15:24:03,350 [INFO] [*] Starting daily technical analysis...
2026-07-02 15:24:06,236 [INFO] [+] [small_cap_volatility] BOUGHT 3 SKF-B.ST
2026-07-02 15:24:07,985 [INFO] [*] Daily analysis complete.
2026-07-02 15:24:07,985 [INFO] [*] Checking for live news...
2026-07-02 17:11:24,488 [INFO] [*] Loaded strategy: sma_trend
2026-07-02 17:11:24,498 [INFO] [*] Loaded strategy: news_sentiment
2026-07-02 17:11:24,499 [INFO] [*] Loaded strategy: rsi_reversion
2026-07-02 17:11:24,500 [INFO] [*] Loaded strategy: bollinger_reversion
2026-07-02 17:11:24,501 [INFO] [*] Loaded strategy: macd_momentum
2026-07-02 17:11:24,501 [INFO] [*] Loaded strategy: small_cap_volatility
2026-07-02 17:11:24,501 [INFO] [*] Starting daily technical analysis...
2026-07-02 17:11:29,241 [INFO] [*] Daily analysis complete.
2026-07-02 17:11:29,241 [INFO] [*] Checking for live news...
2026-07-02 18:23:42,272 [INFO] [*] Loaded strategy: sma_trend
2026-07-02 18:23:42,282 [INFO] [*] Loaded strategy: news_sentiment
2026-07-02 18:23:42,283 [INFO] [*] Loaded strategy: rsi_reversion
2026-07-02 18:23:42,284 [INFO] [*] Loaded strategy: bollinger_reversion
2026-07-02 18:23:42,285 [INFO] [*] Loaded strategy: macd_momentum
2026-07-02 18:23:42,286 [INFO] [*] Loaded strategy: small_cap_volatility
2026-07-02 18:23:42,286 [INFO] [*] Starting daily technical analysis...
2026-07-02 18:23:46,346 [INFO] [*] Daily analysis complete.
2026-07-02 18:23:46,346 [INFO] [*] Checking for live news...
2026-07-03 10:36:44,540 [INFO] [*] Loaded strategy: sma_trend
2026-07-03 10:36:44,548 [INFO] [*] Loaded strategy: news_sentiment
2026-07-03 10:36:44,549 [INFO] [*] Loaded strategy: rsi_reversion
2026-07-03 10:36:44,549 [INFO] [*] Loaded strategy: bollinger_reversion
2026-07-03 10:36:44,550 [INFO] [*] Loaded strategy: macd_momentum
2026-07-03 10:36:44,551 [INFO] [*] Loaded strategy: small_cap_volatility
2026-07-03 10:36:44,551 [INFO] [*] Starting daily technical analysis...
2026-07-03 10:36:48,897 [INFO] [*] Daily analysis complete.
2026-07-03 10:36:48,897 [INFO] [*] Checking for live news...
2026-07-03 12:56:25,405 [INFO] [*] Loaded strategy: sma_trend
2026-07-03 12:56:25,415 [INFO] [*] Loaded strategy: news_sentiment
2026-07-03 12:56:25,416 [INFO] [*] Loaded strategy: rsi_reversion
2026-07-03 12:56:25,417 [INFO] [*] Loaded strategy: bollinger_reversion
2026-07-03 12:56:25,418 [INFO] [*] Loaded strategy: macd_momentum
2026-07-03 12:56:25,419 [INFO] [*] Loaded strategy: small_cap_volatility
2026-07-03 12:56:25,419 [INFO] [*] Starting daily technical analysis...
2026-07-03 12:56:29,540 [INFO] [*] Daily analysis complete.
2026-07-03 12:56:29,540 [INFO] [*] Checking for live news...
2026-07-03 15:13:11,787 [INFO] [*] Loaded strategy: sma_trend
2026-07-03 15:13:11,797 [INFO] [*] Loaded strategy: news_sentiment
2026-07-03 15:13:11,798 [INFO] [*] Loaded strategy: rsi_reversion
2026-07-03 15:13:11,799 [INFO] [*] Loaded strategy: bollinger_reversion
2026-07-03 15:13:11,800 [INFO] [*] Loaded strategy: macd_momentum
2026-07-03 15:13:11,800 [INFO] [*] Loaded strategy: small_cap_volatility
2026-07-03 15:13:11,801 [INFO] [*] Starting daily technical analysis...
2026-07-03 15:13:15,652 [INFO] [*] Daily analysis complete.
2026-07-03 15:13:15,652 [INFO] [*] Checking for live news...
2026-07-03 16:54:13,968 [INFO] [*] Loaded strategy: sma_trend
2026-07-03 16:54:13,978 [INFO] [*] Loaded strategy: news_sentiment
2026-07-03 16:54:13,979 [INFO] [*] Loaded strategy: rsi_reversion
2026-07-03 16:54:13,979 [INFO] [*] Loaded strategy: bollinger_reversion
2026-07-03 16:54:13,980 [INFO] [*] Loaded strategy: macd_momentum
2026-07-03 16:54:13,981 [INFO] [*] Loaded strategy: small_cap_volatility
2026-07-03 16:54:13,981 [INFO] [*] Starting daily technical analysis...
2026-07-03 16:54:17,648 [INFO] [*] Daily analysis complete.
2026-07-03 16:54:17,648 [INFO] [*] Checking for live news...
2026-07-03 18:09:10,766 [INFO] [*] Loaded strategy: sma_trend
2026-07-03 18:09:10,777 [INFO] [*] Loaded strategy: news_sentiment
2026-07-03 18:09:10,778 [INFO] [*] Loaded strategy: rsi_reversion
2026-07-03 18:09:10,779 [INFO] [*] Loaded strategy: bollinger_reversion
2026-07-03 18:09:10,780 [INFO] [*] Loaded strategy: macd_momentum
2026-07-03 18:09:10,781 [INFO] [*] Loaded strategy: small_cap_volatility
2026-07-03 18:09:10,781 [INFO] [*] Starting daily technical analysis...
2026-07-03 18:09:14,813 [INFO] [*] Daily analysis complete.
2026-07-03 18:09:14,814 [INFO] [*] Checking for live news...
2026-07-06 12:05:17,973 [INFO] [*] Loaded strategy: sma_trend
2026-07-06 12:05:17,982 [INFO] [*] Loaded strategy: news_sentiment
2026-07-06 12:05:17,983 [INFO] [*] Loaded strategy: rsi_reversion
2026-07-06 12:05:17,983 [INFO] [*] Loaded strategy: bollinger_reversion
2026-07-06 12:05:17,984 [INFO] [*] Loaded strategy: macd_momentum
2026-07-06 12:05:17,985 [INFO] [*] Loaded strategy: small_cap_volatility
2026-07-06 12:05:17,985 [INFO] [*] Starting daily technical analysis...
2026-07-06 12:05:23,560 [INFO] [-] [macd_momentum] SOLD FING-B.ST
2026-07-06 12:05:24,225 [INFO] [*] Daily analysis complete.
2026-07-06 12:05:24,225 [INFO] [*] Checking for live news...
2026-07-06 16:00:18,205 [INFO] [*] Loaded strategy: sma_trend
2026-07-06 16:00:18,213 [INFO] [*] Loaded strategy: news_sentiment
2026-07-06 16:00:18,214 [INFO] [*] Loaded strategy: rsi_reversion
2026-07-06 16:00:18,215 [INFO] [*] Loaded strategy: bollinger_reversion
2026-07-06 16:00:18,216 [INFO] [*] Loaded strategy: macd_momentum
2026-07-06 16:00:18,216 [INFO] [*] Loaded strategy: small_cap_volatility
2026-07-06 16:00:18,216 [INFO] [*] Starting daily technical analysis...
2026-07-06 16:00:24,132 [INFO] [*] Daily analysis complete.
2026-07-06 16:00:24,132 [INFO] [*] Checking for live news...
2026-07-06 18:17:38,135 [INFO] [*] Loaded strategy: sma_trend
2026-07-06 18:17:38,145 [INFO] [*] Loaded strategy: news_sentiment
2026-07-06 18:17:38,146 [INFO] [*] Loaded strategy: rsi_reversion
2026-07-06 18:17:38,147 [INFO] [*] Loaded strategy: bollinger_reversion
2026-07-06 18:17:38,148 [INFO] [*] Loaded strategy: macd_momentum
2026-07-06 18:17:38,149 [INFO] [*] Loaded strategy: small_cap_volatility
2026-07-06 18:17:38,149 [INFO] [*] Starting daily technical analysis...
2026-07-06 18:17:42,385 [INFO] [*] Daily analysis complete.
2026-07-06 18:17:42,385 [INFO] [*] Checking for live news...
2026-07-06 18:51:57,400 [INFO] [*] Loaded strategy: sma_trend
2026-07-06 18:51:57,410 [INFO] [*] Loaded strategy: news_sentiment
2026-07-06 18:51:57,411 [INFO] [*] Loaded strategy: rsi_reversion
2026-07-06 18:51:57,412 [INFO] [*] Loaded strategy: bollinger_reversion
2026-07-06 18:51:57,413 [INFO] [*] Loaded strategy: macd_momentum
2026-07-06 18:51:57,414 [INFO] [*] Loaded strategy: small_cap_volatility
2026-07-06 18:51:57,414 [INFO] [*] Starting daily technical analysis...
2026-07-06 18:52:01,796 [INFO] [*] Daily analysis complete.
2026-07-06 18:52:01,796 [INFO] [*] Checking for live news...
2026-07-07 10:57:11,123 [INFO] [*] Loaded strategy: sma_trend
2026-07-07 10:57:11,133 [INFO] [*] Loaded strategy: news_sentiment
2026-07-07 10:57:11,134 [INFO] [*] Loaded strategy: rsi_reversion
2026-07-07 10:57:11,135 [INFO] [*] Loaded strategy: bollinger_reversion
2026-07-07 10:57:11,136 [INFO] [*] Loaded strategy: macd_momentum
2026-07-07 10:57:11,137 [INFO] [*] Loaded strategy: small_cap_volatility
2026-07-07 10:57:11,137 [INFO] [*] Starting daily technical analysis...
2026-07-07 10:57:15,002 [INFO] [*] Daily analysis complete.
2026-07-07 10:57:15,002 [INFO] [*] Checking for live news...
2026-07-07 13:23:11,798 [INFO] [*] Loaded strategy: sma_trend
2026-07-07 13:23:11,808 [INFO] [*] Loaded strategy: news_sentiment
2026-07-07 13:23:11,809 [INFO] [*] Loaded strategy: rsi_reversion
2026-07-07 13:23:11,810 [INFO] [*] Loaded strategy: bollinger_reversion
2026-07-07 13:23:11,811 [INFO] [*] Loaded strategy: macd_momentum
2026-07-07 13:23:11,812 [INFO] [*] Loaded strategy: small_cap_volatility
2026-07-07 13:23:11,812 [INFO] [*] Starting daily technical analysis...
2026-07-07 13:23:16,093 [INFO] [*] Daily analysis complete.
2026-07-07 13:23:16,093 [INFO] [*] Checking for live news...
2026-07-07 16:01:26,318 [INFO] [*] Loaded strategy: sma_trend
2026-07-07 16:01:26,327 [INFO] [*] Loaded strategy: news_sentiment
2026-07-07 16:01:26,328 [INFO] [*] Loaded strategy: rsi_reversion
2026-07-07 16:01:26,329 [INFO] [*] Loaded strategy: bollinger_reversion
2026-07-07 16:01:26,330 [INFO] [*] Loaded strategy: macd_momentum
2026-07-07 16:01:26,331 [INFO] [*] Loaded strategy: small_cap_volatility
2026-07-07 16:01:26,331 [INFO] [*] Starting daily technical analysis...
2026-07-07 16:01:31,672 [INFO] [*] Daily analysis complete.
2026-07-07 16:01:31,672 [INFO] [*] Checking for live news...
2026-07-07 18:29:30,424 [INFO] [*] Loaded strategy: sma_trend
2026-07-07 18:29:30,434 [INFO] [*] Loaded strategy: news_sentiment
2026-07-07 18:29:30,435 [INFO] [*] Loaded strategy: rsi_reversion
2026-07-07 18:29:30,435 [INFO] [*] Loaded strategy: bollinger_reversion
2026-07-07 18:29:30,436 [INFO] [*] Loaded strategy: macd_momentum
2026-07-07 18:29:30,437 [INFO] [*] Loaded strategy: small_cap_volatility
2026-07-07 18:29:30,437 [INFO] [*] Starting daily technical analysis...
2026-07-07 18:29:34,888 [INFO] [*] Daily analysis complete.
2026-07-07 18:29:34,888 [INFO] [*] Checking for live news...
2026-07-07 18:58:19,747 [INFO] [*] Loaded strategy: sma_trend
2026-07-07 18:58:19,757 [INFO] [*] Loaded strategy: news_sentiment
2026-07-07 18:58:19,758 [INFO] [*] Loaded strategy: rsi_reversion
2026-07-07 18:58:19,759 [INFO] [*] Loaded strategy: bollinger_reversion
2026-07-07 18:58:19,760 [INFO] [*] Loaded strategy: macd_momentum
2026-07-07 18:58:19,761 [INFO] [*] Loaded strategy: small_cap_volatility
2026-07-07 18:58:19,761 [INFO] [*] Starting daily technical analysis...
2026-07-07 18:58:23,967 [INFO] [*] Daily analysis complete.
2026-07-07 18:58:23,967 [INFO] [*] Checking for live news...
2026-07-08 10:19:20,810 [INFO] [*] Loaded strategy: sma_trend
2026-07-08 10:19:20,820 [INFO] [*] Loaded strategy: news_sentiment
2026-07-08 10:19:20,821 [INFO] [*] Loaded strategy: rsi_reversion
2026-07-08 10:19:20,822 [INFO] [*] Loaded strategy: bollinger_reversion
2026-07-08 10:19:20,823 [INFO] [*] Loaded strategy: macd_momentum
2026-07-08 10:19:20,824 [INFO] [*] Loaded strategy: small_cap_volatility
2026-07-08 10:19:20,824 [INFO] [*] Starting daily technical analysis...
2026-07-08 10:19:22,367 [INFO] [+] [bollinger_reversion] BOUGHT 6 HM-B.ST
2026-07-08 10:19:22,635 [INFO] [-] [small_cap_volatility] SOLD HM-B.ST
2026-07-08 10:19:23,482 [INFO] [-] [sma_trend] SOLD ABB.ST
2026-07-08 10:19:23,998 [INFO] [+] [sma_trend] BOUGHT 3 SKF-B.ST
2026-07-08 10:19:25,363 [INFO] [*] Daily analysis complete.
2026-07-08 10:19:25,363 [INFO] [*] Checking for live news...
2026-07-08 12:05:01,425 [INFO] [*] Loaded strategy: sma_trend
2026-07-08 12:05:01,435 [INFO] [*] Loaded strategy: news_sentiment
2026-07-08 12:05:01,436 [INFO] [*] Loaded strategy: rsi_reversion
2026-07-08 12:05:01,437 [INFO] [*] Loaded strategy: bollinger_reversion
2026-07-08 12:05:01,438 [INFO] [*] Loaded strategy: macd_momentum
2026-07-08 12:05:01,439 [INFO] [*] Loaded strategy: small_cap_volatility
2026-07-08 12:05:01,439 [INFO] [*] Starting daily technical analysis...
2026-07-08 12:05:08,383 [INFO] [*] Daily analysis complete.
2026-07-08 12:05:08,383 [INFO] [*] Checking for live news...
2026-07-08 14:55:51,549 [INFO] [*] Loaded strategy: sma_trend
2026-07-08 14:55:51,559 [INFO] [*] Loaded strategy: news_sentiment
2026-07-08 14:55:51,560 [INFO] [*] Loaded strategy: rsi_reversion
2026-07-08 14:55:51,561 [INFO] [*] Loaded strategy: bollinger_reversion
2026-07-08 14:55:51,562 [INFO] [*] Loaded strategy: macd_momentum
2026-07-08 14:55:51,563 [INFO] [*] Loaded strategy: small_cap_volatility
2026-07-08 14:55:51,563 [INFO] [*] Starting daily technical analysis...
2026-07-08 14:55:55,712 [INFO] [*] Daily analysis complete.
2026-07-08 14:55:55,713 [INFO] [*] Checking for live news...
2026-07-08 16:40:52,028 [INFO] [*] Loaded strategy: sma_trend
2026-07-08 16:40:52,038 [INFO] [*] Loaded strategy: news_sentiment
2026-07-08 16:40:52,039 [INFO] [*] Loaded strategy: rsi_reversion
2026-07-08 16:40:52,040 [INFO] [*] Loaded strategy: bollinger_reversion
2026-07-08 16:40:52,041 [INFO] [*] Loaded strategy: macd_momentum
2026-07-08 16:40:52,042 [INFO] [*] Loaded strategy: small_cap_volatility
2026-07-08 16:40:52,042 [INFO] [*] Starting daily technical analysis...
2026-07-08 16:40:56,181 [INFO] [*] Daily analysis complete.
2026-07-08 16:40:56,181 [INFO] [*] Checking for live news...
2026-07-08 18:14:32,600 [INFO] [*] Loaded strategy: sma_trend
2026-07-08 18:14:32,610 [INFO] [*] Loaded strategy: news_sentiment
2026-07-08 18:14:32,611 [INFO] [*] Loaded strategy: rsi_reversion
2026-07-08 18:14:32,612 [INFO] [*] Loaded strategy: bollinger_reversion
2026-07-08 18:14:32,613 [INFO] [*] Loaded strategy: macd_momentum
2026-07-08 18:14:32,614 [INFO] [*] Loaded strategy: small_cap_volatility
2026-07-08 18:14:32,614 [INFO] [*] Starting daily technical analysis...
2026-07-08 18:14:36,984 [INFO] [*] Daily analysis complete.
2026-07-08 18:14:36,984 [INFO] [*] Checking for live news...
2026-07-09 10:55:09,815 [INFO] [*] Loaded strategy: sma_trend
2026-07-09 10:55:09,825 [INFO] [*] Loaded strategy: news_sentiment
2026-07-09 10:55:09,826 [INFO] [*] Loaded strategy: rsi_reversion
2026-07-09 10:55:09,827 [INFO] [*] Loaded strategy: bollinger_reversion
2026-07-09 10:55:09,828 [INFO] [*] Loaded strategy: macd_momentum
2026-07-09 10:55:09,829 [INFO] [*] Loaded strategy: small_cap_volatility
2026-07-09 10:55:09,829 [INFO] [*] Starting daily technical analysis...
2026-07-09 10:55:14,693 [INFO] [-] [rsi_reversion] SOLD SINCH.ST
2026-07-09 10:55:14,983 [INFO] [-] [macd_momentum] SOLD SINCH.ST
2026-07-09 10:55:15,961 [INFO] [*] Daily analysis complete.
2026-07-09 10:55:15,961 [INFO] [*] Checking for live news...
2026-07-09 13:50:11,055 [INFO] [*] Loaded strategy: sma_trend
2026-07-09 13:50:11,065 [INFO] [*] Loaded strategy: news_sentiment
2026-07-09 13:50:11,066 [INFO] [*] Loaded strategy: rsi_reversion
2026-07-09 13:50:11,067 [INFO] [*] Loaded strategy: bollinger_reversion
2026-07-09 13:50:11,068 [INFO] [*] Loaded strategy: macd_momentum
2026-07-09 13:50:11,069 [INFO] [*] Loaded strategy: small_cap_volatility
2026-07-09 13:50:11,069 [INFO] [*] Starting daily technical analysis...
2026-07-09 13:50:12,932 [INFO] [-] [bollinger_reversion] SOLD ERIC-B.ST
2026-07-09 13:50:13,308 [INFO] [+] [macd_momentum] BOUGHT 9 ERIC-B.ST
2026-07-09 13:50:16,838 [INFO] [*] Daily analysis complete.
2026-07-09 13:50:16,839 [INFO] [*] Checking for live news...
2026-07-09 16:27:55,855 [INFO] [*] Loaded strategy: sma_trend
2026-07-09 16:27:55,865 [INFO] [*] Loaded strategy: news_sentiment
2026-07-09 16:27:55,866 [INFO] [*] Loaded strategy: rsi_reversion
2026-07-09 16:27:55,867 [INFO] [*] Loaded strategy: bollinger_reversion
2026-07-09 16:27:55,868 [INFO] [*] Loaded strategy: macd_momentum
2026-07-09 16:27:55,869 [INFO] [*] Loaded strategy: small_cap_volatility
2026-07-09 16:27:55,869 [INFO] [*] Starting daily technical analysis...
2026-07-09 16:28:01,454 [INFO] [*] Daily analysis complete.
2026-07-09 16:28:01,454 [INFO] [*] Checking for live news...
2026-07-09 18:19:20,794 [INFO] [*] Loaded strategy: sma_trend
2026-07-09 18:19:20,804 [INFO] [*] Loaded strategy: news_sentiment
2026-07-09 18:19:20,805 [INFO] [*] Loaded strategy: rsi_reversion
2026-07-09 18:19:20,806 [INFO] [*] Loaded strategy: bollinger_reversion
2026-07-09 18:19:20,807 [INFO] [*] Loaded strategy: macd_momentum
2026-07-09 18:19:20,808 [INFO] [*] Loaded strategy: small_cap_volatility
2026-07-09 18:19:20,808 [INFO] [*] Starting daily technical analysis...
2026-07-09 18:19:25,066 [INFO] [*] Daily analysis complete.
2026-07-09 18:19:25,066 [INFO] [*] Checking for live news...
2026-07-09 18:47:03,584 [INFO] [*] Loaded strategy: sma_trend
2026-07-09 18:47:03,595 [INFO] [*] Loaded strategy: news_sentiment
2026-07-09 18:47:03,596 [INFO] [*] Loaded strategy: rsi_reversion
2026-07-09 18:47:03,597 [INFO] [*] Loaded strategy: bollinger_reversion
2026-07-09 18:47:03,597 [INFO] [*] Loaded strategy: macd_momentum
2026-07-09 18:47:03,599 [INFO] [*] Loaded strategy: small_cap_volatility
2026-07-09 18:47:03,599 [INFO] [*] Starting daily technical analysis...
2026-07-09 18:47:08,958 [INFO] [*] Daily analysis complete.
2026-07-09 18:47:08,959 [INFO] [*] Checking for live news...
2026-07-10 10:54:57,487 [INFO] [*] Loaded strategy: sma_trend
2026-07-10 10:54:57,495 [INFO] [*] Loaded strategy: news_sentiment
2026-07-10 10:54:57,496 [INFO] [*] Loaded strategy: rsi_reversion
2026-07-10 10:54:57,496 [INFO] [*] Loaded strategy: bollinger_reversion
2026-07-10 10:54:57,497 [INFO] [*] Loaded strategy: macd_momentum
2026-07-10 10:54:57,498 [INFO] [*] Loaded strategy: small_cap_volatility
2026-07-10 10:54:57,498 [INFO] [*] Starting daily technical analysis...
2026-07-10 10:55:03,689 [INFO] [-] [macd_momentum] SOLD SWED-A.ST
2026-07-10 10:55:05,360 [INFO] [*] Daily analysis complete.
2026-07-10 10:55:05,360 [INFO] [*] Checking for live news...
2026-07-10 13:12:22,202 [INFO] [*] Loaded strategy: sma_trend
2026-07-10 13:12:22,212 [INFO] [*] Loaded strategy: news_sentiment
2026-07-10 13:12:22,213 [INFO] [*] Loaded strategy: rsi_reversion
2026-07-10 13:12:22,214 [INFO] [*] Loaded strategy: bollinger_reversion
2026-07-10 13:12:22,215 [INFO] [*] Loaded strategy: macd_momentum
2026-07-10 13:12:22,216 [INFO] [*] Loaded strategy: small_cap_volatility
2026-07-10 13:12:22,216 [INFO] [*] Starting daily technical analysis...
2026-07-10 13:12:26,501 [INFO] [*] Daily analysis complete.
2026-07-10 13:12:26,501 [INFO] [*] Checking for live news...
2026-07-10 15:55:07,703 [INFO] [*] Loaded strategy: sma_trend
2026-07-10 15:55:07,713 [INFO] [*] Loaded strategy: news_sentiment
2026-07-10 15:55:07,714 [INFO] [*] Loaded strategy: rsi_reversion
2026-07-10 15:55:07,715 [INFO] [*] Loaded strategy: bollinger_reversion
2026-07-10 15:55:07,716 [INFO] [*] Loaded strategy: macd_momentum
2026-07-10 15:55:07,717 [INFO] [*] Loaded strategy: small_cap_volatility
2026-07-10 15:55:07,717 [INFO] [*] Starting daily technical analysis...
2026-07-10 15:55:12,109 [INFO] [*] Daily analysis complete.
2026-07-10 15:55:12,110 [INFO] [*] Checking for live news...
2026-07-10 17:47:51,789 [INFO] [*] Loaded strategy: sma_trend
2026-07-10 17:47:51,799 [INFO] [*] Loaded strategy: news_sentiment
2026-07-10 17:47:51,800 [INFO] [*] Loaded strategy: rsi_reversion
2026-07-10 17:47:51,801 [INFO] [*] Loaded strategy: bollinger_reversion
2026-07-10 17:47:51,802 [INFO] [*] Loaded strategy: macd_momentum
2026-07-10 17:47:51,803 [INFO] [*] Loaded strategy: small_cap_volatility
2026-07-10 17:47:51,803 [INFO] [*] Starting daily technical analysis...
2026-07-10 17:47:56,286 [INFO] [*] Daily analysis complete.
2026-07-10 17:47:56,286 [INFO] [*] Checking for live news...
2026-07-10 18:19:21,490 [INFO] [*] Loaded strategy: sma_trend
2026-07-10 18:19:21,499 [INFO] [*] Loaded strategy: news_sentiment
2026-07-10 18:19:21,500 [INFO] [*] Loaded strategy: rsi_reversion
2026-07-10 18:19:21,501 [INFO] [*] Loaded strategy: bollinger_reversion
2026-07-10 18:19:21,502 [INFO] [*] Loaded strategy: macd_momentum
2026-07-10 18:19:21,503 [INFO] [*] Loaded strategy: small_cap_volatility
2026-07-10 18:19:21,503 [INFO] [*] Starting daily technical analysis...
2026-07-10 18:19:26,622 [INFO] [*] Daily analysis complete.
2026-07-10 18:19:26,622 [INFO] [*] Checking for live news...
2026-07-13 11:11:58,385 [INFO] [*] Loaded strategy: sma_trend
2026-07-13 11:11:58,394 [INFO] [*] Loaded strategy: news_sentiment
2026-07-13 11:11:58,395 [INFO] [*] Loaded strategy: rsi_reversion
2026-07-13 11:11:58,396 [INFO] [*] Loaded strategy: bollinger_reversion
2026-07-13 11:11:58,397 [INFO] [*] Loaded strategy: macd_momentum
2026-07-13 11:11:58,398 [INFO] [*] Loaded strategy: small_cap_volatility
2026-07-13 11:11:58,398 [INFO] [*] Starting daily technical analysis...
2026-07-13 11:12:00,024 [INFO] [-] [bollinger_reversion] SOLD HM-B.ST
2026-07-13 11:12:02,533 [INFO] [*] Daily analysis complete.
2026-07-13 11:12:02,534 [INFO] [*] Checking for live news...
2026-07-13 13:34:10,332 [INFO] [*] Loaded strategy: sma_trend
2026-07-13 13:34:10,343 [INFO] [*] Loaded strategy: news_sentiment
2026-07-13 13:34:10,345 [INFO] [*] Loaded strategy: rsi_reversion
2026-07-13 13:34:10,346 [INFO] [*] Loaded strategy: bollinger_reversion
2026-07-13 13:34:10,347 [INFO] [*] Loaded strategy: macd_momentum
2026-07-13 13:34:10,348 [INFO] [*] Loaded strategy: small_cap_volatility
2026-07-13 13:34:10,348 [INFO] [*] Starting daily technical analysis...
2026-07-13 13:34:17,888 [INFO] [*] Daily analysis complete.
2026-07-13 13:34:17,888 [INFO] [*] Checking for live news...
2026-07-13 16:34:15,626 [INFO] [*] Loaded strategy: sma_trend
2026-07-13 16:34:15,636 [INFO] [*] Loaded strategy: news_sentiment
2026-07-13 16:34:15,637 [INFO] [*] Loaded strategy: rsi_reversion
2026-07-13 16:34:15,638 [INFO] [*] Loaded strategy: bollinger_reversion
2026-07-13 16:34:15,639 [INFO] [*] Loaded strategy: macd_momentum
2026-07-13 16:34:15,640 [INFO] [*] Loaded strategy: small_cap_volatility
2026-07-13 16:34:15,640 [INFO] [*] Starting daily technical analysis...
2026-07-13 16:34:20,395 [INFO] [*] Daily analysis complete.
2026-07-13 16:34:20,395 [INFO] [*] Checking for live news...
2026-07-13 18:29:06,710 [INFO] [*] Loaded strategy: sma_trend
2026-07-13 18:29:06,717 [INFO] [*] Loaded strategy: news_sentiment
2026-07-13 18:29:06,718 [INFO] [*] Loaded strategy: rsi_reversion
2026-07-13 18:29:06,719 [INFO] [*] Loaded strategy: bollinger_reversion
2026-07-13 18:29:06,719 [INFO] [*] Loaded strategy: macd_momentum
2026-07-13 18:29:06,720 [INFO] [*] Loaded strategy: small_cap_volatility
2026-07-13 18:29:06,720 [INFO] [*] Starting daily technical analysis...
2026-07-13 18:29:11,640 [INFO] [*] Daily analysis complete.
2026-07-13 18:29:11,640 [INFO] [*] Checking for live news...
2026-07-14 09:58:55,111 [INFO] [*] Loaded strategy: sma_trend
2026-07-14 09:58:55,122 [INFO] [*] Loaded strategy: news_sentiment
2026-07-14 09:58:55,123 [INFO] [*] Loaded strategy: rsi_reversion
2026-07-14 09:58:55,124 [INFO] [*] Loaded strategy: bollinger_reversion
2026-07-14 09:58:55,125 [INFO] [*] Loaded strategy: macd_momentum
2026-07-14 09:58:55,126 [INFO] [*] Loaded strategy: small_cap_volatility
2026-07-14 09:58:55,126 [INFO] [*] Starting daily technical analysis...
2026-07-14 09:58:58,840 [INFO] [+] [rsi_reversion] BOUGHT 68 FING-B.ST
2026-07-14 09:58:59,309 [INFO] [*] Daily analysis complete.
2026-07-14 09:58:59,309 [INFO] [*] Checking for live news...
2026-07-14 11:38:52,737 [INFO] [*] Loaded strategy: sma_trend
2026-07-14 11:38:52,747 [INFO] [*] Loaded strategy: news_sentiment
2026-07-14 11:38:52,748 [INFO] [*] Loaded strategy: rsi_reversion
2026-07-14 11:38:52,748 [INFO] [*] Loaded strategy: bollinger_reversion
2026-07-14 11:38:52,749 [INFO] [*] Loaded strategy: macd_momentum
2026-07-14 11:38:52,750 [INFO] [*] Loaded strategy: small_cap_volatility
2026-07-14 11:38:52,750 [INFO] [*] Starting daily technical analysis...
2026-07-14 11:38:54,477 [INFO] [+] [bollinger_reversion] BOUGHT 9 ERIC-B.ST
2026-07-14 11:38:56,857 [INFO] [*] Daily analysis complete.
2026-07-14 11:38:56,857 [INFO] [*] Checking for live news...
2026-07-14 13:45:13,465 [INFO] [*] Loaded strategy: sma_trend
2026-07-14 13:45:13,472 [INFO] [*] Loaded strategy: news_sentiment
2026-07-14 13:45:13,473 [INFO] [*] Loaded strategy: rsi_reversion
2026-07-14 13:45:13,474 [INFO] [*] Loaded strategy: bollinger_reversion
2026-07-14 13:45:13,474 [INFO] [*] Loaded strategy: macd_momentum
2026-07-14 13:45:13,475 [INFO] [*] Loaded strategy: small_cap_volatility
2026-07-14 13:45:13,475 [INFO] [*] Starting daily technical analysis...
2026-07-14 13:45:24,531 [INFO] [*] Daily analysis complete.
2026-07-14 13:45:24,531 [INFO] [*] Checking for live news...
2026-07-14 15:24:03,676 [INFO] [*] Loaded strategy: sma_trend
2026-07-14 15:24:03,685 [INFO] [*] Loaded strategy: news_sentiment
2026-07-14 15:24:03,686 [INFO] [*] Loaded strategy: rsi_reversion
2026-07-14 15:24:03,687 [INFO] [*] Loaded strategy: bollinger_reversion
2026-07-14 15:24:03,688 [INFO] [*] Loaded strategy: macd_momentum
2026-07-14 15:24:03,689 [INFO] [*] Loaded strategy: small_cap_volatility
2026-07-14 15:24:03,689 [INFO] [*] Starting daily technical analysis...
2026-07-14 15:24:08,203 [INFO] [*] Daily analysis complete.
2026-07-14 15:24:08,203 [INFO] [*] Checking for live news...
2026-07-14 16:45:21,501 [INFO] [*] Loaded strategy: sma_trend
2026-07-14 16:45:21,511 [INFO] [*] Loaded strategy: news_sentiment
2026-07-14 16:45:21,512 [INFO] [*] Loaded strategy: rsi_reversion
2026-07-14 16:45:21,513 [INFO] [*] Loaded strategy: bollinger_reversion
2026-07-14 16:45:21,514 [INFO] [*] Loaded strategy: macd_momentum
2026-07-14 16:45:21,514 [INFO] [*] Loaded strategy: small_cap_volatility
2026-07-14 16:45:21,515 [INFO] [*] Starting daily technical analysis...
2026-07-14 16:45:24,013 [INFO] [-] [macd_momentum] SOLD ERIC-B.ST
2026-07-14 16:45:27,095 [INFO] [*] Daily analysis complete.
2026-07-14 16:45:27,096 [INFO] [*] Checking for live news...
2026-07-14 17:58:21,128 [INFO] [*] Loaded strategy: sma_trend
2026-07-14 17:58:21,135 [INFO] [*] Loaded strategy: news_sentiment
2026-07-14 17:58:21,136 [INFO] [*] Loaded strategy: rsi_reversion
2026-07-14 17:58:21,137 [INFO] [*] Loaded strategy: bollinger_reversion
2026-07-14 17:58:21,138 [INFO] [*] Loaded strategy: macd_momentum
2026-07-14 17:58:21,138 [INFO] [*] Loaded strategy: small_cap_volatility
2026-07-14 17:58:21,138 [INFO] [*] Starting daily technical analysis...
2026-07-14 17:58:25,883 [INFO] [*] Daily analysis complete.
2026-07-14 17:58:25,883 [INFO] [*] Checking for live news...
2026-07-15 10:03:15,418 [INFO] [*] Loaded strategy: sma_trend
2026-07-15 10:03:15,428 [INFO] [*] Loaded strategy: news_sentiment
2026-07-15 10:03:15,429 [INFO] [*] Loaded strategy: rsi_reversion
2026-07-15 10:03:15,430 [INFO] [*] Loaded strategy: bollinger_reversion
2026-07-15 10:03:15,431 [INFO] [*] Loaded strategy: macd_momentum
2026-07-15 10:03:15,432 [INFO] [*] Loaded strategy: small_cap_volatility
2026-07-15 10:03:15,432 [INFO] [*] Starting daily technical analysis...
2026-07-15 10:03:17,554 [INFO] [+] [macd_momentum] BOUGHT 21 TELIA.ST
2026-07-15 10:03:19,441 [INFO] [*] Daily analysis complete.
2026-07-15 10:03:19,441 [INFO] [*] Checking for live news...
2026-07-15 11:58:32,625 [INFO] [*] Loaded strategy: sma_trend
2026-07-15 11:58:32,635 [INFO] [*] Loaded strategy: news_sentiment
2026-07-15 11:58:32,636 [INFO] [*] Loaded strategy: rsi_reversion
2026-07-15 11:58:32,637 [INFO] [*] Loaded strategy: bollinger_reversion
2026-07-15 11:58:32,638 [INFO] [*] Loaded strategy: macd_momentum
2026-07-15 11:58:32,639 [INFO] [*] Loaded strategy: small_cap_volatility
2026-07-15 11:58:32,639 [INFO] [*] Starting daily technical analysis...
2026-07-15 11:58:41,222 [INFO] [*] Daily analysis complete.
2026-07-15 11:58:41,222 [INFO] [*] Checking for live news...
2026-07-15 14:01:36,088 [INFO] [*] Loaded strategy: sma_trend
2026-07-15 14:01:36,098 [INFO] [*] Loaded strategy: news_sentiment
2026-07-15 14:01:36,099 [INFO] [*] Loaded strategy: rsi_reversion
2026-07-15 14:01:36,100 [INFO] [*] Loaded strategy: bollinger_reversion
2026-07-15 14:01:36,101 [INFO] [*] Loaded strategy: macd_momentum
2026-07-15 14:01:36,102 [INFO] [*] Loaded strategy: small_cap_volatility
2026-07-15 14:01:36,102 [INFO] [*] Starting daily technical analysis...
2026-07-15 14:01:45,688 [INFO] [+] [macd_momentum] BOUGHT 7 CAST.ST
2026-07-15 14:01:45,689 [INFO] [*] Daily analysis complete.
2026-07-15 14:01:45,689 [INFO] [*] Checking for live news...
2026-07-15 16:01:54,920 [INFO] [*] Loaded strategy: sma_trend
2026-07-15 16:01:54,930 [INFO] [*] Loaded strategy: news_sentiment
2026-07-15 16:01:54,931 [INFO] [*] Loaded strategy: rsi_reversion
2026-07-15 16:01:54,932 [INFO] [*] Loaded strategy: bollinger_reversion
2026-07-15 16:01:54,933 [INFO] [*] Loaded strategy: macd_momentum
2026-07-15 16:01:54,934 [INFO] [*] Loaded strategy: small_cap_volatility
2026-07-15 16:01:54,934 [INFO] [*] Starting daily technical analysis...
2026-07-15 16:01:59,908 [INFO] [*] Daily analysis complete.
2026-07-15 16:01:59,908 [INFO] [*] Checking for live news...
2026-07-15 17:47:19,692 [INFO] [*] Loaded strategy: sma_trend
2026-07-15 17:47:19,702 [INFO] [*] Loaded strategy: news_sentiment
2026-07-15 17:47:19,703 [INFO] [*] Loaded strategy: rsi_reversion
2026-07-15 17:47:19,704 [INFO] [*] Loaded strategy: bollinger_reversion
2026-07-15 17:47:19,705 [INFO] [*] Loaded strategy: macd_momentum
2026-07-15 17:47:19,705 [INFO] [*] Loaded strategy: small_cap_volatility
2026-07-15 17:47:19,705 [INFO] [*] Starting daily technical analysis...
2026-07-15 17:47:25,058 [INFO] [*] Daily analysis complete.
2026-07-15 17:47:25,058 [INFO] [*] Checking for live news...
2026-07-15 18:01:43,385 [INFO] [*] Loaded strategy: sma_trend
2026-07-15 18:01:43,395 [INFO] [*] Loaded strategy: news_sentiment
2026-07-15 18:01:43,396 [INFO] [*] Loaded strategy: rsi_reversion
2026-07-15 18:01:43,397 [INFO] [*] Loaded strategy: bollinger_reversion
2026-07-15 18:01:43,398 [INFO] [*] Loaded strategy: macd_momentum
2026-07-15 18:01:43,399 [INFO] [*] Loaded strategy: small_cap_volatility
2026-07-15 18:01:43,399 [INFO] [*] Starting daily technical analysis...
2026-07-15 18:01:52,076 [INFO] [*] Daily analysis complete.
2026-07-15 18:01:52,076 [INFO] [*] Checking for live news...
2026-07-16 10:09:26,399 [INFO] [*] Loaded strategy: sma_trend
2026-07-16 10:09:26,408 [INFO] [*] Loaded strategy: news_sentiment
2026-07-16 10:09:26,410 [INFO] [*] Loaded strategy: rsi_reversion
2026-07-16 10:09:26,410 [INFO] [*] Loaded strategy: bollinger_reversion
2026-07-16 10:09:26,411 [INFO] [*] Loaded strategy: macd_momentum
2026-07-16 10:09:26,412 [INFO] [*] Loaded strategy: small_cap_volatility
2026-07-16 10:09:26,412 [INFO] [*] Starting daily technical analysis...
2026-07-16 10:09:30,395 [INFO] [-] [macd_momentum] SOLD TELIA.ST
2026-07-16 10:09:31,151 [INFO] [+] [bollinger_reversion] BOUGHT 1 ABB.ST
2026-07-16 10:09:34,520 [INFO] [-] [macd_momentum] SOLD CAST.ST
2026-07-16 10:09:34,521 [INFO] [*] Daily analysis complete.
2026-07-16 10:09:34,521 [INFO] [*] Checking for live news...
2026-07-16 12:01:16,406 [INFO] [*] Loaded strategy: sma_trend
2026-07-16 12:01:16,416 [INFO] [*] Loaded strategy: news_sentiment
2026-07-16 12:01:16,417 [INFO] [*] Loaded strategy: rsi_reversion
2026-07-16 12:01:16,418 [INFO] [*] Loaded strategy: bollinger_reversion
2026-07-16 12:01:16,419 [INFO] [*] Loaded strategy: macd_momentum
2026-07-16 12:01:16,420 [INFO] [*] Loaded strategy: small_cap_volatility
2026-07-16 12:01:16,420 [INFO] [*] Starting daily technical analysis...
2026-07-16 12:01:21,614 [INFO] [*] Daily analysis complete.
2026-07-16 12:01:21,614 [INFO] [*] Checking for live news...
2026-07-16 14:32:52,544 [INFO] [*] Loaded strategy: sma_trend
2026-07-16 14:32:52,554 [INFO] [*] Loaded strategy: news_sentiment
2026-07-16 14:32:52,555 [INFO] [*] Loaded strategy: rsi_reversion
2026-07-16 14:32:52,556 [INFO] [*] Loaded strategy: bollinger_reversion
2026-07-16 14:32:52,557 [INFO] [*] Loaded strategy: macd_momentum
2026-07-16 14:32:52,558 [INFO] [*] Loaded strategy: small_cap_volatility
2026-07-16 14:32:52,558 [INFO] [*] Starting daily technical analysis...
2026-07-16 14:33:01,766 [INFO] [*] Daily analysis complete.
2026-07-16 14:33:01,767 [INFO] [*] Checking for live news...
2026-07-16 16:17:26,937 [INFO] [*] Loaded strategy: sma_trend
2026-07-16 16:17:26,947 [INFO] [*] Loaded strategy: news_sentiment
2026-07-16 16:17:26,948 [INFO] [*] Loaded strategy: rsi_reversion
2026-07-16 16:17:26,948 [INFO] [*] Loaded strategy: bollinger_reversion
2026-07-16 16:17:26,949 [INFO] [*] Loaded strategy: macd_momentum
2026-07-16 16:17:26,950 [INFO] [*] Loaded strategy: small_cap_volatility
2026-07-16 16:17:26,950 [INFO] [*] Starting daily technical analysis...
2026-07-16 16:17:34,384 [INFO] [+] [bollinger_reversion] BOUGHT 2 SAND.ST
2026-07-16 16:17:37,442 [INFO] [*] Daily analysis complete.
2026-07-16 16:17:37,442 [INFO] [*] Checking for live news...
2026-07-16 17:46:30,525 [INFO] [*] Loaded strategy: sma_trend
2026-07-16 17:46:30,535 [INFO] [*] Loaded strategy: news_sentiment
2026-07-16 17:46:30,536 [INFO] [*] Loaded strategy: rsi_reversion
2026-07-16 17:46:30,537 [INFO] [*] Loaded strategy: bollinger_reversion
2026-07-16 17:46:30,538 [INFO] [*] Loaded strategy: macd_momentum
2026-07-16 17:46:30,538 [INFO] [*] Loaded strategy: small_cap_volatility
2026-07-16 17:46:30,539 [INFO] [*] Starting daily technical analysis...
2026-07-16 17:46:40,227 [INFO] [*] Daily analysis complete.
2026-07-16 17:46:40,227 [INFO] [*] Checking for live news...
2026-07-16 18:01:35,956 [INFO] [*] Loaded strategy: sma_trend
2026-07-16 18:01:35,966 [INFO] [*] Loaded strategy: news_sentiment
2026-07-16 18:01:35,967 [INFO] [*] Loaded strategy: rsi_reversion
2026-07-16 18:01:35,968 [INFO] [*] Loaded strategy: bollinger_reversion
2026-07-16 18:01:35,969 [INFO] [*] Loaded strategy: macd_momentum
2026-07-16 18:01:35,970 [INFO] [*] Loaded strategy: small_cap_volatility
2026-07-16 18:01:35,970 [INFO] [*] Starting daily technical analysis...
2026-07-16 18:01:43,148 [INFO] [*] Daily analysis complete.
2026-07-16 18:01:43,148 [INFO] [*] Checking for live news...
2026-07-17 09:57:47,443 [INFO] [*] Loaded strategy: sma_trend
2026-07-17 09:57:47,453 [INFO] [*] Loaded strategy: news_sentiment
2026-07-17 09:57:47,454 [INFO] [*] Loaded strategy: rsi_reversion
2026-07-17 09:57:47,455 [INFO] [*] Loaded strategy: bollinger_reversion
2026-07-17 09:57:47,456 [INFO] [*] Loaded strategy: macd_momentum
2026-07-17 09:57:47,457 [INFO] [*] Loaded strategy: small_cap_volatility
2026-07-17 09:57:47,457 [INFO] [*] Starting daily technical analysis...
2026-07-17 09:57:51,865 [INFO] [-] [macd_momentum] SOLD SKF-B.ST
2026-07-17 09:57:55,496 [INFO] [*] Daily analysis complete.
2026-07-17 09:57:55,496 [INFO] [*] Checking for live news...
2026-07-17 11:25:28,310 [INFO] [*] Loaded strategy: sma_trend
2026-07-17 11:25:28,319 [INFO] [*] Loaded strategy: news_sentiment
2026-07-17 11:25:28,320 [INFO] [*] Loaded strategy: rsi_reversion
2026-07-17 11:25:28,321 [INFO] [*] Loaded strategy: bollinger_reversion
2026-07-17 11:25:28,322 [INFO] [*] Loaded strategy: macd_momentum
2026-07-17 11:25:28,323 [INFO] [*] Loaded strategy: small_cap_volatility
2026-07-17 11:25:28,323 [INFO] [*] Starting daily technical analysis...
2026-07-17 11:25:33,419 [INFO] [*] Daily analysis complete.
2026-07-17 11:25:33,419 [INFO] [*] Checking for live news...
2026-07-17 12:43:09,158 [INFO] [*] Loaded strategy: sma_trend
2026-07-17 12:43:09,167 [INFO] [*] Loaded strategy: news_sentiment
2026-07-17 12:43:09,168 [INFO] [*] Loaded strategy: rsi_reversion
2026-07-17 12:43:09,169 [INFO] [*] Loaded strategy: bollinger_reversion
2026-07-17 12:43:09,170 [INFO] [*] Loaded strategy: macd_momentum
2026-07-17 12:43:09,171 [INFO] [*] Loaded strategy: small_cap_volatility
2026-07-17 12:43:09,171 [INFO] [*] Starting daily technical analysis...
2026-07-17 12:43:14,232 [INFO] [*] Daily analysis complete.
2026-07-17 12:43:14,232 [INFO] [*] Checking for live news...
2026-07-17 14:44:00,738 [INFO] [*] Loaded strategy: sma_trend
2026-07-17 14:44:00,747 [INFO] [*] Loaded strategy: news_sentiment
2026-07-17 14:44:00,749 [INFO] [*] Loaded strategy: rsi_reversion
2026-07-17 14:44:00,750 [INFO] [*] Loaded strategy: bollinger_reversion
2026-07-17 14:44:00,751 [INFO] [*] Loaded strategy: macd_momentum
2026-07-17 14:44:00,752 [INFO] [*] Loaded strategy: small_cap_volatility
2026-07-17 14:44:00,752 [INFO] [*] Starting daily technical analysis...
2026-07-17 14:44:05,516 [INFO] [*] Daily analysis complete.
2026-07-17 14:44:05,516 [INFO] [*] Checking for live news...
2026-07-17 16:16:13,131 [INFO] [*] Loaded strategy: sma_trend
2026-07-17 16:16:13,141 [INFO] [*] Loaded strategy: news_sentiment
2026-07-17 16:16:13,142 [INFO] [*] Loaded strategy: rsi_reversion
2026-07-17 16:16:13,143 [INFO] [*] Loaded strategy: bollinger_reversion
2026-07-17 16:16:13,144 [INFO] [*] Loaded strategy: macd_momentum
2026-07-17 16:16:13,145 [INFO] [*] Loaded strategy: small_cap_volatility
2026-07-17 16:16:13,145 [INFO] [*] Starting daily technical analysis...
2026-07-17 16:16:22,972 [INFO] [*] Daily analysis complete.
2026-07-17 16:16:22,972 [INFO] [*] Checking for live news...
2026-07-17 17:38:40,642 [INFO] [*] Loaded strategy: sma_trend
2026-07-17 17:38:40,652 [INFO] [*] Loaded strategy: news_sentiment
2026-07-17 17:38:40,653 [INFO] [*] Loaded strategy: rsi_reversion
2026-07-17 17:38:40,654 [INFO] [*] Loaded strategy: bollinger_reversion
2026-07-17 17:38:40,655 [INFO] [*] Loaded strategy: macd_momentum
2026-07-17 17:38:40,656 [INFO] [*] Loaded strategy: small_cap_volatility
2026-07-17 17:38:40,656 [INFO] [*] Starting daily technical analysis...
2026-07-17 17:38:46,499 [INFO] [*] Daily analysis complete.
2026-07-17 17:38:46,499 [INFO] [*] Checking for live news...
2026-07-17 17:59:51,458 [INFO] [*] Loaded strategy: sma_trend
2026-07-17 17:59:51,467 [INFO] [*] Loaded strategy: news_sentiment
2026-07-17 17:59:51,468 [INFO] [*] Loaded strategy: rsi_reversion
2026-07-17 17:59:51,470 [INFO] [*] Loaded strategy: bollinger_reversion
2026-07-17 17:59:51,470 [INFO] [*] Loaded strategy: macd_momentum
2026-07-17 17:59:51,471 [INFO] [*] Loaded strategy: small_cap_volatility
2026-07-17 17:59:51,471 [INFO] [*] Starting daily technical analysis...
2026-07-17 17:59:55,843 [INFO] [*] Daily analysis complete.
2026-07-17 17:59:55,844 [INFO] [*] Checking for live news...
2026-07-20 10:52:44,456 [INFO] [*] Loaded strategy: sma_trend
2026-07-20 10:52:44,464 [INFO] [*] Loaded strategy: news_sentiment
2026-07-20 10:52:44,465 [INFO] [*] Loaded strategy: rsi_reversion
2026-07-20 10:52:44,465 [INFO] [*] Loaded strategy: bollinger_reversion
2026-07-20 10:52:44,466 [INFO] [*] Loaded strategy: macd_momentum
2026-07-20 10:52:44,467 [INFO] [*] Loaded strategy: small_cap_volatility
2026-07-20 10:52:44,467 [INFO] [*] Starting daily technical analysis...
2026-07-20 10:52:51,902 [INFO] [+] [rsi_reversion] BOUGHT 2 SAND.ST
2026-07-20 10:52:54,217 [INFO] [-] [rsi_reversion] SOLD BETCO.ST
2026-07-20 10:52:54,665 [INFO] [*] Daily analysis complete.
2026-07-20 10:52:54,666 [INFO] [*] Checking for live news...
2026-07-20 10:53:02,122 [ERROR] $FING-B.ST: possibly delisted; no price data found  (period=1d)
2026-07-20 13:06:41,946 [INFO] [*] Loaded strategy: sma_trend
2026-07-20 13:06:41,956 [INFO] [*] Loaded strategy: news_sentiment
2026-07-20 13:06:41,957 [INFO] [*] Loaded strategy: rsi_reversion
2026-07-20 13:06:41,958 [INFO] [*] Loaded strategy: bollinger_reversion
2026-07-20 13:06:41,959 [INFO] [*] Loaded strategy: macd_momentum
2026-07-20 13:06:41,960 [INFO] [*] Loaded strategy: small_cap_volatility
2026-07-20 13:06:41,960 [INFO] [*] Starting daily technical analysis...
2026-07-20 13:06:48,052 [INFO] [*] Daily analysis complete.
2026-07-20 13:06:48,052 [INFO] [*] Checking for live news...
2026-07-20 13:06:53,459 [ERROR] $FING-B.ST: possibly delisted; no price data found  (period=1d)
2026-07-20 15:28:17,750 [INFO] [*] Loaded strategy: sma_trend
2026-07-20 15:28:17,760 [INFO] [*] Loaded strategy: news_sentiment
2026-07-20 15:28:17,761 [INFO] [*] Loaded strategy: rsi_reversion
2026-07-20 15:28:17,762 [INFO] [*] Loaded strategy: bollinger_reversion
2026-07-20 15:28:17,763 [INFO] [*] Loaded strategy: macd_momentum
2026-07-20 15:28:17,763 [INFO] [*] Loaded strategy: small_cap_volatility
2026-07-20 15:28:17,764 [INFO] [*] Starting daily technical analysis...
2026-07-20 15:28:22,888 [INFO] [-] [small_cap_volatility] SOLD SKF-B.ST
2026-07-20 15:28:26,320 [INFO] [*] Daily analysis complete.
2026-07-20 15:28:26,320 [INFO] [*] Checking for live news...
2026-07-20 15:28:32,264 [ERROR] $FING-B.ST: possibly delisted; no price data found  (period=1d)
2026-07-20 17:00:55,477 [INFO] [*] Loaded strategy: sma_trend
2026-07-20 17:00:55,484 [INFO] [*] Loaded strategy: news_sentiment
2026-07-20 17:00:55,485 [INFO] [*] Loaded strategy: rsi_reversion
2026-07-20 17:00:55,486 [INFO] [*] Loaded strategy: bollinger_reversion
2026-07-20 17:00:55,486 [INFO] [*] Loaded strategy: macd_momentum
2026-07-20 17:00:55,487 [INFO] [*] Loaded strategy: small_cap_volatility
2026-07-20 17:00:55,487 [INFO] [*] Starting daily technical analysis...
2026-07-20 17:00:59,962 [INFO] [-] [sma_trend] SOLD SKF-B.ST
2026-07-20 17:01:01,768 [INFO] [+] [sma_trend] BOUGHT 2 SWED-A.ST
2026-07-20 17:01:03,525 [INFO] [*] Daily analysis complete.
2026-07-20 17:01:03,526 [INFO] [*] Checking for live news...
2026-07-20 17:01:09,580 [ERROR] $FING-B.ST: possibly delisted; no price data found  (period=1d)
2026-07-20 18:50:23,534 [INFO] [*] Loaded strategy: sma_trend
2026-07-20 18:50:23,545 [INFO] [*] Loaded strategy: news_sentiment
2026-07-20 18:50:23,545 [INFO] [*] Loaded strategy: rsi_reversion
2026-07-20 18:50:23,546 [INFO] [*] Loaded strategy: bollinger_reversion
2026-07-20 18:50:23,547 [INFO] [*] Loaded strategy: macd_momentum
2026-07-20 18:50:23,548 [INFO] [*] Loaded strategy: small_cap_volatility
2026-07-20 18:50:23,548 [INFO] [*] Starting daily technical analysis...
2026-07-20 18:50:30,696 [INFO] [*] Daily analysis complete.
2026-07-20 18:50:30,696 [INFO] [*] Checking for live news...
2026-07-20 18:50:35,576 [ERROR] $FING-B.ST: possibly delisted; no price data found  (period=1d)
2026-07-21 10:25:48,514 [INFO] [*] Loaded strategy: sma_trend
2026-07-21 10:25:48,524 [INFO] [*] Loaded strategy: news_sentiment
2026-07-21 10:25:48,525 [INFO] [*] Loaded strategy: rsi_reversion
2026-07-21 10:25:48,526 [INFO] [*] Loaded strategy: bollinger_reversion
2026-07-21 10:25:48,527 [INFO] [*] Loaded strategy: macd_momentum
2026-07-21 10:25:48,528 [INFO] [*] Loaded strategy: small_cap_volatility
2026-07-21 10:25:48,528 [INFO] [*] Starting daily technical analysis...
2026-07-21 10:25:50,332 [INFO] [+] [macd_momentum] BOUGHT 5 NDA-SE.ST
2026-07-21 10:25:50,538 [ERROR] $TELIA.ST: possibly delisted; no price data found  (period=2y)
2026-07-21 10:25:51,117 [ERROR] $ALIV-SDB.ST: possibly delisted; no price data found  (period=2y)
2026-07-21 10:25:51,459 [INFO] [+] [macd_momentum] BOUGHT 5 ATCO-A.ST
2026-07-21 10:25:52,654 [INFO] [*] Daily analysis complete.
2026-07-21 10:25:52,654 [INFO] [*] Checking for live news...
2026-07-21 10:25:56,199 [ERROR] $FING-B.ST: possibly delisted; no price data found  (period=1d)
2026-07-21 12:08:36,700 [INFO] [*] Loaded strategy: sma_trend
2026-07-21 12:08:36,710 [INFO] [*] Loaded strategy: news_sentiment
2026-07-21 12:08:36,711 [INFO] [*] Loaded strategy: rsi_reversion
2026-07-21 12:08:36,712 [INFO] [*] Loaded strategy: bollinger_reversion
2026-07-21 12:08:36,713 [INFO] [*] Loaded strategy: macd_momentum
2026-07-21 12:08:36,714 [INFO] [*] Loaded strategy: small_cap_volatility
2026-07-21 12:08:36,714 [INFO] [*] Starting daily technical analysis...
2026-07-21 12:08:44,893 [INFO] [*] Daily analysis complete.
2026-07-21 12:08:44,893 [INFO] [*] Checking for live news...
2026-07-21 12:08:50,340 [ERROR] $FING-B.ST: possibly delisted; no price data found  (period=1d)
2026-07-21 14:34:10,632 [INFO] [*] Loaded strategy: sma_trend
2026-07-21 14:34:10,642 [INFO] [*] Loaded strategy: news_sentiment
2026-07-21 14:34:10,643 [INFO] [*] Loaded strategy: rsi_reversion
2026-07-21 14:34:10,644 [INFO] [*] Loaded strategy: bollinger_reversion
2026-07-21 14:34:10,645 [INFO] [*] Loaded strategy: macd_momentum
2026-07-21 14:34:10,646 [INFO] [*] Loaded strategy: small_cap_volatility
2026-07-21 14:34:10,646 [INFO] [*] Starting daily technical analysis...
2026-07-21 14:34:19,466 [INFO] [*] Daily analysis complete.
2026-07-21 14:34:19,466 [INFO] [*] Checking for live news...
2026-07-21 14:34:25,347 [ERROR] $FING-B.ST: possibly delisted; no price data found  (period=1d)
2026-07-21 16:23:05,193 [INFO] [*] Loaded strategy: sma_trend
2026-07-21 16:23:05,203 [INFO] [*] Loaded strategy: news_sentiment
2026-07-21 16:23:05,204 [INFO] [*] Loaded strategy: rsi_reversion
2026-07-21 16:23:05,205 [INFO] [*] Loaded strategy: bollinger_reversion
2026-07-21 16:23:05,206 [INFO] [*] Loaded strategy: macd_momentum
2026-07-21 16:23:05,207 [INFO] [*] Loaded strategy: small_cap_volatility
2026-07-21 16:23:05,207 [INFO] [*] Starting daily technical analysis...
2026-07-21 16:23:09,844 [INFO] [*] Daily analysis complete.
2026-07-21 16:23:09,844 [INFO] [*] Checking for live news...
2026-07-21 16:23:14,683 [ERROR] $FING-B.ST: possibly delisted; no price data found  (period=1d)
2026-07-21 17:53:23,685 [INFO] [*] Loaded strategy: sma_trend
2026-07-21 17:53:23,695 [INFO] [*] Loaded strategy: news_sentiment
2026-07-21 17:53:23,696 [INFO] [*] Loaded strategy: rsi_reversion
2026-07-21 17:53:23,697 [INFO] [*] Loaded strategy: bollinger_reversion
2026-07-21 17:53:23,698 [INFO] [*] Loaded strategy: macd_momentum
2026-07-21 17:53:23,699 [INFO] [*] Loaded strategy: small_cap_volatility
2026-07-21 17:53:23,699 [INFO] [*] Starting daily technical analysis...
2026-07-21 17:53:31,978 [INFO] [*] Daily analysis complete.
2026-07-21 17:53:31,979 [INFO] [*] Checking for live news...
2026-07-21 17:53:38,537 [ERROR] $FING-B.ST: possibly delisted; no price data found  (period=1d)
2026-07-21 18:13:03,180 [INFO] [*] Loaded strategy: sma_trend
2026-07-21 18:13:03,191 [INFO] [*] Loaded strategy: news_sentiment
2026-07-21 18:13:03,192 [INFO] [*] Loaded strategy: rsi_reversion
2026-07-21 18:13:03,193 [INFO] [*] Loaded strategy: bollinger_reversion
2026-07-21 18:13:03,193 [INFO] [*] Loaded strategy: macd_momentum
2026-07-21 18:13:03,194 [INFO] [*] Loaded strategy: small_cap_volatility
2026-07-21 18:13:03,194 [INFO] [*] Starting daily technical analysis...
2026-07-21 18:13:08,554 [INFO] [*] Daily analysis complete.
2026-07-21 18:13:08,554 [INFO] [*] Checking for live news...
2026-07-21 18:13:12,728 [ERROR] $FING-B.ST: possibly delisted; no price data found  (period=1d)
2026-07-22 10:25:18,870 [INFO] [*] Loaded strategy: sma_trend
2026-07-22 10:25:18,880 [INFO] [*] Loaded strategy: news_sentiment
2026-07-22 10:25:18,881 [INFO] [*] Loaded strategy: rsi_reversion
2026-07-22 10:25:18,882 [INFO] [*] Loaded strategy: bollinger_reversion
2026-07-22 10:25:18,883 [INFO] [*] Loaded strategy: macd_momentum
2026-07-22 10:25:18,884 [INFO] [*] Loaded strategy: small_cap_volatility
2026-07-22 10:25:18,884 [INFO] [*] Starting daily technical analysis...
2026-07-22 10:25:22,704 [INFO] [*] Daily analysis complete.
2026-07-22 10:25:22,704 [INFO] [*] Checking for live news...
2026-07-22 10:25:26,344 [ERROR] $FING-B.ST: possibly delisted; no price data found  (period=1d)
2026-07-22 12:11:37,253 [INFO] [*] Loaded strategy: sma_trend
2026-07-22 12:11:37,263 [INFO] [*] Loaded strategy: news_sentiment
2026-07-22 12:11:37,264 [INFO] [*] Loaded strategy: rsi_reversion
2026-07-22 12:11:37,265 [INFO] [*] Loaded strategy: bollinger_reversion
2026-07-22 12:11:37,266 [INFO] [*] Loaded strategy: macd_momentum
2026-07-22 12:11:37,267 [INFO] [*] Loaded strategy: small_cap_volatility
2026-07-22 12:11:37,267 [INFO] [*] Starting daily technical analysis...
2026-07-22 12:11:44,460 [INFO] [*] Daily analysis complete.
2026-07-22 12:11:44,460 [INFO] [*] Checking for live news...
2026-07-22 12:11:49,518 [ERROR] $FING-B.ST: possibly delisted; no price data found  (period=1d)
2026-07-22 14:34:16,909 [INFO] [*] Loaded strategy: sma_trend
2026-07-22 14:34:16,918 [INFO] [*] Loaded strategy: news_sentiment
2026-07-22 14:34:16,919 [INFO] [*] Loaded strategy: rsi_reversion
2026-07-22 14:34:16,920 [INFO] [*] Loaded strategy: bollinger_reversion
2026-07-22 14:34:16,920 [INFO] [*] Loaded strategy: macd_momentum
2026-07-22 14:34:16,921 [INFO] [*] Loaded strategy: small_cap_volatility
2026-07-22 14:34:16,921 [INFO] [*] Starting daily technical analysis...
2026-07-22 14:34:24,028 [INFO] [*] Daily analysis complete.
2026-07-22 14:34:24,029 [INFO] [*] Checking for live news...
2026-07-22 14:34:30,036 [ERROR] $FING-B.ST: possibly delisted; no price data found  (period=1d)
2026-07-22 16:20:03,576 [INFO] [*] Loaded strategy: sma_trend
2026-07-22 16:20:03,585 [INFO] [*] Loaded strategy: news_sentiment
2026-07-22 16:20:03,586 [INFO] [*] Loaded strategy: rsi_reversion
2026-07-22 16:20:03,587 [INFO] [*] Loaded strategy: bollinger_reversion
2026-07-22 16:20:03,588 [INFO] [*] Loaded strategy: macd_momentum
2026-07-22 16:20:03,589 [INFO] [*] Loaded strategy: small_cap_volatility
2026-07-22 16:20:03,589 [INFO] [*] Starting daily technical analysis...
2026-07-22 16:20:07,963 [INFO] [*] Daily analysis complete.
2026-07-22 16:20:07,963 [INFO] [*] Checking for live news...
2026-07-22 16:20:12,706 [ERROR] $FING-B.ST: possibly delisted; no price data found  (period=1d)
2026-07-22 17:48:57,043 [INFO] [*] Loaded strategy: sma_trend
2026-07-22 17:48:57,052 [INFO] [*] Loaded strategy: news_sentiment
2026-07-22 17:48:57,053 [INFO] [*] Loaded strategy: rsi_reversion
2026-07-22 17:48:57,054 [INFO] [*] Loaded strategy: bollinger_reversion
2026-07-22 17:48:57,055 [INFO] [*] Loaded strategy: macd_momentum
2026-07-22 17:48:57,055 [INFO] [*] Loaded strategy: small_cap_volatility
2026-07-22 17:48:57,055 [INFO] [*] Starting daily technical analysis...
2026-07-22 17:49:03,273 [INFO] [*] Daily analysis complete.
2026-07-22 17:49:03,273 [INFO] [*] Checking for live news...
2026-07-22 17:49:08,958 [ERROR] $FING-B.ST: possibly delisted; no price data found  (period=1d)
2026-07-22 18:05:40,402 [INFO] [*] Loaded strategy: sma_trend
2026-07-22 18:05:40,412 [INFO] [*] Loaded strategy: news_sentiment
2026-07-22 18:05:40,413 [INFO] [*] Loaded strategy: rsi_reversion
2026-07-22 18:05:40,413 [INFO] [*] Loaded strategy: bollinger_reversion
2026-07-22 18:05:40,414 [INFO] [*] Loaded strategy: macd_momentum
2026-07-22 18:05:40,415 [INFO] [*] Loaded strategy: small_cap_volatility
2026-07-22 18:05:40,415 [INFO] [*] Starting daily technical analysis...
2026-07-22 18:05:45,055 [INFO] [*] Daily analysis complete.
2026-07-22 18:05:45,056 [INFO] [*] Checking for live news...
2026-07-22 18:05:49,323 [ERROR] $FING-B.ST: possibly delisted; no price data found  (period=1d)
2026-07-23 10:23:15,426 [INFO] [*] Loaded strategy: sma_trend
2026-07-23 10:23:15,436 [INFO] [*] Loaded strategy: news_sentiment
2026-07-23 10:23:15,437 [INFO] [*] Loaded strategy: rsi_reversion
2026-07-23 10:23:15,437 [INFO] [*] Loaded strategy: bollinger_reversion
2026-07-23 10:23:15,438 [INFO] [*] Loaded strategy: macd_momentum
2026-07-23 10:23:15,439 [INFO] [*] Loaded strategy: small_cap_volatility
2026-07-23 10:23:15,439 [INFO] [*] Starting daily technical analysis...
2026-07-23 10:23:19,039 [INFO] [+] [bollinger_reversion] BOUGHT 27 SINCH.ST
2026-07-23 10:23:19,595 [INFO] [*] Daily analysis complete.
2026-07-23 10:23:19,595 [INFO] [*] Checking for live news...
2026-07-23 10:23:23,487 [ERROR] $FING-B.ST: possibly delisted; no price data found  (period=1d)
2026-07-23 12:10:00,388 [INFO] [*] Loaded strategy: sma_trend
2026-07-23 12:10:00,398 [INFO] [*] Loaded strategy: news_sentiment
2026-07-23 12:10:00,399 [INFO] [*] Loaded strategy: rsi_reversion
2026-07-23 12:10:00,399 [INFO] [*] Loaded strategy: bollinger_reversion
2026-07-23 12:10:00,400 [INFO] [*] Loaded strategy: macd_momentum
2026-07-23 12:10:00,401 [INFO] [*] Loaded strategy: small_cap_volatility
2026-07-23 12:10:00,401 [INFO] [*] Starting daily technical analysis...
2026-07-23 12:10:07,659 [INFO] [*] Daily analysis complete.
2026-07-23 12:10:07,659 [INFO] [*] Checking for live news...
2026-07-23 12:10:13,393 [ERROR] $FING-B.ST: possibly delisted; no price data found  (period=1d)
2026-07-23 14:41:05,419 [INFO] [*] Loaded strategy: sma_trend
2026-07-23 14:41:05,429 [INFO] [*] Loaded strategy: news_sentiment
2026-07-23 14:41:05,430 [INFO] [*] Loaded strategy: rsi_reversion
2026-07-23 14:41:05,431 [INFO] [*] Loaded strategy: bollinger_reversion
2026-07-23 14:41:05,432 [INFO] [*] Loaded strategy: macd_momentum
2026-07-23 14:41:05,432 [INFO] [*] Loaded strategy: small_cap_volatility
2026-07-23 14:41:05,433 [INFO] [*] Starting daily technical analysis...
2026-07-23 14:41:11,003 [INFO] [*] Daily analysis complete.
2026-07-23 14:41:11,003 [INFO] [*] Checking for live news...
2026-07-23 14:41:15,626 [ERROR] $FING-B.ST: possibly delisted; no price data found  (period=1d)
2026-07-23 16:26:28,249 [INFO] [*] Loaded strategy: sma_trend
2026-07-23 16:26:28,259 [INFO] [*] Loaded strategy: news_sentiment
2026-07-23 16:26:28,260 [INFO] [*] Loaded strategy: rsi_reversion
2026-07-23 16:26:28,261 [INFO] [*] Loaded strategy: bollinger_reversion
2026-07-23 16:26:28,262 [INFO] [*] Loaded strategy: macd_momentum
2026-07-23 16:26:28,262 [INFO] [*] Loaded strategy: small_cap_volatility
2026-07-23 16:26:28,262 [INFO] [*] Starting daily technical analysis...
2026-07-23 16:26:31,158 [ERROR] $FING-B.ST: possibly delisted; no price data found  (period=5d)
2026-07-23 16:26:31,379 [ERROR] 
1 Failed download:
2026-07-23 16:26:31,380 [ERROR] ['FING-B.ST']: possibly delisted; no price data found  (period=5d)
2026-07-23 16:26:31,389 [INFO] [+] [rsi_reversion] BOUGHT 1 ABB.ST
2026-07-23 16:26:34,200 [INFO] [*] Daily analysis complete.
2026-07-23 16:26:34,200 [INFO] [*] Checking for live news...
2026-07-23 16:26:38,662 [ERROR] $FING-B.ST: possibly delisted; no price data found  (period=1d)
2026-07-23 17:55:36,469 [INFO] [*] Loaded strategy: sma_trend
2026-07-23 17:55:36,478 [INFO] [*] Loaded strategy: news_sentiment
2026-07-23 17:55:36,479 [INFO] [*] Loaded strategy: rsi_reversion
2026-07-23 17:55:36,480 [INFO] [*] Loaded strategy: bollinger_reversion
2026-07-23 17:55:36,481 [INFO] [*] Loaded strategy: macd_momentum
2026-07-23 17:55:36,482 [INFO] [*] Loaded strategy: small_cap_volatility
2026-07-23 17:55:36,482 [INFO] [*] Starting daily technical analysis...
2026-07-23 17:55:46,718 [INFO] [*] Daily analysis complete.
2026-07-23 17:55:46,718 [INFO] [*] Checking for live news...
2026-07-23 17:55:54,254 [ERROR] $FING-B.ST: possibly delisted; no price data found  (period=1d)
2026-07-23 18:08:44,615 [INFO] [*] Loaded strategy: sma_trend
2026-07-23 18:08:44,627 [INFO] [*] Loaded strategy: news_sentiment
2026-07-23 18:08:44,628 [INFO] [*] Loaded strategy: rsi_reversion
2026-07-23 18:08:44,629 [INFO] [*] Loaded strategy: bollinger_reversion
2026-07-23 18:08:44,630 [INFO] [*] Loaded strategy: macd_momentum
2026-07-23 18:08:44,631 [INFO] [*] Loaded strategy: small_cap_volatility
2026-07-23 18:08:44,631 [INFO] [*] Starting daily technical analysis...
2026-07-23 18:08:49,296 [INFO] [*] Daily analysis complete.
2026-07-23 18:08:49,296 [INFO] [*] Checking for live news...
2026-07-23 18:08:53,996 [ERROR] $FING-B.ST: possibly delisted; no price data found  (period=1d)
2026-07-24 10:18:01,798 [INFO] [*] Loaded strategy: sma_trend
2026-07-24 10:18:01,808 [INFO] [*] Loaded strategy: news_sentiment
2026-07-24 10:18:01,809 [INFO] [*] Loaded strategy: rsi_reversion
2026-07-24 10:18:01,810 [INFO] [*] Loaded strategy: bollinger_reversion
2026-07-24 10:18:01,811 [INFO] [*] Loaded strategy: macd_momentum
2026-07-24 10:18:01,812 [INFO] [*] Loaded strategy: small_cap_volatility
2026-07-24 10:18:01,812 [INFO] [*] Starting daily technical analysis...
2026-07-24 10:18:08,814 [INFO] [*] Daily analysis complete.
2026-07-24 10:18:08,814 [INFO] [*] Checking for live news...
2026-07-24 10:18:14,823 [ERROR] $FING-B.ST: possibly delisted; no price data found  (period=1d)
2026-07-24 12:01:25,308 [INFO] [*] Loaded strategy: sma_trend
2026-07-24 12:01:25,318 [INFO] [*] Loaded strategy: news_sentiment
2026-07-24 12:01:25,320 [INFO] [*] Loaded strategy: rsi_reversion
2026-07-24 12:01:25,320 [INFO] [*] Loaded strategy: bollinger_reversion
2026-07-24 12:01:25,321 [INFO] [*] Loaded strategy: macd_momentum
2026-07-24 12:01:25,322 [INFO] [*] Loaded strategy: small_cap_volatility
2026-07-24 12:01:25,322 [INFO] [*] Starting daily technical analysis...
2026-07-24 12:01:29,373 [INFO] [*] Daily analysis complete.
2026-07-24 12:01:29,373 [INFO] [*] Checking for live news...
2026-07-24 12:01:33,937 [ERROR] $FING-B.ST: possibly delisted; no price data found  (period=1d)
2026-07-24 14:20:49,289 [INFO] [*] Loaded strategy: sma_trend
2026-07-24 14:20:49,300 [INFO] [*] Loaded strategy: news_sentiment
2026-07-24 14:20:49,301 [INFO] [*] Loaded strategy: rsi_reversion
2026-07-24 14:20:49,302 [INFO] [*] Loaded strategy: bollinger_reversion
2026-07-24 14:20:49,303 [INFO] [*] Loaded strategy: macd_momentum
2026-07-24 14:20:49,304 [INFO] [*] Loaded strategy: small_cap_volatility
2026-07-24 14:20:49,304 [INFO] [*] Starting daily technical analysis...
2026-07-24 14:20:53,791 [INFO] [*] Daily analysis complete.
2026-07-24 14:20:53,791 [INFO] [*] Checking for live news...
2026-07-24 14:20:57,999 [ERROR] $FING-B.ST: possibly delisted; no price data found  (period=1d)
2026-07-24 15:55:16,522 [INFO] [*] Loaded strategy: sma_trend
2026-07-24 15:55:16,529 [INFO] [*] Loaded strategy: news_sentiment
2026-07-24 15:55:16,530 [INFO] [*] Loaded strategy: rsi_reversion
2026-07-24 15:55:16,531 [INFO] [*] Loaded strategy: bollinger_reversion
2026-07-24 15:55:16,532 [INFO] [*] Loaded strategy: macd_momentum
2026-07-24 15:55:16,532 [INFO] [*] Loaded strategy: small_cap_volatility
2026-07-24 15:55:16,532 [INFO] [*] Starting daily technical analysis...
2026-07-24 15:55:21,887 [INFO] [*] Daily analysis complete.
2026-07-24 15:55:21,887 [INFO] [*] Checking for live news...
2026-07-24 15:55:27,007 [ERROR] $FING-B.ST: possibly delisted; no price data found  (period=1d)
2026-07-24 17:38:09,501 [INFO] [*] Loaded strategy: sma_trend
2026-07-24 17:38:09,511 [INFO] [*] Loaded strategy: news_sentiment
2026-07-24 17:38:09,512 [INFO] [*] Loaded strategy: rsi_reversion
2026-07-24 17:38:09,513 [INFO] [*] Loaded strategy: bollinger_reversion
2026-07-24 17:38:09,514 [INFO] [*] Loaded strategy: macd_momentum
2026-07-24 17:38:09,515 [INFO] [*] Loaded strategy: small_cap_volatility
2026-07-24 17:38:09,515 [INFO] [*] Starting daily technical analysis...
2026-07-24 17:38:17,481 [INFO] [*] Daily analysis complete.
2026-07-24 17:38:17,481 [INFO] [*] Checking for live news...
2026-07-24 17:38:24,216 [ERROR] $FING-B.ST: possibly delisted; no price data found  (period=1d)
2026-07-24 18:14:30,992 [INFO] [*] Loaded strategy: sma_trend
2026-07-24 18:14:31,003 [INFO] [*] Loaded strategy: news_sentiment
2026-07-24 18:14:31,004 [INFO] [*] Loaded strategy: rsi_reversion
2026-07-24 18:14:31,005 [INFO] [*] Loaded strategy: bollinger_reversion
2026-07-24 18:14:31,006 [INFO] [*] Loaded strategy: macd_momentum
2026-07-24 18:14:31,007 [INFO] [*] Loaded strategy: small_cap_volatility
2026-07-24 18:14:31,007 [INFO] [*] Starting daily technical analysis...
2026-07-24 18:14:38,339 [INFO] [*] Daily analysis complete.
2026-07-24 18:14:38,340 [INFO] [*] Checking for live news...
2026-07-24 18:14:43,807 [ERROR] $FING-B.ST: possibly delisted; no price data found  (period=1d)
2026-07-27 11:22:21,154 [INFO] [*] Loaded strategy: sma_trend
2026-07-27 11:22:21,164 [INFO] [*] Loaded strategy: news_sentiment
2026-07-27 11:22:21,165 [INFO] [*] Loaded strategy: rsi_reversion
2026-07-27 11:22:21,166 [INFO] [*] Loaded strategy: bollinger_reversion
2026-07-27 11:22:21,166 [INFO] [*] Loaded strategy: macd_momentum
2026-07-27 11:22:21,167 [INFO] [*] Loaded strategy: small_cap_volatility
2026-07-27 11:22:21,167 [INFO] [*] Starting daily technical analysis...
2026-07-27 11:22:21,983 [INFO] [+] [macd_momentum] BOUGHT 2 INVE-B.ST
2026-07-27 11:22:24,632 [INFO] [-] [bollinger_reversion] SOLD SINCH.ST
2026-07-27 11:22:25,292 [INFO] [*] Daily analysis complete.
2026-07-27 11:22:25,293 [INFO] [*] Checking for live news...
2026-07-27 11:22:29,446 [ERROR] $FING-B.ST: possibly delisted; no price data found  (period=1d)
2026-07-27 13:53:47,740 [INFO] [*] Loaded strategy: sma_trend
2026-07-27 13:53:47,750 [INFO] [*] Loaded strategy: news_sentiment
2026-07-27 13:53:47,752 [INFO] [*] Loaded strategy: rsi_reversion
2026-07-27 13:53:47,753 [INFO] [*] Loaded strategy: bollinger_reversion
2026-07-27 13:53:47,754 [INFO] [*] Loaded strategy: macd_momentum
2026-07-27 13:53:47,754 [INFO] [*] Loaded strategy: small_cap_volatility
2026-07-27 13:53:47,755 [INFO] [*] Starting daily technical analysis...
2026-07-27 13:53:51,918 [INFO] [*] Daily analysis complete.
2026-07-27 13:53:51,918 [INFO] [*] Checking for live news...
2026-07-27 13:53:56,228 [ERROR] $FING-B.ST: possibly delisted; no price data found  (period=1d)
2026-07-27 16:20:32,440 [INFO] [*] Loaded strategy: sma_trend
2026-07-27 16:20:32,446 [INFO] [*] Loaded strategy: news_sentiment
2026-07-27 16:20:32,447 [INFO] [*] Loaded strategy: rsi_reversion
2026-07-27 16:20:32,447 [INFO] [*] Loaded strategy: bollinger_reversion
2026-07-27 16:20:32,448 [INFO] [*] Loaded strategy: macd_momentum
2026-07-27 16:20:32,449 [INFO] [*] Loaded strategy: small_cap_volatility
2026-07-27 16:20:32,449 [INFO] [*] Starting daily technical analysis...
2026-07-27 16:20:39,578 [INFO] [*] Daily analysis complete.
2026-07-27 16:20:39,578 [INFO] [*] Checking for live news...
2026-07-27 16:20:46,609 [ERROR] $FING-B.ST: possibly delisted; no price data found  (period=1d)
2026-07-27 18:05:13,522 [INFO] [*] Loaded strategy: sma_trend
2026-07-27 18:05:13,529 [INFO] [*] Loaded strategy: news_sentiment
2026-07-27 18:05:13,530 [INFO] [*] Loaded strategy: rsi_reversion
2026-07-27 18:05:13,531 [INFO] [*] Loaded strategy: bollinger_reversion
2026-07-27 18:05:13,532 [INFO] [*] Loaded strategy: macd_momentum
2026-07-27 18:05:13,533 [INFO] [*] Loaded strategy: small_cap_volatility
2026-07-27 18:05:13,533 [INFO] [*] Starting daily technical analysis...
2026-07-27 18:05:20,020 [INFO] [*] Daily analysis complete.
2026-07-27 18:05:20,020 [INFO] [*] Checking for live news...
2026-07-27 18:05:25,476 [ERROR] $FING-B.ST: possibly delisted; no price data found  (period=1d)
2026-07-27 18:20:55,035 [INFO] [*] Loaded strategy: sma_trend
2026-07-27 18:20:55,045 [INFO] [*] Loaded strategy: news_sentiment
2026-07-27 18:20:55,046 [INFO] [*] Loaded strategy: rsi_reversion
2026-07-27 18:20:55,047 [INFO] [*] Loaded strategy: bollinger_reversion
2026-07-27 18:20:55,048 [INFO] [*] Loaded strategy: macd_momentum
2026-07-27 18:20:55,049 [INFO] [*] Loaded strategy: small_cap_volatility
2026-07-27 18:20:55,049 [INFO] [*] Starting daily technical analysis...
2026-07-27 18:20:59,678 [INFO] [*] Daily analysis complete.
2026-07-27 18:20:59,678 [INFO] [*] Checking for live news...
2026-07-27 18:21:03,996 [ERROR] $FING-B.ST: possibly delisted; no price data found  (period=1d)
2026-07-28 10:35:41,003 [INFO] [*] Loaded strategy: sma_trend
2026-07-28 10:35:41,013 [INFO] [*] Loaded strategy: news_sentiment
2026-07-28 10:35:41,013 [INFO] [*] Loaded strategy: rsi_reversion
2026-07-28 10:35:41,014 [INFO] [*] Loaded strategy: bollinger_reversion
2026-07-28 10:35:41,015 [INFO] [*] Loaded strategy: macd_momentum
2026-07-28 10:35:41,016 [INFO] [*] Loaded strategy: small_cap_volatility
2026-07-28 10:35:41,016 [INFO] [*] Starting daily technical analysis...
2026-07-28 10:35:42,889 [INFO] [-] [bollinger_reversion] SOLD TELIA.ST
2026-07-28 10:35:44,385 [INFO] [*] Daily analysis complete.
2026-07-28 10:35:44,385 [INFO] [*] Checking for live news...
2026-07-28 10:35:48,416 [ERROR] $FING-B.ST: possibly delisted; no price data found  (period=1d)
2026-07-28 12:54:19,883 [INFO] [*] Loaded strategy: sma_trend
2026-07-28 12:54:19,893 [INFO] [*] Loaded strategy: news_sentiment
2026-07-28 12:54:19,894 [INFO] [*] Loaded strategy: rsi_reversion
2026-07-28 12:54:19,895 [INFO] [*] Loaded strategy: bollinger_reversion
2026-07-28 12:54:19,896 [INFO] [*] Loaded strategy: macd_momentum
2026-07-28 12:54:19,897 [INFO] [*] Loaded strategy: small_cap_volatility
2026-07-28 12:54:19,897 [INFO] [*] Starting daily technical analysis...
2026-07-28 12:54:23,720 [INFO] [*] Daily analysis complete.
2026-07-28 12:54:23,720 [INFO] [*] Checking for live news...
2026-07-28 12:54:27,801 [ERROR] $FING-B.ST: possibly delisted; no price data found  (period=1d)
2026-07-28 15:21:53,645 [INFO] [*] Loaded strategy: sma_trend
2026-07-28 15:21:53,655 [INFO] [*] Loaded strategy: news_sentiment
2026-07-28 15:21:53,655 [INFO] [*] Loaded strategy: rsi_reversion
2026-07-28 15:21:53,656 [INFO] [*] Loaded strategy: bollinger_reversion
2026-07-28 15:21:53,657 [INFO] [*] Loaded strategy: macd_momentum
2026-07-28 15:21:53,658 [INFO] [*] Loaded strategy: small_cap_volatility
2026-07-28 15:21:53,658 [INFO] [*] Starting daily technical analysis...
2026-07-28 15:21:57,335 [INFO] [*] Daily analysis complete.
2026-07-28 15:21:57,335 [INFO] [*] Checking for live news...
2026-07-28 15:22:01,083 [ERROR] $FING-B.ST: possibly delisted; no price data found  (period=1d)
2026-07-28 16:58:09,877 [INFO] [*] Loaded strategy: sma_trend
2026-07-28 16:58:09,887 [INFO] [*] Loaded strategy: news_sentiment
2026-07-28 16:58:09,888 [INFO] [*] Loaded strategy: rsi_reversion
2026-07-28 16:58:09,889 [INFO] [*] Loaded strategy: bollinger_reversion
2026-07-28 16:58:09,890 [INFO] [*] Loaded strategy: macd_momentum
2026-07-28 16:58:09,891 [INFO] [*] Loaded strategy: small_cap_volatility
2026-07-28 16:58:09,891 [INFO] [*] Starting daily technical analysis...
2026-07-28 16:58:14,653 [INFO] [*] Daily analysis complete.
2026-07-28 16:58:14,653 [INFO] [*] Checking for live news...
2026-07-28 16:58:18,903 [ERROR] $FING-B.ST: possibly delisted; no price data found  (period=1d)
2026-07-28 18:08:58,854 [INFO] [*] Loaded strategy: sma_trend
2026-07-28 18:08:58,864 [INFO] [*] Loaded strategy: news_sentiment
2026-07-28 18:08:58,864 [INFO] [*] Loaded strategy: rsi_reversion
2026-07-28 18:08:58,865 [INFO] [*] Loaded strategy: bollinger_reversion
2026-07-28 18:08:58,866 [INFO] [*] Loaded strategy: macd_momentum
2026-07-28 18:08:58,867 [INFO] [*] Loaded strategy: small_cap_volatility
2026-07-28 18:08:58,867 [INFO] [*] Starting daily technical analysis...
2026-07-28 18:09:03,693 [INFO] [*] Daily analysis complete.
2026-07-28 18:09:03,693 [INFO] [*] Checking for live news...
2026-07-28 18:09:08,905 [ERROR] $FING-B.ST: possibly delisted; no price data found  (period=1d)
2026-07-29 10:39:32,136 [INFO] [*] Loaded strategy: sma_trend
2026-07-29 10:39:32,146 [INFO] [*] Loaded strategy: news_sentiment
2026-07-29 10:39:32,147 [INFO] [*] Loaded strategy: rsi_reversion
2026-07-29 10:39:32,147 [INFO] [*] Loaded strategy: bollinger_reversion
2026-07-29 10:39:32,148 [INFO] [*] Loaded strategy: macd_momentum
2026-07-29 10:39:32,149 [INFO] [*] Loaded strategy: small_cap_volatility
2026-07-29 10:39:32,149 [INFO] [*] Starting daily technical analysis...
2026-07-29 10:39:37,771 [INFO] [*] Daily analysis complete.
2026-07-29 10:39:37,771 [INFO] [*] Checking for live news...
2026-07-29 10:39:43,020 [ERROR] $FING-B.ST: possibly delisted; no price data found  (period=1d)
2026-07-29 13:00:50,624 [INFO] [*] Loaded strategy: sma_trend
2026-07-29 13:00:50,634 [INFO] [*] Loaded strategy: news_sentiment
2026-07-29 13:00:50,635 [INFO] [*] Loaded strategy: rsi_reversion
2026-07-29 13:00:50,636 [INFO] [*] Loaded strategy: bollinger_reversion
2026-07-29 13:00:50,637 [INFO] [*] Loaded strategy: macd_momentum
2026-07-29 13:00:50,638 [INFO] [*] Loaded strategy: small_cap_volatility
2026-07-29 13:00:50,638 [INFO] [*] Starting daily technical analysis...
2026-07-29 13:00:53,214 [INFO] [-] [macd_momentum] SOLD NDA-SE.ST
2026-07-29 13:00:56,923 [INFO] [+] [macd_momentum] BOUGHT 24 SINCH.ST
2026-07-29 13:00:57,697 [INFO] [*] Daily analysis complete.
2026-07-29 13:00:57,697 [INFO] [*] Checking for live news...
2026-07-29 13:01:02,087 [ERROR] $FING-B.ST: possibly delisted; no price data found  (period=1d)
2026-07-29 15:34:36,870 [INFO] [*] Loaded strategy: sma_trend
2026-07-29 15:34:36,877 [INFO] [*] Loaded strategy: news_sentiment
2026-07-29 15:34:36,877 [INFO] [*] Loaded strategy: rsi_reversion
2026-07-29 15:34:36,878 [INFO] [*] Loaded strategy: bollinger_reversion
2026-07-29 15:34:36,878 [INFO] [*] Loaded strategy: macd_momentum
2026-07-29 15:34:36,879 [INFO] [*] Loaded strategy: small_cap_volatility
2026-07-29 15:34:36,879 [INFO] [*] Starting daily technical analysis...
2026-07-29 15:34:43,372 [INFO] [-] [macd_momentum] SOLD ATCO-A.ST
2026-07-29 15:34:46,205 [INFO] [*] Daily analysis complete.
2026-07-29 15:34:46,206 [INFO] [*] Checking for live news...
2026-07-29 15:34:52,042 [ERROR] $FING-B.ST: possibly delisted; no price data found  (period=1d)
2026-07-29 16:51:55,701 [INFO] [*] Loaded strategy: sma_trend
2026-07-29 16:51:55,711 [INFO] [*] Loaded strategy: news_sentiment
2026-07-29 16:51:55,712 [INFO] [*] Loaded strategy: rsi_reversion
2026-07-29 16:51:55,713 [INFO] [*] Loaded strategy: bollinger_reversion
2026-07-29 16:51:55,714 [INFO] [*] Loaded strategy: macd_momentum
2026-07-29 16:51:55,715 [INFO] [*] Loaded strategy: small_cap_volatility
2026-07-29 16:51:55,715 [INFO] [*] Starting daily technical analysis...
2026-07-29 16:51:57,744 [INFO] [+] [macd_momentum] BOUGHT 10 ERIC-B.ST
2026-07-29 16:52:00,258 [INFO] [*] Daily analysis complete.
2026-07-29 16:52:00,258 [INFO] [*] Checking for live news...
2026-07-29 16:52:04,841 [ERROR] $FING-B.ST: possibly delisted; no price data found  (period=1d)
2026-07-29 18:03:08,448 [INFO] [*] Loaded strategy: sma_trend
2026-07-29 18:03:08,458 [INFO] [*] Loaded strategy: news_sentiment
2026-07-29 18:03:08,459 [INFO] [*] Loaded strategy: rsi_reversion
2026-07-29 18:03:08,460 [INFO] [*] Loaded strategy: bollinger_reversion
2026-07-29 18:03:08,461 [INFO] [*] Loaded strategy: macd_momentum
2026-07-29 18:03:08,462 [INFO] [*] Loaded strategy: small_cap_volatility
2026-07-29 18:03:08,462 [INFO] [*] Starting daily technical analysis...
2026-07-29 18:03:12,918 [INFO] [*] Daily analysis complete.
2026-07-29 18:03:12,918 [INFO] [*] Checking for live news...
2026-07-29 18:03:17,155 [ERROR] $FING-B.ST: possibly delisted; no price data found  (period=1d)
2026-07-30 10:25:10,987 [INFO] [*] Loaded strategy: sma_trend
2026-07-30 10:25:10,995 [INFO] [*] Loaded strategy: news_sentiment
2026-07-30 10:25:10,996 [INFO] [*] Loaded strategy: rsi_reversion
2026-07-30 10:25:10,996 [INFO] [*] Loaded strategy: bollinger_reversion
2026-07-30 10:25:10,997 [INFO] [*] Loaded strategy: macd_momentum
2026-07-30 10:25:10,998 [INFO] [*] Loaded strategy: small_cap_volatility
2026-07-30 10:25:10,998 [INFO] [*] Starting daily technical analysis...
2026-07-30 10:25:19,305 [INFO] [*] Daily analysis complete.
2026-07-30 10:25:19,305 [INFO] [*] Checking for live news...
2026-07-30 10:25:24,720 [ERROR] $FING-B.ST: possibly delisted; no price data found  (period=1d)
2026-07-30 12:12:22,403 [INFO] [*] Loaded strategy: sma_trend
2026-07-30 12:12:22,413 [INFO] [*] Loaded strategy: news_sentiment
2026-07-30 12:12:22,414 [INFO] [*] Loaded strategy: rsi_reversion
2026-07-30 12:12:22,414 [INFO] [*] Loaded strategy: bollinger_reversion
2026-07-30 12:12:22,415 [INFO] [*] Loaded strategy: macd_momentum
2026-07-30 12:12:22,416 [INFO] [*] Loaded strategy: small_cap_volatility
2026-07-30 12:12:22,416 [INFO] [*] Starting daily technical analysis...
2026-07-30 12:12:29,438 [INFO] [*] Daily analysis complete.
2026-07-30 12:12:29,439 [INFO] [*] Checking for live news...
2026-07-30 12:12:35,038 [ERROR] $FING-B.ST: possibly delisted; no price data found  (period=1d)
2026-07-30 14:41:55,777 [INFO] [*] Loaded strategy: sma_trend
2026-07-30 14:41:55,787 [INFO] [*] Loaded strategy: news_sentiment
2026-07-30 14:41:55,789 [INFO] [*] Loaded strategy: rsi_reversion
2026-07-30 14:41:55,790 [INFO] [*] Loaded strategy: bollinger_reversion
2026-07-30 14:41:55,791 [INFO] [*] Loaded strategy: macd_momentum
2026-07-30 14:41:55,792 [INFO] [*] Loaded strategy: small_cap_volatility
2026-07-30 14:41:55,792 [INFO] [*] Starting daily technical analysis...
2026-07-30 14:41:57,852 [INFO] [-] [small_cap_volatility] SOLD SEB-A.ST
2026-07-30 14:42:02,144 [INFO] [*] Daily analysis complete.
2026-07-30 14:42:02,144 [INFO] [*] Checking for live news...
2026-07-30 14:42:07,581 [ERROR] $FING-B.ST: possibly delisted; no price data found  (period=1d)
2026-07-30 16:26:49,430 [INFO] [*] Loaded strategy: sma_trend
2026-07-30 16:26:49,439 [INFO] [*] Loaded strategy: news_sentiment
2026-07-30 16:26:49,440 [INFO] [*] Loaded strategy: rsi_reversion
2026-07-30 16:26:49,441 [INFO] [*] Loaded strategy: bollinger_reversion
2026-07-30 16:26:49,442 [INFO] [*] Loaded strategy: macd_momentum
2026-07-30 16:26:49,443 [INFO] [*] Loaded strategy: small_cap_volatility
2026-07-30 16:26:49,443 [INFO] [*] Starting daily technical analysis...
2026-07-30 16:26:53,949 [INFO] [*] Daily analysis complete.
2026-07-30 16:26:53,949 [INFO] [*] Checking for live news...
2026-07-30 16:26:58,234 [ERROR] $FING-B.ST: possibly delisted; no price data found  (period=1d)
2026-07-30 17:57:08,717 [INFO] [*] Loaded strategy: sma_trend
2026-07-30 17:57:08,727 [INFO] [*] Loaded strategy: news_sentiment
2026-07-30 17:57:08,728 [INFO] [*] Loaded strategy: rsi_reversion
2026-07-30 17:57:08,729 [INFO] [*] Loaded strategy: bollinger_reversion
2026-07-30 17:57:08,730 [INFO] [*] Loaded strategy: macd_momentum
2026-07-30 17:57:08,731 [INFO] [*] Loaded strategy: small_cap_volatility
2026-07-30 17:57:08,731 [INFO] [*] Starting daily technical analysis...
2026-07-30 17:57:13,446 [INFO] [*] Daily analysis complete.
2026-07-30 17:57:13,446 [INFO] [*] Checking for live news...
2026-07-30 17:57:18,096 [ERROR] $FING-B.ST: possibly delisted; no price data found  (period=1d)
2026-07-30 18:11:51,836 [INFO] [*] Loaded strategy: sma_trend
2026-07-30 18:11:51,846 [INFO] [*] Loaded strategy: news_sentiment
2026-07-30 18:11:51,847 [INFO] [*] Loaded strategy: rsi_reversion
2026-07-30 18:11:51,848 [INFO] [*] Loaded strategy: bollinger_reversion
2026-07-30 18:11:51,849 [INFO] [*] Loaded strategy: macd_momentum
2026-07-30 18:11:51,850 [INFO] [*] Loaded strategy: small_cap_volatility
2026-07-30 18:11:51,850 [INFO] [*] Starting daily technical analysis...
2026-07-30 18:11:59,617 [INFO] [*] Daily analysis complete.
2026-07-30 18:11:59,617 [INFO] [*] Checking for live news...
2026-07-30 18:12:06,066 [ERROR] $FING-B.ST: possibly delisted; no price data found  (period=1d)
2026-07-31 10:39:42,885 [INFO] [*] Loaded strategy: sma_trend
2026-07-31 10:39:42,895 [INFO] [*] Loaded strategy: news_sentiment
2026-07-31 10:39:42,896 [INFO] [*] Loaded strategy: rsi_reversion
2026-07-31 10:39:42,897 [INFO] [*] Loaded strategy: bollinger_reversion
2026-07-31 10:39:42,898 [INFO] [*] Loaded strategy: macd_momentum
2026-07-31 10:39:42,899 [INFO] [*] Loaded strategy: small_cap_volatility
2026-07-31 10:39:42,899 [INFO] [*] Starting daily technical analysis...
2026-07-31 10:39:46,088 [INFO] [*] Daily analysis complete.
2026-07-31 10:39:46,088 [INFO] [*] Checking for live news...
2026-07-31 10:39:49,590 [ERROR] $FING-B.ST: possibly delisted; no price data found  (period=1d)
2026-07-31 12:56:04,656 [INFO] [*] Loaded strategy: sma_trend
2026-07-31 12:56:04,663 [INFO] [*] Loaded strategy: news_sentiment
2026-07-31 12:56:04,664 [INFO] [*] Loaded strategy: rsi_reversion
2026-07-31 12:56:04,665 [INFO] [*] Loaded strategy: bollinger_reversion
2026-07-31 12:56:04,665 [INFO] [*] Loaded strategy: macd_momentum
2026-07-31 12:56:04,666 [INFO] [*] Loaded strategy: small_cap_volatility
2026-07-31 12:56:04,666 [INFO] [*] Starting daily technical analysis...
2026-07-31 12:56:10,474 [INFO] [*] Daily analysis complete.
2026-07-31 12:56:10,475 [INFO] [*] Checking for live news...
2026-07-31 12:56:15,942 [ERROR] $FING-B.ST: possibly delisted; no price data found  (period=1d)
2026-07-31 15:20:12,656 [INFO] [*] Loaded strategy: sma_trend
2026-07-31 15:20:12,666 [INFO] [*] Loaded strategy: news_sentiment
2026-07-31 15:20:12,667 [INFO] [*] Loaded strategy: rsi_reversion
2026-07-31 15:20:12,668 [INFO] [*] Loaded strategy: bollinger_reversion
2026-07-31 15:20:12,669 [INFO] [*] Loaded strategy: macd_momentum
2026-07-31 15:20:12,670 [INFO] [*] Loaded strategy: small_cap_volatility
2026-07-31 15:20:12,670 [INFO] [*] Starting daily technical analysis...
2026-07-31 15:20:18,136 [INFO] [*] Daily analysis complete.
2026-07-31 15:20:18,136 [INFO] [*] Checking for live news...
2026-07-31 15:20:22,830 [ERROR] $FING-B.ST: possibly delisted; no price data found  (period=1d)
2026-07-31 17:04:58,905 [INFO] [*] Loaded strategy: sma_trend
2026-07-31 17:04:58,916 [INFO] [*] Loaded strategy: news_sentiment
2026-07-31 17:04:58,917 [INFO] [*] Loaded strategy: rsi_reversion
2026-07-31 17:04:58,918 [INFO] [*] Loaded strategy: bollinger_reversion
2026-07-31 17:04:58,919 [INFO] [*] Loaded strategy: macd_momentum
2026-07-31 17:04:58,920 [INFO] [*] Loaded strategy: small_cap_volatility
2026-07-31 17:04:58,920 [INFO] [*] Starting daily technical analysis...
2026-07-31 17:05:00,956 [INFO] [+] [small_cap_volatility] BOUGHT 4 SEB-A.ST
2026-07-31 17:05:06,698 [INFO] [*] Daily analysis complete.
2026-07-31 17:05:06,699 [INFO] [*] Checking for live news...
2026-07-31 17:05:13,332 [ERROR] $FING-B.ST: possibly delisted; no price data found  (period=1d)
2026-07-31 18:16:03,978 [INFO] [*] Loaded strategy: sma_trend
2026-07-31 18:16:03,988 [INFO] [*] Loaded strategy: news_sentiment
2026-07-31 18:16:03,989 [INFO] [*] Loaded strategy: rsi_reversion
2026-07-31 18:16:03,991 [INFO] [*] Loaded strategy: bollinger_reversion
2026-07-31 18:16:03,992 [INFO] [*] Loaded strategy: macd_momentum
2026-07-31 18:16:03,993 [INFO] [*] Loaded strategy: small_cap_volatility
2026-07-31 18:16:03,993 [INFO] [*] Starting daily technical analysis...
2026-07-31 18:16:08,898 [INFO] [*] Daily analysis complete.
2026-07-31 18:16:08,898 [INFO] [*] Checking for live news...
2026-07-31 18:16:13,424 [ERROR] $FING-B.ST: possibly delisted; no price data found  (period=1d)
2026-08-03 11:23:13,583 [INFO] [*] Loaded strategy: sma_trend
2026-08-03 11:23:13,593 [INFO] [*] Loaded strategy: news_sentiment
2026-08-03 11:23:13,594 [INFO] [*] Loaded strategy: rsi_reversion
2026-08-03 11:23:13,595 [INFO] [*] Loaded strategy: bollinger_reversion
2026-08-03 11:23:13,596 [INFO] [*] Loaded strategy: macd_momentum
2026-08-03 11:23:13,597 [INFO] [*] Loaded strategy: small_cap_volatility
2026-08-03 11:23:13,597 [INFO] [*] Starting daily technical analysis...
2026-08-03 11:23:17,295 [INFO] [*] Daily analysis complete.
2026-08-03 11:23:17,295 [INFO] [*] Checking for live news...
2026-08-03 11:23:21,134 [ERROR] $FING-B.ST: possibly delisted; no price data found  (period=1d)
2026-08-03 13:57:30,683 [INFO] [*] Loaded strategy: sma_trend
2026-08-03 13:57:30,691 [INFO] [*] Loaded strategy: news_sentiment
2026-08-03 13:57:30,692 [INFO] [*] Loaded strategy: rsi_reversion
2026-08-03 13:57:30,692 [INFO] [*] Loaded strategy: bollinger_reversion
2026-08-03 13:57:30,693 [INFO] [*] Loaded strategy: macd_momentum
2026-08-03 13:57:30,694 [INFO] [*] Loaded strategy: small_cap_volatility
2026-08-03 13:57:30,694 [INFO] [*] Starting daily technical analysis...
2026-08-03 13:57:35,106 [INFO] [*] Daily analysis complete.
2026-08-03 13:57:35,106 [INFO] [*] Checking for live news...
2026-08-03 13:57:39,448 [ERROR] $FING-B.ST: possibly delisted; no price data found  (period=1d)
2026-08-03 16:30:29,924 [INFO] [*] Loaded strategy: sma_trend
2026-08-03 16:30:29,934 [INFO] [*] Loaded strategy: news_sentiment
2026-08-03 16:30:29,935 [INFO] [*] Loaded strategy: rsi_reversion
2026-08-03 16:30:29,936 [INFO] [*] Loaded strategy: bollinger_reversion
2026-08-03 16:30:29,937 [INFO] [*] Loaded strategy: macd_momentum
2026-08-03 16:30:29,938 [INFO] [*] Loaded strategy: small_cap_volatility
2026-08-03 16:30:29,938 [INFO] [*] Starting daily technical analysis...
2026-08-03 16:30:34,246 [INFO] [*] Daily analysis complete.
2026-08-03 16:30:34,246 [INFO] [*] Checking for live news...
2026-08-03 16:30:38,673 [ERROR] $FING-B.ST: possibly delisted; no price data found  (period=1d)
2026-08-03 18:20:09,916 [INFO] [*] Loaded strategy: sma_trend
2026-08-03 18:20:09,926 [INFO] [*] Loaded strategy: news_sentiment
2026-08-03 18:20:09,927 [INFO] [*] Loaded strategy: rsi_reversion
2026-08-03 18:20:09,927 [INFO] [*] Loaded strategy: bollinger_reversion
2026-08-03 18:20:09,928 [INFO] [*] Loaded strategy: macd_momentum
2026-08-03 18:20:09,929 [INFO] [*] Loaded strategy: small_cap_volatility
2026-08-03 18:20:09,929 [INFO] [*] Starting daily technical analysis...
2026-08-03 18:20:14,448 [INFO] [*] Daily analysis complete.
2026-08-03 18:20:14,448 [INFO] [*] Checking for live news...
2026-08-03 18:20:19,154 [ERROR] $FING-B.ST: possibly delisted; no price data found  (period=1d)
2026-08-03 18:46:33,011 [INFO] [*] Loaded strategy: sma_trend
2026-08-03 18:46:33,021 [INFO] [*] Loaded strategy: news_sentiment
2026-08-03 18:46:33,022 [INFO] [*] Loaded strategy: rsi_reversion
2026-08-03 18:46:33,023 [INFO] [*] Loaded strategy: bollinger_reversion
2026-08-03 18:46:33,024 [INFO] [*] Loaded strategy: macd_momentum
2026-08-03 18:46:33,025 [INFO] [*] Loaded strategy: small_cap_volatility
2026-08-03 18:46:33,025 [INFO] [*] Starting daily technical analysis...
2026-08-03 18:46:36,609 [INFO] [*] Daily analysis complete.
2026-08-03 18:46:36,610 [INFO] [*] Checking for live news...
2026-08-03 18:46:40,197 [ERROR] $FING-B.ST: possibly delisted; no price data found  (period=1d)
2026-08-04 10:39:31,990 [INFO] [*] Loaded strategy: sma_trend
2026-08-04 10:39:31,999 [INFO] [*] Loaded strategy: news_sentiment
2026-08-04 10:39:32,000 [INFO] [*] Loaded strategy: rsi_reversion
2026-08-04 10:39:32,001 [INFO] [*] Loaded strategy: bollinger_reversion
2026-08-04 10:39:32,002 [INFO] [*] Loaded strategy: macd_momentum
2026-08-04 10:39:32,003 [INFO] [*] Loaded strategy: small_cap_volatility
2026-08-04 10:39:32,003 [INFO] [*] Starting daily technical analysis...
2026-08-04 10:39:37,227 [INFO] [-] [bollinger_reversion] SOLD SAND.ST
2026-08-04 10:39:39,216 [INFO] [*] Daily analysis complete.
2026-08-04 10:39:39,217 [INFO] [*] Checking for live news...
2026-08-04 10:39:46,217 [ERROR] $FING-B.ST: possibly delisted; no price data found  (period=1d)
2026-08-04 13:02:36,190 [INFO] [*] Loaded strategy: sma_trend
2026-08-04 13:02:36,198 [INFO] [*] Loaded strategy: news_sentiment
2026-08-04 13:02:36,198 [INFO] [*] Loaded strategy: rsi_reversion
2026-08-04 13:02:36,199 [INFO] [*] Loaded strategy: bollinger_reversion
2026-08-04 13:02:36,200 [INFO] [*] Loaded strategy: macd_momentum
2026-08-04 13:02:36,201 [INFO] [*] Loaded strategy: small_cap_volatility
2026-08-04 13:02:36,201 [INFO] [*] Starting daily technical analysis...
2026-08-04 13:02:41,548 [INFO] [-] [bollinger_reversion] SOLD ABB.ST
2026-08-04 13:02:44,665 [INFO] [*] Daily analysis complete.
2026-08-04 13:02:44,665 [INFO] [*] Checking for live news...
2026-08-04 13:02:49,918 [ERROR] $FING-B.ST: possibly delisted; no price data found  (period=1d)
2026-08-04 15:55:10,966 [INFO] [*] Loaded strategy: sma_trend
2026-08-04 15:55:10,976 [INFO] [*] Loaded strategy: news_sentiment
2026-08-04 15:55:10,977 [INFO] [*] Loaded strategy: rsi_reversion
2026-08-04 15:55:10,978 [INFO] [*] Loaded strategy: bollinger_reversion
2026-08-04 15:55:10,979 [INFO] [*] Loaded strategy: macd_momentum
2026-08-04 15:55:10,980 [INFO] [*] Loaded strategy: small_cap_volatility
2026-08-04 15:55:10,980 [INFO] [*] Starting daily technical analysis...
2026-08-04 15:55:12,720 [INFO] [-] [bollinger_reversion] SOLD ERIC-B.ST
2026-08-04 15:55:13,382 [INFO] [+] [small_cap_volatility] BOUGHT 5 NDA-SE.ST
2026-08-04 15:55:15,751 [INFO] [*] Daily analysis complete.
2026-08-04 15:55:15,751 [INFO] [*] Checking for live news...
2026-08-04 15:55:20,783 [ERROR] $FING-B.ST: possibly delisted; no price data found  (period=1d)
2026-08-04 17:48:55,483 [INFO] [*] Loaded strategy: sma_trend
2026-08-04 17:48:55,493 [INFO] [*] Loaded strategy: news_sentiment
2026-08-04 17:48:55,494 [INFO] [*] Loaded strategy: rsi_reversion
2026-08-04 17:48:55,495 [INFO] [*] Loaded strategy: bollinger_reversion
2026-08-04 17:48:55,496 [INFO] [*] Loaded strategy: macd_momentum
2026-08-04 17:48:55,497 [INFO] [*] Loaded strategy: small_cap_volatility
2026-08-04 17:48:55,497 [INFO] [*] Starting daily technical analysis...
2026-08-04 17:48:58,933 [INFO] [*] Daily analysis complete.
2026-08-04 17:48:58,934 [INFO] [*] Checking for live news...
2026-08-04 17:49:02,844 [ERROR] $FING-B.ST: possibly delisted; no price data found  (period=1d)
2026-08-04 18:24:52,944 [INFO] [*] Loaded strategy: sma_trend
2026-08-04 18:24:52,952 [INFO] [*] Loaded strategy: news_sentiment
2026-08-04 18:24:52,952 [INFO] [*] Loaded strategy: rsi_reversion
2026-08-04 18:24:52,953 [INFO] [*] Loaded strategy: bollinger_reversion
2026-08-04 18:24:52,954 [INFO] [*] Loaded strategy: macd_momentum
2026-08-04 18:24:52,955 [INFO] [*] Loaded strategy: small_cap_volatility
2026-08-04 18:24:52,955 [INFO] [*] Starting daily technical analysis...
2026-08-04 18:25:01,377 [INFO] [*] Daily analysis complete.
2026-08-04 18:25:01,377 [INFO] [*] Checking for live news...
2026-08-04 18:25:08,515 [ERROR] $FING-B.ST: possibly delisted; no price data found  (period=1d)
2026-08-05 10:35:23,241 [INFO] [*] Loaded strategy: sma_trend
2026-08-05 10:35:23,251 [INFO] [*] Loaded strategy: news_sentiment
2026-08-05 10:35:23,252 [INFO] [*] Loaded strategy: rsi_reversion
2026-08-05 10:35:23,252 [INFO] [*] Loaded strategy: bollinger_reversion
2026-08-05 10:35:23,253 [INFO] [*] Loaded strategy: macd_momentum
2026-08-05 10:35:23,254 [INFO] [*] Loaded strategy: small_cap_volatility
2026-08-05 10:35:23,254 [INFO] [*] Starting daily technical analysis...
2026-08-05 10:35:27,155 [INFO] [*] Daily analysis complete.
2026-08-05 10:35:27,156 [INFO] [*] Checking for live news...
2026-08-05 10:35:31,568 [ERROR] $FING-B.ST: possibly delisted; no price data found  (period=1d)
2026-08-05 12:52:39,207 [INFO] [*] Loaded strategy: sma_trend
2026-08-05 12:52:39,217 [INFO] [*] Loaded strategy: news_sentiment
2026-08-05 12:52:39,218 [INFO] [*] Loaded strategy: rsi_reversion
2026-08-05 12:52:39,219 [INFO] [*] Loaded strategy: bollinger_reversion
2026-08-05 12:52:39,220 [INFO] [*] Loaded strategy: macd_momentum
2026-08-05 12:52:39,221 [INFO] [*] Loaded strategy: small_cap_volatility
2026-08-05 12:52:39,221 [INFO] [*] Starting daily technical analysis...
2026-08-05 12:52:43,701 [INFO] [*] Daily analysis complete.
2026-08-05 12:52:43,701 [INFO] [*] Checking for live news...
2026-08-05 12:52:47,982 [ERROR] $FING-B.ST: possibly delisted; no price data found  (period=1d)
2026-08-05 15:14:08,774 [INFO] [*] Loaded strategy: sma_trend
2026-08-05 15:14:08,785 [INFO] [*] Loaded strategy: news_sentiment
2026-08-05 15:14:08,786 [INFO] [*] Loaded strategy: rsi_reversion
2026-08-05 15:14:08,787 [INFO] [*] Loaded strategy: bollinger_reversion
2026-08-05 15:14:08,788 [INFO] [*] Loaded strategy: macd_momentum
2026-08-05 15:14:08,789 [INFO] [*] Loaded strategy: small_cap_volatility
2026-08-05 15:14:08,789 [INFO] [*] Starting daily technical analysis...
2026-08-05 15:14:10,910 [INFO] [+] [bollinger_reversion] BOUGHT 23 TELIA.ST
2026-08-05 15:14:13,105 [INFO] [*] Daily analysis complete.
2026-08-05 15:14:13,105 [INFO] [*] Checking for live news...
2026-08-05 15:14:17,469 [ERROR] $FING-B.ST: possibly delisted; no price data found  (period=1d)
2026-08-05 17:02:21,832 [INFO] [*] Loaded strategy: sma_trend
2026-08-05 17:02:21,842 [INFO] [*] Loaded strategy: news_sentiment
2026-08-05 17:02:21,843 [INFO] [*] Loaded strategy: rsi_reversion
2026-08-05 17:02:21,844 [INFO] [*] Loaded strategy: bollinger_reversion
2026-08-05 17:02:21,845 [INFO] [*] Loaded strategy: macd_momentum
2026-08-05 17:02:21,846 [INFO] [*] Loaded strategy: small_cap_volatility
2026-08-05 17:02:21,846 [INFO] [*] Starting daily technical analysis...
2026-08-05 17:02:26,800 [INFO] [*] Daily analysis complete.
2026-08-05 17:02:26,801 [INFO] [*] Checking for live news...
2026-08-05 17:02:31,368 [ERROR] $FING-B.ST: possibly delisted; no price data found  (period=1d)
2026-08-05 18:16:09,076 [INFO] [*] Loaded strategy: sma_trend
2026-08-05 18:16:09,085 [INFO] [*] Loaded strategy: news_sentiment
2026-08-05 18:16:09,087 [INFO] [*] Loaded strategy: rsi_reversion
2026-08-05 18:16:09,088 [INFO] [*] Loaded strategy: bollinger_reversion
2026-08-05 18:16:09,089 [INFO] [*] Loaded strategy: macd_momentum
2026-08-05 18:16:09,090 [INFO] [*] Loaded strategy: small_cap_volatility
2026-08-05 18:16:09,090 [INFO] [*] Starting daily technical analysis...
2026-08-05 18:16:13,090 [INFO] [*] Daily analysis complete.
2026-08-05 18:16:13,090 [INFO] [*] Checking for live news...
2026-08-05 18:16:16,948 [ERROR] $FING-B.ST: possibly delisted; no price data found  (period=1d)
2026-08-06 10:39:29,250 [INFO] [*] Loaded strategy: sma_trend
2026-08-06 10:39:29,260 [INFO] [*] Loaded strategy: news_sentiment
2026-08-06 10:39:29,261 [INFO] [*] Loaded strategy: rsi_reversion
2026-08-06 10:39:29,262 [INFO] [*] Loaded strategy: bollinger_reversion
2026-08-06 10:39:29,262 [INFO] [*] Loaded strategy: macd_momentum
2026-08-06 10:39:29,263 [INFO] [*] Loaded strategy: small_cap_volatility
2026-08-06 10:39:29,263 [INFO] [*] Starting daily technical analysis...
2026-08-06 10:39:32,942 [INFO] [*] Daily analysis complete.
2026-08-06 10:39:32,943 [INFO] [*] Checking for live news...
2026-08-06 10:39:37,121 [ERROR] $FING-B.ST: possibly delisted; no price data found  (period=1d)
2026-08-06 12:56:39,912 [INFO] [*] Loaded strategy: sma_trend
2026-08-06 12:56:39,922 [INFO] [*] Loaded strategy: news_sentiment
2026-08-06 12:56:39,923 [INFO] [*] Loaded strategy: rsi_reversion
2026-08-06 12:56:39,924 [INFO] [*] Loaded strategy: bollinger_reversion
2026-08-06 12:56:39,925 [INFO] [*] Loaded strategy: macd_momentum
2026-08-06 12:56:39,926 [INFO] [*] Loaded strategy: small_cap_volatility
2026-08-06 12:56:39,926 [INFO] [*] Starting daily technical analysis...
2026-08-06 12:56:43,761 [INFO] [*] Daily analysis complete.
2026-08-06 12:56:43,761 [INFO] [*] Checking for live news...
2026-08-06 12:56:47,954 [ERROR] $FING-B.ST: possibly delisted; no price data found  (period=1d)
2026-08-06 15:18:51,983 [INFO] [*] Loaded strategy: sma_trend
2026-08-06 15:18:51,992 [INFO] [*] Loaded strategy: news_sentiment
2026-08-06 15:18:51,993 [INFO] [*] Loaded strategy: rsi_reversion
2026-08-06 15:18:51,994 [INFO] [*] Loaded strategy: bollinger_reversion
2026-08-06 15:18:51,995 [INFO] [*] Loaded strategy: macd_momentum
2026-08-06 15:18:51,996 [INFO] [*] Loaded strategy: small_cap_volatility
2026-08-06 15:18:51,996 [INFO] [*] Starting daily technical analysis...
2026-08-06 15:18:59,094 [ERROR] $FING-B.ST: possibly delisted; no price data found  (period=5d)
2026-08-06 15:18:59,149 [ERROR] 
1 Failed download:
2026-08-06 15:18:59,149 [ERROR] ['FING-B.ST']: possibly delisted; no price data found  (period=5d)
2026-08-06 15:18:59,158 [INFO] [-] [rsi_reversion] SOLD SAND.ST
2026-08-06 15:19:01,739 [INFO] [*] Daily analysis complete.
2026-08-06 15:19:01,739 [INFO] [*] Checking for live news...
2026-08-06 15:19:09,125 [ERROR] $FING-B.ST: possibly delisted; no price data found  (period=1d)
2026-08-07 08:59:25,101 [INFO] [*] Loaded strategy: sma_trend
2026-08-07 08:59:25,110 [INFO] [*] Loaded strategy: news_sentiment
2026-08-07 08:59:25,111 [INFO] [*] Loaded strategy: rsi_reversion
2026-08-07 08:59:25,112 [INFO] [*] Loaded strategy: bollinger_reversion
2026-08-07 08:59:25,113 [INFO] [*] Loaded strategy: macd_momentum
2026-08-07 08:59:25,114 [INFO] [*] Loaded strategy: small_cap_volatility
2026-08-07 08:59:25,114 [INFO] [*] Starting daily technical analysis...
2026-08-07 08:59:29,890 [INFO] [*] Daily analysis complete.
2026-08-07 08:59:29,890 [INFO] [*] Checking for live news...
2026-08-07 08:59:33,899 [ERROR] $FING-B.ST: possibly delisted; no price data found  (period=1d)
2026-08-07 10:07:03,641 [INFO] [*] Loaded strategy: sma_trend
2026-08-07 10:07:03,652 [INFO] [*] Loaded strategy: news_sentiment
2026-08-07 10:07:03,653 [INFO] [*] Loaded strategy: rsi_reversion
2026-08-07 10:07:03,654 [INFO] [*] Loaded strategy: bollinger_reversion
2026-08-07 10:07:03,655 [INFO] [*] Loaded strategy: macd_momentum
2026-08-07 10:07:03,655 [INFO] [*] Loaded strategy: small_cap_volatility
2026-08-07 10:07:03,656 [INFO] [*] Starting daily technical analysis...
2026-08-07 10:07:07,591 [INFO] [*] Daily analysis complete.
2026-08-07 10:07:07,592 [INFO] [*] Checking for live news...
2026-08-07 10:07:11,687 [ERROR] $FING-B.ST: possibly delisted; no price data found  (period=1d)
2026-08-07 11:22:00,337 [INFO] [*] Loaded strategy: sma_trend
2026-08-07 11:22:00,347 [INFO] [*] Loaded strategy: news_sentiment
2026-08-07 11:22:00,348 [INFO] [*] Loaded strategy: rsi_reversion
2026-08-07 11:22:00,349 [INFO] [*] Loaded strategy: bollinger_reversion
2026-08-07 11:22:00,350 [INFO] [*] Loaded strategy: macd_momentum
2026-08-07 11:22:00,351 [INFO] [*] Loaded strategy: small_cap_volatility
2026-08-07 11:22:00,351 [INFO] [*] Starting daily technical analysis...
2026-08-07 11:22:04,038 [INFO] [*] Daily analysis complete.
2026-08-07 11:22:04,038 [INFO] [*] Checking for live news...
2026-08-07 11:22:08,040 [ERROR] $FING-B.ST: possibly delisted; no price data found  (period=1d)
2026-08-07 12:09:02,502 [INFO] [*] Loaded strategy: sma_trend
2026-08-07 12:09:02,512 [INFO] [*] Loaded strategy: news_sentiment
2026-08-07 12:09:02,513 [INFO] [*] Loaded strategy: rsi_reversion
2026-08-07 12:09:02,514 [INFO] [*] Loaded strategy: bollinger_reversion
2026-08-07 12:09:02,515 [INFO] [*] Loaded strategy: macd_momentum
2026-08-07 12:09:02,516 [INFO] [*] Loaded strategy: small_cap_volatility
2026-08-07 12:09:02,516 [INFO] [*] Starting daily technical analysis...
2026-08-07 12:09:06,154 [INFO] [*] Daily analysis complete.
2026-08-07 12:09:06,154 [INFO] [*] Checking for live news...
2026-08-07 12:09:10,026 [ERROR] $FING-B.ST: possibly delisted; no price data found  (period=1d)
2026-08-07 13:49:18,868 [INFO] [*] Loaded strategy: sma_trend
2026-08-07 13:49:18,878 [INFO] [*] Loaded strategy: news_sentiment
2026-08-07 13:49:18,879 [INFO] [*] Loaded strategy: rsi_reversion
2026-08-07 13:49:18,880 [INFO] [*] Loaded strategy: bollinger_reversion
2026-08-07 13:49:18,881 [INFO] [*] Loaded strategy: macd_momentum
2026-08-07 13:49:18,881 [INFO] [*] Loaded strategy: small_cap_volatility
2026-08-07 13:49:18,882 [INFO] [*] Starting daily technical analysis...
2026-08-07 13:49:23,141 [INFO] [+] [small_cap_volatility] BOUGHT 22 SINCH.ST
2026-08-07 13:49:23,768 [INFO] [*] Daily analysis complete.
2026-08-07 13:49:23,769 [INFO] [*] Checking for live news...
2026-08-07 13:49:28,234 [ERROR] $FING-B.ST: possibly delisted; no price data found  (period=1d)
2026-08-07 14:52:47,540 [INFO] [*] Loaded strategy: sma_trend
2026-08-07 14:52:47,550 [INFO] [*] Loaded strategy: news_sentiment
2026-08-07 14:52:47,551 [INFO] [*] Loaded strategy: rsi_reversion
2026-08-07 14:52:47,552 [INFO] [*] Loaded strategy: bollinger_reversion
2026-08-07 14:52:47,553 [INFO] [*] Loaded strategy: macd_momentum
2026-08-07 14:52:47,554 [INFO] [*] Loaded strategy: small_cap_volatility
2026-08-07 14:52:47,554 [INFO] [*] Starting daily technical analysis...
2026-08-07 14:52:55,318 [INFO] [*] Daily analysis complete.
2026-08-07 14:52:55,319 [INFO] [*] Checking for live news...
2026-08-07 14:53:03,777 [ERROR] $FING-B.ST: possibly delisted; no price data found  (period=1d)
2026-08-07 15:56:16,231 [INFO] [*] Loaded strategy: sma_trend
2026-08-07 15:56:16,241 [INFO] [*] Loaded strategy: news_sentiment
2026-08-07 15:56:16,242 [INFO] [*] Loaded strategy: rsi_reversion
2026-08-07 15:56:16,243 [INFO] [*] Loaded strategy: bollinger_reversion
2026-08-07 15:56:16,244 [INFO] [*] Loaded strategy: macd_momentum
2026-08-07 15:56:16,244 [INFO] [*] Loaded strategy: small_cap_volatility
2026-08-07 15:56:16,244 [INFO] [*] Starting daily technical analysis...
2026-08-07 15:56:23,369 [INFO] [*] Daily analysis complete.
2026-08-07 15:56:23,369 [INFO] [*] Checking for live news...
2026-08-07 15:56:29,446 [ERROR] $FING-B.ST: possibly delisted; no price data found  (period=1d)
2026-08-07 16:56:08,738 [INFO] [*] Loaded strategy: sma_trend
2026-08-07 16:56:08,749 [INFO] [*] Loaded strategy: news_sentiment
2026-08-07 16:56:08,750 [INFO] [*] Loaded strategy: rsi_reversion
2026-08-07 16:56:08,751 [INFO] [*] Loaded strategy: bollinger_reversion
2026-08-07 16:56:08,752 [INFO] [*] Loaded strategy: macd_momentum
2026-08-07 16:56:08,752 [INFO] [*] Loaded strategy: small_cap_volatility
2026-08-07 16:56:08,753 [INFO] [*] Starting daily technical analysis...
2026-08-07 16:56:12,892 [INFO] [*] Daily analysis complete.
2026-08-07 16:56:12,892 [INFO] [*] Checking for live news...
2026-08-07 16:56:18,823 [ERROR] $FING-B.ST: possibly delisted; no price data found  (period=1d)
2026-08-07 17:43:27,711 [INFO] [*] Loaded strategy: sma_trend
2026-08-07 17:43:27,721 [INFO] [*] Loaded strategy: news_sentiment
2026-08-07 17:43:27,722 [INFO] [*] Loaded strategy: rsi_reversion
2026-08-07 17:43:27,723 [INFO] [*] Loaded strategy: bollinger_reversion
2026-08-07 17:43:27,724 [INFO] [*] Loaded strategy: macd_momentum
2026-08-07 17:43:27,724 [INFO] [*] Loaded strategy: small_cap_volatility
2026-08-07 17:43:27,724 [INFO] [*] Starting daily technical analysis...
2026-08-07 17:43:33,079 [INFO] [*] Daily analysis complete.
2026-08-07 17:43:33,079 [INFO] [*] Checking for live news...
2026-08-07 17:43:37,725 [ERROR] $FING-B.ST: possibly delisted; no price data found  (period=1d)
2026-08-10 09:21:24,225 [INFO] [*] Loaded strategy: sma_trend
2026-08-10 09:21:24,235 [INFO] [*] Loaded strategy: news_sentiment
2026-08-10 09:21:24,236 [INFO] [*] Loaded strategy: rsi_reversion
2026-08-10 09:21:24,237 [INFO] [*] Loaded strategy: bollinger_reversion
2026-08-10 09:21:24,238 [INFO] [*] Loaded strategy: macd_momentum
2026-08-10 09:21:24,239 [INFO] [*] Loaded strategy: small_cap_volatility
2026-08-10 09:21:24,239 [INFO] [*] Starting daily technical analysis...
2026-08-10 09:21:27,649 [INFO] [*] Daily analysis complete.
2026-08-10 09:21:27,649 [INFO] [*] Checking for live news...
2026-08-10 09:21:30,997 [ERROR] $FING-B.ST: possibly delisted; no price data found  (period=1d)
2026-08-10 10:43:06,832 [INFO] [*] Loaded strategy: sma_trend
2026-08-10 10:43:06,838 [INFO] [*] Loaded strategy: news_sentiment
2026-08-10 10:43:06,838 [INFO] [*] Loaded strategy: rsi_reversion
2026-08-10 10:43:06,839 [INFO] [*] Loaded strategy: bollinger_reversion
2026-08-10 10:43:06,839 [INFO] [*] Loaded strategy: macd_momentum
2026-08-10 10:43:06,840 [INFO] [*] Loaded strategy: small_cap_volatility
2026-08-10 10:43:06,840 [INFO] [*] Starting daily technical analysis...
2026-08-10 10:43:12,569 [INFO] [*] Daily analysis complete.
2026-08-10 10:43:12,569 [INFO] [*] Checking for live news...
2026-08-10 10:43:17,576 [ERROR] $FING-B.ST: possibly delisted; no price data found  (period=1d)
2026-08-10 11:47:01,264 [INFO] [*] Loaded strategy: sma_trend
2026-08-10 11:47:01,274 [INFO] [*] Loaded strategy: news_sentiment
2026-08-10 11:47:01,275 [INFO] [*] Loaded strategy: rsi_reversion
2026-08-10 11:47:01,276 [INFO] [*] Loaded strategy: bollinger_reversion
2026-08-10 11:47:01,276 [INFO] [*] Loaded strategy: macd_momentum
2026-08-10 11:47:01,277 [INFO] [*] Loaded strategy: small_cap_volatility
2026-08-10 11:47:01,277 [INFO] [*] Starting daily technical analysis...
2026-08-10 11:47:06,305 [INFO] [*] Daily analysis complete.
2026-08-10 11:47:06,305 [INFO] [*] Checking for live news...
2026-08-10 11:47:10,698 [ERROR] $FING-B.ST: possibly delisted; no price data found  (period=1d)
2026-08-10 13:08:49,593 [INFO] [*] Loaded strategy: sma_trend
2026-08-10 13:08:49,601 [INFO] [*] Loaded strategy: news_sentiment
2026-08-10 13:08:49,602 [INFO] [*] Loaded strategy: rsi_reversion
2026-08-10 13:08:49,602 [INFO] [*] Loaded strategy: bollinger_reversion
2026-08-10 13:08:49,603 [INFO] [*] Loaded strategy: macd_momentum
2026-08-10 13:08:49,604 [INFO] [*] Loaded strategy: small_cap_volatility
2026-08-10 13:08:49,604 [INFO] [*] Starting daily technical analysis...
2026-08-10 13:08:57,287 [INFO] [*] Daily analysis complete.
2026-08-10 13:08:57,287 [INFO] [*] Checking for live news...
2026-08-10 13:09:03,694 [ERROR] $FING-B.ST: possibly delisted; no price data found  (period=1d)
2026-08-10 14:35:54,346 [INFO] [*] Loaded strategy: sma_trend
2026-08-10 14:35:54,356 [INFO] [*] Loaded strategy: news_sentiment
2026-08-10 14:35:54,356 [INFO] [*] Loaded strategy: rsi_reversion
2026-08-10 14:35:54,357 [INFO] [*] Loaded strategy: bollinger_reversion
2026-08-10 14:35:54,358 [INFO] [*] Loaded strategy: macd_momentum
2026-08-10 14:35:54,359 [INFO] [*] Loaded strategy: small_cap_volatility
2026-08-10 14:35:54,359 [INFO] [*] Starting daily technical analysis...
2026-08-10 14:35:58,477 [INFO] [*] Daily analysis complete.
2026-08-10 14:35:58,477 [INFO] [*] Checking for live news...
2026-08-10 14:36:02,738 [ERROR] $FING-B.ST: possibly delisted; no price data found  (period=1d)
2026-08-10 15:59:49,867 [INFO] [*] Loaded strategy: sma_trend
2026-08-10 15:59:49,876 [INFO] [*] Loaded strategy: news_sentiment
2026-08-10 15:59:49,877 [INFO] [*] Loaded strategy: rsi_reversion
2026-08-10 15:59:49,878 [INFO] [*] Loaded strategy: bollinger_reversion
2026-08-10 15:59:49,879 [INFO] [*] Loaded strategy: macd_momentum
2026-08-10 15:59:49,880 [INFO] [*] Loaded strategy: small_cap_volatility
2026-08-10 15:59:49,880 [INFO] [*] Starting daily technical analysis...
2026-08-10 15:59:58,107 [INFO] [*] Daily analysis complete.
2026-08-10 15:59:58,107 [INFO] [*] Checking for live news...
2026-08-10 16:00:04,818 [ERROR] $FING-B.ST: possibly delisted; no price data found  (period=1d)
2026-08-10 17:02:14,846 [INFO] [*] Loaded strategy: sma_trend
2026-08-10 17:02:14,856 [INFO] [*] Loaded strategy: news_sentiment
2026-08-10 17:02:14,857 [INFO] [*] Loaded strategy: rsi_reversion
2026-08-10 17:02:14,858 [INFO] [*] Loaded strategy: bollinger_reversion
2026-08-10 17:02:14,859 [INFO] [*] Loaded strategy: macd_momentum
2026-08-10 17:02:14,860 [INFO] [*] Loaded strategy: small_cap_volatility
2026-08-10 17:02:14,860 [INFO] [*] Starting daily technical analysis...
2026-08-10 17:02:24,273 [INFO] [*] Daily analysis complete.
2026-08-10 17:02:24,274 [INFO] [*] Checking for live news...
2026-08-10 17:02:32,045 [ERROR] $FING-B.ST: possibly delisted; no price data found  (period=1d)
2026-08-10 17:46:29,329 [INFO] [*] Loaded strategy: sma_trend
2026-08-10 17:46:29,339 [INFO] [*] Loaded strategy: news_sentiment
2026-08-10 17:46:29,340 [INFO] [*] Loaded strategy: rsi_reversion
2026-08-10 17:46:29,341 [INFO] [*] Loaded strategy: bollinger_reversion
2026-08-10 17:46:29,342 [INFO] [*] Loaded strategy: macd_momentum
2026-08-10 17:46:29,343 [INFO] [*] Loaded strategy: small_cap_volatility
2026-08-10 17:46:29,343 [INFO] [*] Starting daily technical analysis...
2026-08-10 17:46:33,571 [INFO] [*] Daily analysis complete.
2026-08-10 17:46:33,571 [INFO] [*] Checking for live news...
2026-08-10 17:46:37,618 [ERROR] $FING-B.ST: possibly delisted; no price data found  (period=1d)
2026-08-11 08:56:41,529 [INFO] [*] Loaded strategy: sma_trend
2026-08-11 08:56:41,537 [INFO] [*] Loaded strategy: news_sentiment
2026-08-11 08:56:41,538 [INFO] [*] Loaded strategy: rsi_reversion
2026-08-11 08:56:41,539 [INFO] [*] Loaded strategy: bollinger_reversion
2026-08-11 08:56:41,539 [INFO] [*] Loaded strategy: macd_momentum
2026-08-11 08:56:41,540 [INFO] [*] Loaded strategy: small_cap_volatility
2026-08-11 08:56:41,540 [INFO] [*] Starting daily technical analysis...
2026-08-11 08:56:46,227 [INFO] [*] Daily analysis complete.
2026-08-11 08:56:46,227 [INFO] [*] Checking for live news...
2026-08-11 08:56:50,391 [ERROR] $FING-B.ST: possibly delisted; no price data found  (period=1d)
2026-08-11 10:02:42,365 [INFO] [*] Loaded strategy: sma_trend
2026-08-11 10:02:42,375 [INFO] [*] Loaded strategy: news_sentiment
2026-08-11 10:02:42,376 [INFO] [*] Loaded strategy: rsi_reversion
2026-08-11 10:02:42,377 [INFO] [*] Loaded strategy: bollinger_reversion
2026-08-11 10:02:42,378 [INFO] [*] Loaded strategy: macd_momentum
2026-08-11 10:02:42,379 [INFO] [*] Loaded strategy: small_cap_volatility
2026-08-11 10:02:42,379 [INFO] [*] Starting daily technical analysis...
2026-08-11 10:02:47,427 [INFO] [*] Daily analysis complete.
2026-08-11 10:02:47,427 [INFO] [*] Checking for live news...
2026-08-11 10:02:52,602 [ERROR] $FING-B.ST: possibly delisted; no price data found  (period=1d)
2026-08-11 11:19:56,301 [INFO] [*] Loaded strategy: sma_trend
2026-08-11 11:19:56,311 [INFO] [*] Loaded strategy: news_sentiment
2026-08-11 11:19:56,312 [INFO] [*] Loaded strategy: rsi_reversion
2026-08-11 11:19:56,313 [INFO] [*] Loaded strategy: bollinger_reversion
2026-08-11 11:19:56,314 [INFO] [*] Loaded strategy: macd_momentum
2026-08-11 11:19:56,315 [INFO] [*] Loaded strategy: small_cap_volatility
2026-08-11 11:19:56,315 [INFO] [*] Starting daily technical analysis...
2026-08-11 11:20:02,849 [INFO] [*] Daily analysis complete.
2026-08-11 11:20:02,849 [INFO] [*] Checking for live news...
2026-08-11 11:20:07,792 [ERROR] $FING-B.ST: possibly delisted; no price data found  (period=1d)
2026-08-11 12:09:12,991 [INFO] [*] Loaded strategy: sma_trend
2026-08-11 12:09:13,002 [INFO] [*] Loaded strategy: news_sentiment
2026-08-11 12:09:13,003 [INFO] [*] Loaded strategy: rsi_reversion
2026-08-11 12:09:13,004 [INFO] [*] Loaded strategy: bollinger_reversion
2026-08-11 12:09:13,005 [INFO] [*] Loaded strategy: macd_momentum
2026-08-11 12:09:13,006 [INFO] [*] Loaded strategy: small_cap_volatility
2026-08-11 12:09:13,006 [INFO] [*] Starting daily technical analysis...
2026-08-11 12:09:16,859 [INFO] [*] Daily analysis complete.
2026-08-11 12:09:16,859 [INFO] [*] Checking for live news...
2026-08-11 12:09:20,824 [ERROR] $FING-B.ST: possibly delisted; no price data found  (period=1d)
2026-08-11 13:54:03,276 [INFO] [*] Loaded strategy: sma_trend
2026-08-11 13:54:03,284 [INFO] [*] Loaded strategy: news_sentiment
2026-08-11 13:54:03,284 [INFO] [*] Loaded strategy: rsi_reversion
2026-08-11 13:54:03,285 [INFO] [*] Loaded strategy: bollinger_reversion
2026-08-11 13:54:03,286 [INFO] [*] Loaded strategy: macd_momentum
2026-08-11 13:54:03,287 [INFO] [*] Loaded strategy: small_cap_volatility
2026-08-11 13:54:03,287 [INFO] [*] Starting daily technical analysis...
2026-08-11 13:54:09,251 [INFO] [*] Daily analysis complete.
2026-08-11 13:54:09,251 [INFO] [*] Checking for live news...
2026-08-11 13:54:14,747 [ERROR] $FING-B.ST: possibly delisted; no price data found  (period=1d)
2026-08-11 14:57:37,701 [INFO] [*] Loaded strategy: sma_trend
2026-08-11 14:57:37,711 [INFO] [*] Loaded strategy: news_sentiment
2026-08-11 14:57:37,712 [INFO] [*] Loaded strategy: rsi_reversion
2026-08-11 14:57:37,713 [INFO] [*] Loaded strategy: bollinger_reversion
2026-08-11 14:57:37,713 [INFO] [*] Loaded strategy: macd_momentum
2026-08-11 14:57:37,714 [INFO] [*] Loaded strategy: small_cap_volatility
2026-08-11 14:57:37,714 [INFO] [*] Starting daily technical analysis...
2026-08-11 14:57:41,639 [INFO] [*] Daily analysis complete.
2026-08-11 14:57:41,639 [INFO] [*] Checking for live news...
2026-08-11 14:57:46,394 [ERROR] $FING-B.ST: possibly delisted; no price data found  (period=1d)
2026-08-11 16:04:11,427 [INFO] [*] Loaded strategy: sma_trend
2026-08-11 16:04:11,437 [INFO] [*] Loaded strategy: news_sentiment
2026-08-11 16:04:11,438 [INFO] [*] Loaded strategy: rsi_reversion
2026-08-11 16:04:11,439 [INFO] [*] Loaded strategy: bollinger_reversion
2026-08-11 16:04:11,440 [INFO] [*] Loaded strategy: macd_momentum
2026-08-11 16:04:11,441 [INFO] [*] Loaded strategy: small_cap_volatility
2026-08-11 16:04:11,441 [INFO] [*] Starting daily technical analysis...
2026-08-11 16:04:15,849 [INFO] [*] Daily analysis complete.
2026-08-11 16:04:15,849 [INFO] [*] Checking for live news...
2026-08-11 16:04:20,098 [ERROR] $FING-B.ST: possibly delisted; no price data found  (period=1d)
2026-08-11 17:27:18,314 [INFO] [*] Loaded strategy: sma_trend
2026-08-11 17:27:18,324 [INFO] [*] Loaded strategy: news_sentiment
2026-08-11 17:27:18,325 [INFO] [*] Loaded strategy: rsi_reversion
2026-08-11 17:27:18,325 [INFO] [*] Loaded strategy: bollinger_reversion
2026-08-11 17:27:18,326 [INFO] [*] Loaded strategy: macd_momentum
2026-08-11 17:27:18,327 [INFO] [*] Loaded strategy: small_cap_volatility
2026-08-11 17:27:18,327 [INFO] [*] Starting daily technical analysis...
2026-08-11 17:27:23,318 [INFO] [*] Daily analysis complete.
2026-08-11 17:27:23,318 [INFO] [*] Checking for live news...
2026-08-11 17:27:27,466 [ERROR] $FING-B.ST: possibly delisted; no price data found  (period=1d)
2026-08-11 17:53:35,826 [INFO] [*] Loaded strategy: sma_trend
2026-08-11 17:53:35,836 [INFO] [*] Loaded strategy: news_sentiment
2026-08-11 17:53:35,837 [INFO] [*] Loaded strategy: rsi_reversion
2026-08-11 17:53:35,838 [INFO] [*] Loaded strategy: bollinger_reversion
2026-08-11 17:53:35,839 [INFO] [*] Loaded strategy: macd_momentum
2026-08-11 17:53:35,840 [INFO] [*] Loaded strategy: small_cap_volatility
2026-08-11 17:53:35,840 [INFO] [*] Starting daily technical analysis...
2026-08-11 17:53:40,363 [INFO] [*] Daily analysis complete.
2026-08-11 17:53:40,363 [INFO] [*] Checking for live news...
2026-08-11 17:53:44,401 [ERROR] $FING-B.ST: possibly delisted; no price data found  (period=1d)
2026-08-12 09:11:32,633 [INFO] [*] Loaded strategy: sma_trend
2026-08-12 09:11:32,639 [INFO] [*] Loaded strategy: news_sentiment
2026-08-12 09:11:32,640 [INFO] [*] Loaded strategy: rsi_reversion
2026-08-12 09:11:32,641 [INFO] [*] Loaded strategy: bollinger_reversion
2026-08-12 09:11:32,641 [INFO] [*] Loaded strategy: macd_momentum
2026-08-12 09:11:32,642 [INFO] [*] Loaded strategy: small_cap_volatility
2026-08-12 09:11:32,642 [INFO] [*] Starting daily technical analysis...
2026-08-12 09:11:38,842 [INFO] [*] Daily analysis complete.
2026-08-12 09:11:38,843 [INFO] [*] Checking for live news...
2026-08-12 09:11:43,212 [ERROR] $FING-B.ST: possibly delisted; no price data found  (period=1d)
2026-08-12 10:34:53,020 [INFO] [*] Loaded strategy: sma_trend
2026-08-12 10:34:53,030 [INFO] [*] Loaded strategy: news_sentiment
2026-08-12 10:34:53,031 [INFO] [*] Loaded strategy: rsi_reversion
2026-08-12 10:34:53,032 [INFO] [*] Loaded strategy: bollinger_reversion
2026-08-12 10:34:53,033 [INFO] [*] Loaded strategy: macd_momentum
2026-08-12 10:34:53,034 [INFO] [*] Loaded strategy: small_cap_volatility
2026-08-12 10:34:53,034 [INFO] [*] Starting daily technical analysis...
2026-08-12 10:34:57,229 [INFO] [*] Daily analysis complete.
2026-08-12 10:34:57,230 [INFO] [*] Checking for live news...
2026-08-12 10:35:01,537 [ERROR] $FING-B.ST: possibly delisted; no price data found  (period=1d)
2026-08-12 11:45:44,615 [INFO] [*] Loaded strategy: sma_trend
2026-08-12 11:45:44,622 [INFO] [*] Loaded strategy: news_sentiment
2026-08-12 11:45:44,622 [INFO] [*] Loaded strategy: rsi_reversion
2026-08-12 11:45:44,623 [INFO] [*] Loaded strategy: bollinger_reversion
2026-08-12 11:45:44,623 [INFO] [*] Loaded strategy: macd_momentum
2026-08-12 11:45:44,624 [INFO] [*] Loaded strategy: small_cap_volatility
2026-08-12 11:45:44,624 [INFO] [*] Starting daily technical analysis...
2026-08-12 11:45:46,870 [ERROR] $FING-B.ST: possibly delisted; no price data found  (period=5d)
2026-08-12 11:45:46,888 [ERROR] 
1 Failed download:
2026-08-12 11:45:46,888 [ERROR] ['FING-B.ST']: possibly delisted; no price data found  (period=5d)
2026-08-12 11:45:46,893 [INFO] [-] [rsi_reversion] SOLD ERIC-B.ST
2026-08-12 11:45:49,647 [INFO] [*] Daily analysis complete.
2026-08-12 11:45:49,648 [INFO] [*] Checking for live news...
2026-08-12 11:45:55,242 [ERROR] $FING-B.ST: possibly delisted; no price data found  (period=1d)
2026-08-12 13:09:29,122 [INFO] [*] Loaded strategy: sma_trend
2026-08-12 13:09:29,132 [INFO] [*] Loaded strategy: news_sentiment
2026-08-12 13:09:29,133 [INFO] [*] Loaded strategy: rsi_reversion
2026-08-12 13:09:29,134 [INFO] [*] Loaded strategy: bollinger_reversion
2026-08-12 13:09:29,135 [INFO] [*] Loaded strategy: macd_momentum
2026-08-12 13:09:29,136 [INFO] [*] Loaded strategy: small_cap_volatility
2026-08-12 13:09:29,136 [INFO] [*] Starting daily technical analysis...
2026-08-12 13:09:34,567 [INFO] [*] Daily analysis complete.
2026-08-12 13:09:34,567 [INFO] [*] Checking for live news...
2026-08-12 13:09:40,024 [ERROR] $FING-B.ST: possibly delisted; no price data found  (period=1d)
2026-08-12 14:35:57,674 [INFO] [*] Loaded strategy: sma_trend
2026-08-12 14:35:57,683 [INFO] [*] Loaded strategy: news_sentiment
2026-08-12 14:35:57,684 [INFO] [*] Loaded strategy: rsi_reversion
2026-08-12 14:35:57,685 [INFO] [*] Loaded strategy: bollinger_reversion
2026-08-12 14:35:57,686 [INFO] [*] Loaded strategy: macd_momentum
2026-08-12 14:35:57,687 [INFO] [*] Loaded strategy: small_cap_volatility
2026-08-12 14:35:57,687 [INFO] [*] Starting daily technical analysis...
2026-08-12 14:36:01,922 [INFO] [*] Daily analysis complete.
2026-08-12 14:36:01,922 [INFO] [*] Checking for live news...
2026-08-12 14:36:06,426 [ERROR] $FING-B.ST: possibly delisted; no price data found  (period=1d)
2026-08-12 15:59:17,352 [INFO] [*] Loaded strategy: sma_trend
2026-08-12 15:59:17,361 [INFO] [*] Loaded strategy: news_sentiment
2026-08-12 15:59:17,362 [INFO] [*] Loaded strategy: rsi_reversion
2026-08-12 15:59:17,363 [INFO] [*] Loaded strategy: bollinger_reversion
2026-08-12 15:59:17,364 [INFO] [*] Loaded strategy: macd_momentum
2026-08-12 15:59:17,365 [INFO] [*] Loaded strategy: small_cap_volatility
2026-08-12 15:59:17,365 [INFO] [*] Starting daily technical analysis...
2026-08-12 15:59:21,621 [INFO] [*] Daily analysis complete.
2026-08-12 15:59:21,622 [INFO] [*] Checking for live news...
2026-08-12 15:59:25,834 [ERROR] $FING-B.ST: possibly delisted; no price data found  (period=1d)
2026-08-12 17:04:49,802 [INFO] [*] Loaded strategy: sma_trend
2026-08-12 17:04:49,812 [INFO] [*] Loaded strategy: news_sentiment
2026-08-12 17:04:49,812 [INFO] [*] Loaded strategy: rsi_reversion
2026-08-12 17:04:49,813 [INFO] [*] Loaded strategy: bollinger_reversion
2026-08-12 17:04:49,814 [INFO] [*] Loaded strategy: macd_momentum
2026-08-12 17:04:49,815 [INFO] [*] Loaded strategy: small_cap_volatility
2026-08-12 17:04:49,815 [INFO] [*] Starting daily technical analysis...
2026-08-12 17:04:55,331 [INFO] [*] Daily analysis complete.
2026-08-12 17:04:55,331 [INFO] [*] Checking for live news...
2026-08-12 17:05:01,676 [ERROR] $FING-B.ST: possibly delisted; no price data found  (period=1d)
2026-08-12 17:54:16,658 [INFO] [*] Loaded strategy: sma_trend
2026-08-12 17:54:16,668 [INFO] [*] Loaded strategy: news_sentiment
2026-08-12 17:54:16,670 [INFO] [*] Loaded strategy: rsi_reversion
2026-08-12 17:54:16,671 [INFO] [*] Loaded strategy: bollinger_reversion
2026-08-12 17:54:16,672 [INFO] [*] Loaded strategy: macd_momentum
2026-08-12 17:54:16,673 [INFO] [*] Loaded strategy: small_cap_volatility
2026-08-12 17:54:16,673 [INFO] [*] Starting daily technical analysis...
2026-08-12 17:54:20,781 [INFO] [*] Daily analysis complete.
2026-08-12 17:54:20,781 [INFO] [*] Checking for live news...
2026-08-12 17:54:24,614 [ERROR] $FING-B.ST: possibly delisted; no price data found  (period=1d)
2026-08-13 09:12:18,157 [INFO] [*] Loaded strategy: sma_trend
2026-08-13 09:12:18,167 [INFO] [*] Loaded strategy: news_sentiment
2026-08-13 09:12:18,168 [INFO] [*] Loaded strategy: rsi_reversion
2026-08-13 09:12:18,169 [INFO] [*] Loaded strategy: bollinger_reversion
2026-08-13 09:12:18,169 [INFO] [*] Loaded strategy: macd_momentum
2026-08-13 09:12:18,170 [INFO] [*] Loaded strategy: small_cap_volatility
2026-08-13 09:12:18,170 [INFO] [*] Starting daily technical analysis...
2026-08-13 09:12:21,598 [INFO] [*] Daily analysis complete.
2026-08-13 09:12:21,599 [INFO] [*] Checking for live news...
2026-08-13 09:12:25,313 [ERROR] $FING-B.ST: possibly delisted; no price data found  (period=1d)
2026-08-13 10:36:14,430 [INFO] [*] Loaded strategy: sma_trend
2026-08-13 10:36:14,439 [INFO] [*] Loaded strategy: news_sentiment
2026-08-13 10:36:14,440 [INFO] [*] Loaded strategy: rsi_reversion
2026-08-13 10:36:14,441 [INFO] [*] Loaded strategy: bollinger_reversion
2026-08-13 10:36:14,441 [INFO] [*] Loaded strategy: macd_momentum
2026-08-13 10:36:14,442 [INFO] [*] Loaded strategy: small_cap_volatility
2026-08-13 10:36:14,442 [INFO] [*] Starting daily technical analysis...
2026-08-13 10:36:21,005 [INFO] [*] Daily analysis complete.
2026-08-13 10:36:21,006 [INFO] [*] Checking for live news...
2026-08-13 10:36:25,346 [ERROR] $FING-B.ST: possibly delisted; no price data found  (period=1d)
2026-08-13 11:46:44,132 [INFO] [*] Loaded strategy: sma_trend
2026-08-13 11:46:44,142 [INFO] [*] Loaded strategy: news_sentiment
2026-08-13 11:46:44,143 [INFO] [*] Loaded strategy: rsi_reversion
2026-08-13 11:46:44,144 [INFO] [*] Loaded strategy: bollinger_reversion
2026-08-13 11:46:44,145 [INFO] [*] Loaded strategy: macd_momentum
2026-08-13 11:46:44,146 [INFO] [*] Loaded strategy: small_cap_volatility
2026-08-13 11:46:44,146 [INFO] [*] Starting daily technical analysis...
2026-08-13 11:46:44,895 [INFO] [-] [macd_momentum] SOLD INVE-B.ST
2026-08-13 11:46:48,124 [INFO] [*] Daily analysis complete.
2026-08-13 11:46:48,124 [INFO] [*] Checking for live news...
2026-08-13 11:46:52,494 [ERROR] $FING-B.ST: possibly delisted; no price data found  (period=1d)
2026-08-13 13:11:24,698 [INFO] [*] Loaded strategy: sma_trend
2026-08-13 13:11:24,708 [INFO] [*] Loaded strategy: news_sentiment
2026-08-13 13:11:24,709 [INFO] [*] Loaded strategy: rsi_reversion
2026-08-13 13:11:24,710 [INFO] [*] Loaded strategy: bollinger_reversion
2026-08-13 13:11:24,710 [INFO] [*] Loaded strategy: macd_momentum
2026-08-13 13:11:24,711 [INFO] [*] Loaded strategy: small_cap_volatility
2026-08-13 13:11:24,711 [INFO] [*] Starting daily technical analysis...
2026-08-13 13:11:31,823 [INFO] [*] Daily analysis complete.
2026-08-13 13:11:31,824 [INFO] [*] Checking for live news...
2026-08-13 13:11:38,289 [ERROR] $FING-B.ST: possibly delisted; no price data found  (period=1d)
2026-08-13 15:59:08,442 [INFO] [*] Loaded strategy: sma_trend
2026-08-13 15:59:08,452 [INFO] [*] Loaded strategy: news_sentiment
2026-08-13 15:59:08,453 [INFO] [*] Loaded strategy: rsi_reversion
2026-08-13 15:59:08,454 [INFO] [*] Loaded strategy: bollinger_reversion
2026-08-13 15:59:08,454 [INFO] [*] Loaded strategy: macd_momentum
2026-08-13 15:59:08,455 [INFO] [*] Loaded strategy: small_cap_volatility
2026-08-13 15:59:08,455 [INFO] [*] Starting daily technical analysis...
2026-08-13 15:59:12,453 [INFO] [*] Daily analysis complete.
2026-08-13 15:59:12,454 [INFO] [*] Checking for live news...
2026-08-13 15:59:17,159 [ERROR] $FING-B.ST: possibly delisted; no price data found  (period=1d)
2026-08-13 17:04:54,879 [INFO] [*] Loaded strategy: sma_trend
2026-08-13 17:04:54,887 [INFO] [*] Loaded strategy: news_sentiment
2026-08-13 17:04:54,888 [INFO] [*] Loaded strategy: rsi_reversion
2026-08-13 17:04:54,888 [INFO] [*] Loaded strategy: bollinger_reversion
2026-08-13 17:04:54,889 [INFO] [*] Loaded strategy: macd_momentum
2026-08-13 17:04:54,890 [INFO] [*] Loaded strategy: small_cap_volatility
2026-08-13 17:04:54,890 [INFO] [*] Starting daily technical analysis...
2026-08-13 17:05:01,168 [INFO] [*] Daily analysis complete.
2026-08-13 17:05:01,168 [INFO] [*] Checking for live news...
2026-08-13 17:05:05,721 [ERROR] $FING-B.ST: possibly delisted; no price data found  (period=1d)
2026-08-13 17:53:06,432 [INFO] [*] Loaded strategy: sma_trend
2026-08-13 17:53:06,442 [INFO] [*] Loaded strategy: news_sentiment
2026-08-13 17:53:06,443 [INFO] [*] Loaded strategy: rsi_reversion
2026-08-13 17:53:06,443 [INFO] [*] Loaded strategy: bollinger_reversion
2026-08-13 17:53:06,444 [INFO] [*] Loaded strategy: macd_momentum
2026-08-13 17:53:06,445 [INFO] [*] Loaded strategy: small_cap_volatility
2026-08-13 17:53:06,445 [INFO] [*] Starting daily technical analysis...
2026-08-13 17:53:11,337 [INFO] [*] Daily analysis complete.
2026-08-13 17:53:11,337 [INFO] [*] Checking for live news...
2026-08-13 17:53:16,410 [ERROR] $FING-B.ST: possibly delisted; no price data found  (period=1d)
2026-08-14 09:07:14,126 [INFO] [*] Loaded strategy: sma_trend
2026-08-14 09:07:14,134 [INFO] [*] Loaded strategy: news_sentiment
2026-08-14 09:07:14,135 [INFO] [*] Loaded strategy: rsi_reversion
2026-08-14 09:07:14,136 [INFO] [*] Loaded strategy: bollinger_reversion
2026-08-14 09:07:14,137 [INFO] [*] Loaded strategy: macd_momentum
2026-08-14 09:07:14,138 [INFO] [*] Loaded strategy: small_cap_volatility
2026-08-14 09:07:14,138 [INFO] [*] Starting daily technical analysis...
2026-08-14 09:07:16,857 [INFO] [+] [macd_momentum] BOUGHT 22 TELIA.ST
2026-08-14 09:07:19,899 [INFO] [*] Daily analysis complete.
2026-08-14 09:07:19,899 [INFO] [*] Checking for live news...
2026-08-14 09:07:24,969 [ERROR] $FING-B.ST: possibly delisted; no price data found  (period=1d)
2026-08-14 10:32:48,806 [INFO] [*] Loaded strategy: sma_trend
2026-08-14 10:32:48,815 [INFO] [*] Loaded strategy: news_sentiment
2026-08-14 10:32:48,816 [INFO] [*] Loaded strategy: rsi_reversion
2026-08-14 10:32:48,816 [INFO] [*] Loaded strategy: bollinger_reversion
2026-08-14 10:32:48,817 [INFO] [*] Loaded strategy: macd_momentum
2026-08-14 10:32:48,818 [INFO] [*] Loaded strategy: small_cap_volatility
2026-08-14 10:32:48,818 [INFO] [*] Starting daily technical analysis...
2026-08-14 10:32:54,030 [INFO] [*] Daily analysis complete.
2026-08-14 10:32:54,031 [INFO] [*] Checking for live news...
2026-08-14 10:32:59,697 [ERROR] $FING-B.ST: possibly delisted; no price data found  (period=1d)
2026-08-14 11:43:11,478 [INFO] [*] Loaded strategy: sma_trend
2026-08-14 11:43:11,487 [INFO] [*] Loaded strategy: news_sentiment
2026-08-14 11:43:11,488 [INFO] [*] Loaded strategy: rsi_reversion
2026-08-14 11:43:11,489 [INFO] [*] Loaded strategy: bollinger_reversion
2026-08-14 11:43:11,490 [INFO] [*] Loaded strategy: macd_momentum
2026-08-14 11:43:11,491 [INFO] [*] Loaded strategy: small_cap_volatility
2026-08-14 11:43:11,491 [INFO] [*] Starting daily technical analysis...
2026-08-14 11:43:12,963 [INFO] [-] [macd_momentum] SOLD HM-B.ST
2026-08-14 11:43:15,467 [INFO] [*] Daily analysis complete.
2026-08-14 11:43:15,467 [INFO] [*] Checking for live news...
2026-08-14 11:43:19,658 [ERROR] $FING-B.ST: possibly delisted; no price data found  (period=1d)
2026-08-14 13:06:38,657 [INFO] [*] Loaded strategy: sma_trend
2026-08-14 13:06:38,666 [INFO] [*] Loaded strategy: news_sentiment
2026-08-14 13:06:38,667 [INFO] [*] Loaded strategy: rsi_reversion
2026-08-14 13:06:38,668 [INFO] [*] Loaded strategy: bollinger_reversion
2026-08-14 13:06:38,669 [INFO] [*] Loaded strategy: macd_momentum
2026-08-14 13:06:38,669 [INFO] [*] Loaded strategy: small_cap_volatility
2026-08-14 13:06:38,669 [INFO] [*] Starting daily technical analysis...
2026-08-14 13:06:44,360 [INFO] [*] Daily analysis complete.
2026-08-14 13:06:44,360 [INFO] [*] Checking for live news...
2026-08-14 13:06:49,589 [ERROR] $FING-B.ST: possibly delisted; no price data found  (period=1d)
2026-08-14 14:30:35,980 [INFO] [*] Loaded strategy: sma_trend
2026-08-14 14:30:35,990 [INFO] [*] Loaded strategy: news_sentiment
2026-08-14 14:30:35,991 [INFO] [*] Loaded strategy: rsi_reversion
2026-08-14 14:30:35,992 [INFO] [*] Loaded strategy: bollinger_reversion
2026-08-14 14:30:35,993 [INFO] [*] Loaded strategy: macd_momentum
2026-08-14 14:30:35,994 [INFO] [*] Loaded strategy: small_cap_volatility
2026-08-14 14:30:35,994 [INFO] [*] Starting daily technical analysis...
2026-08-14 14:30:42,414 [INFO] [*] Daily analysis complete.
2026-08-14 14:30:42,414 [INFO] [*] Checking for live news...
2026-08-14 14:30:49,753 [ERROR] $FING-B.ST: possibly delisted; no price data found  (period=1d)
2026-08-14 15:52:14,218 [INFO] [*] Loaded strategy: sma_trend
2026-08-14 15:52:14,229 [INFO] [*] Loaded strategy: news_sentiment
2026-08-14 15:52:14,230 [INFO] [*] Loaded strategy: rsi_reversion
2026-08-14 15:52:14,230 [INFO] [*] Loaded strategy: bollinger_reversion
2026-08-14 15:52:14,231 [INFO] [*] Loaded strategy: macd_momentum
2026-08-14 15:52:14,232 [INFO] [*] Loaded strategy: small_cap_volatility
2026-08-14 15:52:14,232 [INFO] [*] Starting daily technical analysis...
2026-08-14 15:52:18,199 [INFO] [*] Daily analysis complete.
2026-08-14 15:52:18,199 [INFO] [*] Checking for live news...
2026-08-14 15:52:22,810 [ERROR] $FING-B.ST: possibly delisted; no price data found  (period=1d)
2026-08-14 16:53:19,925 [INFO] [*] Loaded strategy: sma_trend
2026-08-14 16:53:19,934 [INFO] [*] Loaded strategy: news_sentiment
2026-08-14 16:53:19,935 [INFO] [*] Loaded strategy: rsi_reversion
2026-08-14 16:53:19,936 [INFO] [*] Loaded strategy: bollinger_reversion
2026-08-14 16:53:19,937 [INFO] [*] Loaded strategy: macd_momentum
2026-08-14 16:53:19,938 [INFO] [*] Loaded strategy: small_cap_volatility
2026-08-14 16:53:19,938 [INFO] [*] Starting daily technical analysis...
2026-08-14 16:53:25,710 [INFO] [*] Daily analysis complete.
2026-08-14 16:53:25,710 [INFO] [*] Checking for live news...
2026-08-14 16:53:31,734 [ERROR] $FING-B.ST: possibly delisted; no price data found  (period=1d)
2026-08-14 17:47:29,215 [INFO] [*] Loaded strategy: sma_trend
2026-08-14 17:47:29,223 [INFO] [*] Loaded strategy: news_sentiment
2026-08-14 17:47:29,224 [INFO] [*] Loaded strategy: rsi_reversion
2026-08-14 17:47:29,225 [INFO] [*] Loaded strategy: bollinger_reversion
2026-08-14 17:47:29,225 [INFO] [*] Loaded strategy: macd_momentum
2026-08-14 17:47:29,226 [INFO] [*] Loaded strategy: small_cap_volatility
2026-08-14 17:47:29,226 [INFO] [*] Starting daily technical analysis...
2026-08-14 17:47:35,553 [INFO] [*] Daily analysis complete.
2026-08-14 17:47:35,553 [INFO] [*] Checking for live news...
2026-08-14 17:47:40,553 [ERROR] $FING-B.ST: possibly delisted; no price data found  (period=1d)
2026-08-17 08:43:31,664 [INFO] [*] Loaded strategy: sma_trend
2026-08-17 08:43:31,672 [INFO] [*] Loaded strategy: news_sentiment
2026-08-17 08:43:31,672 [INFO] [*] Loaded strategy: rsi_reversion
2026-08-17 08:43:31,673 [INFO] [*] Loaded strategy: bollinger_reversion
2026-08-17 08:43:31,674 [INFO] [*] Loaded strategy: macd_momentum
2026-08-17 08:43:31,674 [INFO] [*] Loaded strategy: small_cap_volatility
2026-08-17 08:43:31,674 [INFO] [*] Starting daily technical analysis...
2026-08-17 08:43:38,384 [ERROR] $FING-B.ST: possibly delisted; no price data found  (period=5d)
2026-08-17 08:43:38,514 [ERROR] 
1 Failed download:
2026-08-17 08:43:38,514 [ERROR] ['FING-B.ST']: possibly delisted; no price data found  (period=5d)
2026-08-17 08:43:38,525 [INFO] [+] [rsi_reversion] BOUGHT 8 BETCO.ST
2026-08-17 08:43:39,254 [INFO] [*] Daily analysis complete.
2026-08-17 08:43:39,255 [INFO] [*] Checking for live news...
2026-08-17 08:43:44,819 [ERROR] $FING-B.ST: possibly delisted; no price data found  (period=1d)
2026-08-17 09:41:21,573 [INFO] [*] Loaded strategy: sma_trend
2026-08-17 09:41:21,582 [INFO] [*] Loaded strategy: news_sentiment
2026-08-17 09:41:21,583 [INFO] [*] Loaded strategy: rsi_reversion
2026-08-17 09:41:21,584 [INFO] [*] Loaded strategy: bollinger_reversion
2026-08-17 09:41:21,585 [INFO] [*] Loaded strategy: macd_momentum
2026-08-17 09:41:21,586 [INFO] [*] Loaded strategy: small_cap_volatility
2026-08-17 09:41:21,586 [INFO] [*] Starting daily technical analysis...
2026-08-17 09:41:22,047 [ERROR] $FING-B.ST: possibly delisted; no price data found  (period=5d)
2026-08-17 09:41:22,502 [ERROR] 
1 Failed download:
2026-08-17 09:41:22,502 [ERROR] ['FING-B.ST']: possibly delisted; no price data found  (period=5d)
2026-08-17 09:41:22,511 [INFO] [+] [rsi_reversion] BOUGHT 2 VOLV-B.ST
2026-08-17 09:41:24,001 [ERROR] $FING-B.ST: possibly delisted; no price data found  (period=5d)
2026-08-17 09:41:24,122 [ERROR] 
1 Failed download:
2026-08-17 09:41:24,122 [ERROR] ['FING-B.ST']: possibly delisted; no price data found  (period=5d)
2026-08-17 09:41:24,129 [INFO] [-] [rsi_reversion] SOLD ABB.ST
2026-08-17 09:41:25,830 [INFO] [*] Daily analysis complete.
2026-08-17 09:41:25,830 [INFO] [*] Checking for live news...
2026-08-17 09:41:29,784 [ERROR] $FING-B.ST: possibly delisted; no price data found  (period=1d)
2026-08-17 10:32:09,634 [INFO] [*] Loaded strategy: sma_trend
2026-08-17 10:32:09,643 [INFO] [*] Loaded strategy: news_sentiment
2026-08-17 10:32:09,644 [INFO] [*] Loaded strategy: rsi_reversion
2026-08-17 10:32:09,645 [INFO] [*] Loaded strategy: bollinger_reversion
2026-08-17 10:32:09,646 [INFO] [*] Loaded strategy: macd_momentum
2026-08-17 10:32:09,646 [INFO] [*] Loaded strategy: small_cap_volatility
2026-08-17 10:32:09,646 [INFO] [*] Starting daily technical analysis...
2026-08-17 10:32:15,552 [INFO] [*] Daily analysis complete.
2026-08-17 10:32:15,552 [INFO] [*] Checking for live news...
2026-08-17 10:32:21,252 [ERROR] $FING-B.ST: possibly delisted; no price data found  (period=1d)
2026-08-17 11:26:00,776 [INFO] [*] Loaded strategy: sma_trend
2026-08-17 11:26:00,786 [INFO] [*] Loaded strategy: news_sentiment
2026-08-17 11:26:00,787 [INFO] [*] Loaded strategy: rsi_reversion
2026-08-17 11:26:00,788 [INFO] [*] Loaded strategy: bollinger_reversion
2026-08-17 11:26:00,789 [INFO] [*] Loaded strategy: macd_momentum
2026-08-17 11:26:00,789 [INFO] [*] Loaded strategy: small_cap_volatility
2026-08-17 11:26:00,790 [INFO] [*] Starting daily technical analysis...
2026-08-17 11:26:05,284 [INFO] [*] Daily analysis complete.
2026-08-17 11:26:05,285 [INFO] [*] Checking for live news...
2026-08-17 11:26:09,878 [ERROR] $FING-B.ST: possibly delisted; no price data found  (period=1d)
2026-08-17 11:50:59,059 [INFO] [*] Loaded strategy: sma_trend
2026-08-17 11:50:59,069 [INFO] [*] Loaded strategy: news_sentiment
2026-08-17 11:50:59,070 [INFO] [*] Loaded strategy: rsi_reversion
2026-08-17 11:50:59,071 [INFO] [*] Loaded strategy: bollinger_reversion
2026-08-17 11:50:59,072 [INFO] [*] Loaded strategy: macd_momentum
2026-08-17 11:50:59,073 [INFO] [*] Loaded strategy: small_cap_volatility
2026-08-17 11:50:59,073 [INFO] [*] Starting daily technical analysis...
2026-08-17 11:51:04,283 [INFO] [*] Daily analysis complete.
2026-08-17 11:51:04,283 [INFO] [*] Checking for live news...
2026-08-17 11:51:09,374 [ERROR] $FING-B.ST: possibly delisted; no price data found  (period=1d)
2026-08-17 12:43:18,501 [INFO] [*] Loaded strategy: sma_trend
2026-08-17 12:43:18,511 [INFO] [*] Loaded strategy: news_sentiment
2026-08-17 12:43:18,512 [INFO] [*] Loaded strategy: rsi_reversion
2026-08-17 12:43:18,513 [INFO] [*] Loaded strategy: bollinger_reversion
2026-08-17 12:43:18,514 [INFO] [*] Loaded strategy: macd_momentum
2026-08-17 12:43:18,515 [INFO] [*] Loaded strategy: small_cap_volatility
2026-08-17 12:43:18,515 [INFO] [*] Starting daily technical analysis...
2026-08-17 12:43:23,997 [INFO] [*] Daily analysis complete.
2026-08-17 12:43:23,997 [INFO] [*] Checking for live news...
2026-08-17 12:43:29,551 [ERROR] $FING-B.ST: possibly delisted; no price data found  (period=1d)
2026-08-17 13:39:24,763 [INFO] [*] Loaded strategy: sma_trend
2026-08-17 13:39:24,770 [INFO] [*] Loaded strategy: news_sentiment
2026-08-17 13:39:24,771 [INFO] [*] Loaded strategy: rsi_reversion
2026-08-17 13:39:24,772 [INFO] [*] Loaded strategy: bollinger_reversion
2026-08-17 13:39:24,772 [INFO] [*] Loaded strategy: macd_momentum
2026-08-17 13:39:24,773 [INFO] [*] Loaded strategy: small_cap_volatility
2026-08-17 13:39:24,773 [INFO] [*] Starting daily technical analysis...
2026-08-17 13:39:31,045 [INFO] [*] Daily analysis complete.
2026-08-17 13:39:31,046 [INFO] [*] Checking for live news...
2026-08-17 13:39:36,819 [ERROR] $FING-B.ST: possibly delisted; no price data found  (period=1d)
2026-08-17 14:27:37,922 [INFO] [*] Loaded strategy: sma_trend
2026-08-17 14:27:37,928 [INFO] [*] Loaded strategy: news_sentiment
2026-08-17 14:27:37,929 [INFO] [*] Loaded strategy: rsi_reversion
2026-08-17 14:27:37,929 [INFO] [*] Loaded strategy: bollinger_reversion
2026-08-17 14:27:37,930 [INFO] [*] Loaded strategy: macd_momentum
2026-08-17 14:27:37,931 [INFO] [*] Loaded strategy: small_cap_volatility
2026-08-17 14:27:37,931 [INFO] [*] Starting daily technical analysis...
2026-08-17 14:27:43,557 [INFO] [*] Daily analysis complete.
2026-08-17 14:27:43,557 [INFO] [*] Checking for live news...
2026-08-17 14:27:48,881 [ERROR] $FING-B.ST: possibly delisted; no price data found  (period=1d)
2026-08-17 14:55:12,145 [INFO] [*] Loaded strategy: sma_trend
2026-08-17 14:55:12,155 [INFO] [*] Loaded strategy: news_sentiment
2026-08-17 14:55:12,156 [INFO] [*] Loaded strategy: rsi_reversion
2026-08-17 14:55:12,157 [INFO] [*] Loaded strategy: bollinger_reversion
2026-08-17 14:55:12,158 [INFO] [*] Loaded strategy: macd_momentum
2026-08-17 14:55:12,159 [INFO] [*] Loaded strategy: small_cap_volatility
2026-08-17 14:55:12,159 [INFO] [*] Starting daily technical analysis...
2026-08-17 14:55:21,824 [INFO] [*] Daily analysis complete.
2026-08-17 14:55:21,824 [INFO] [*] Checking for live news...
2026-08-17 14:55:29,055 [ERROR] $FING-B.ST: possibly delisted; no price data found  (period=1d)
2026-08-17 15:25:19,594 [INFO] [*] Loaded strategy: sma_trend
2026-08-17 15:25:19,604 [INFO] [*] Loaded strategy: news_sentiment
2026-08-17 15:25:19,605 [INFO] [*] Loaded strategy: rsi_reversion
2026-08-17 15:25:19,606 [INFO] [*] Loaded strategy: bollinger_reversion
2026-08-17 15:25:19,606 [INFO] [*] Loaded strategy: macd_momentum
2026-08-17 15:25:19,607 [INFO] [*] Loaded strategy: small_cap_volatility
2026-08-17 15:25:19,607 [INFO] [*] Starting daily technical analysis...
2026-08-17 15:25:26,287 [INFO] [*] Daily analysis complete.
2026-08-17 15:25:26,288 [INFO] [*] Checking for live news...
2026-08-17 15:25:31,837 [ERROR] $FING-B.ST: possibly delisted; no price data found  (period=1d)
2026-08-17 15:50:04,518 [INFO] [*] Loaded strategy: sma_trend
2026-08-17 15:50:04,525 [INFO] [*] Loaded strategy: news_sentiment
2026-08-17 15:50:04,525 [INFO] [*] Loaded strategy: rsi_reversion
2026-08-17 15:50:04,526 [INFO] [*] Loaded strategy: bollinger_reversion
2026-08-17 15:50:04,527 [INFO] [*] Loaded strategy: macd_momentum
2026-08-17 15:50:04,527 [INFO] [*] Loaded strategy: small_cap_volatility
2026-08-17 15:50:04,527 [INFO] [*] Starting daily technical analysis...
2026-08-17 15:50:14,378 [INFO] [*] Daily analysis complete.
2026-08-17 15:50:14,378 [INFO] [*] Checking for live news...
2026-08-17 15:50:20,907 [ERROR] $FING-B.ST: possibly delisted; no price data found  (period=1d)
2026-08-17 16:27:45,647 [INFO] [*] Loaded strategy: sma_trend
2026-08-17 16:27:45,657 [INFO] [*] Loaded strategy: news_sentiment
2026-08-17 16:27:45,658 [INFO] [*] Loaded strategy: rsi_reversion
2026-08-17 16:27:45,659 [INFO] [*] Loaded strategy: bollinger_reversion
2026-08-17 16:27:45,660 [INFO] [*] Loaded strategy: macd_momentum
2026-08-17 16:27:45,661 [INFO] [*] Loaded strategy: small_cap_volatility
2026-08-17 16:27:45,661 [INFO] [*] Starting daily technical analysis...
2026-08-17 16:27:49,179 [INFO] [*] Daily analysis complete.
2026-08-17 16:27:49,179 [INFO] [*] Checking for live news...
2026-08-17 16:27:52,707 [ERROR] $FING-B.ST: possibly delisted; no price data found  (period=1d)
2026-08-17 16:56:54,284 [INFO] [*] Loaded strategy: sma_trend
2026-08-17 16:56:54,294 [INFO] [*] Loaded strategy: news_sentiment
2026-08-17 16:56:54,295 [INFO] [*] Loaded strategy: rsi_reversion
2026-08-17 16:56:54,296 [INFO] [*] Loaded strategy: bollinger_reversion
2026-08-17 16:56:54,297 [INFO] [*] Loaded strategy: macd_momentum
2026-08-17 16:56:54,298 [INFO] [*] Loaded strategy: small_cap_volatility
2026-08-17 16:56:54,298 [INFO] [*] Starting daily technical analysis...
2026-08-17 16:57:00,532 [INFO] [*] Daily analysis complete.
2026-08-17 16:57:00,532 [INFO] [*] Checking for live news...
2026-08-17 16:57:05,831 [ERROR] $FING-B.ST: possibly delisted; no price data found  (period=1d)
2026-08-17 17:21:34,724 [INFO] [*] Loaded strategy: sma_trend
2026-08-17 17:21:34,734 [INFO] [*] Loaded strategy: news_sentiment
2026-08-17 17:21:34,735 [INFO] [*] Loaded strategy: rsi_reversion
2026-08-17 17:21:34,736 [INFO] [*] Loaded strategy: bollinger_reversion
2026-08-17 17:21:34,737 [INFO] [*] Loaded strategy: macd_momentum
2026-08-17 17:21:34,738 [INFO] [*] Loaded strategy: small_cap_volatility
2026-08-17 17:21:34,738 [INFO] [*] Starting daily technical analysis...
2026-08-17 17:21:41,701 [INFO] [*] Daily analysis complete.
2026-08-17 17:21:41,701 [INFO] [*] Checking for live news...
2026-08-17 17:21:47,183 [ERROR] $FING-B.ST: possibly delisted; no price data found  (period=1d)
2026-08-18 08:36:59,177 [INFO] [*] Loaded strategy: sma_trend
2026-08-18 08:36:59,187 [INFO] [*] Loaded strategy: news_sentiment
2026-08-18 08:36:59,188 [INFO] [*] Loaded strategy: rsi_reversion
2026-08-18 08:36:59,189 [INFO] [*] Loaded strategy: bollinger_reversion
2026-08-18 08:36:59,190 [INFO] [*] Loaded strategy: macd_momentum
2026-08-18 08:36:59,191 [INFO] [*] Loaded strategy: small_cap_volatility
2026-08-18 08:36:59,191 [INFO] [*] Starting daily technical analysis...
2026-08-18 08:37:02,964 [INFO] [+] [macd_momentum] BOUGHT 5 HM-B.ST
2026-08-18 08:37:06,330 [INFO] [*] Daily analysis complete.
2026-08-18 08:37:06,330 [INFO] [*] Checking for live news...
2026-08-18 08:37:13,542 [ERROR] $FING-B.ST: possibly delisted; no price data found  (period=1d)
2026-08-18 09:33:32,662 [INFO] [*] Loaded strategy: sma_trend
2026-08-18 09:33:32,672 [INFO] [*] Loaded strategy: news_sentiment
2026-08-18 09:33:32,673 [INFO] [*] Loaded strategy: rsi_reversion
2026-08-18 09:33:32,674 [INFO] [*] Loaded strategy: bollinger_reversion
2026-08-18 09:33:32,675 [INFO] [*] Loaded strategy: macd_momentum
2026-08-18 09:33:32,676 [INFO] [*] Loaded strategy: small_cap_volatility
2026-08-18 09:33:32,676 [INFO] [*] Starting daily technical analysis...
2026-08-18 09:33:36,406 [INFO] [*] Daily analysis complete.
2026-08-18 09:33:36,406 [INFO] [*] Checking for live news...
2026-08-18 09:33:40,151 [ERROR] $FING-B.ST: possibly delisted; no price data found  (period=1d)
2026-08-18 10:28:44,597 [INFO] [*] Loaded strategy: sma_trend
2026-08-18 10:28:44,604 [INFO] [*] Loaded strategy: news_sentiment
2026-08-18 10:28:44,605 [INFO] [*] Loaded strategy: rsi_reversion
2026-08-18 10:28:44,605 [INFO] [*] Loaded strategy: bollinger_reversion
2026-08-18 10:28:44,606 [INFO] [*] Loaded strategy: macd_momentum
2026-08-18 10:28:44,607 [INFO] [*] Loaded strategy: small_cap_volatility
2026-08-18 10:28:44,607 [INFO] [*] Starting daily technical analysis...
2026-08-18 10:28:50,757 [INFO] [*] Daily analysis complete.
2026-08-18 10:28:50,757 [INFO] [*] Checking for live news...
2026-08-18 10:28:56,105 [ERROR] $FING-B.ST: possibly delisted; no price data found  (period=1d)
2026-08-18 10:57:07,036 [INFO] [*] Loaded strategy: sma_trend
2026-08-18 10:57:07,046 [INFO] [*] Loaded strategy: news_sentiment
2026-08-18 10:57:07,046 [INFO] [*] Loaded strategy: rsi_reversion
2026-08-18 10:57:07,047 [INFO] [*] Loaded strategy: bollinger_reversion
2026-08-18 10:57:07,048 [INFO] [*] Loaded strategy: macd_momentum
2026-08-18 10:57:07,049 [INFO] [*] Loaded strategy: small_cap_volatility
2026-08-18 10:57:07,049 [INFO] [*] Starting daily technical analysis...
2026-08-18 10:57:11,987 [INFO] [*] Daily analysis complete.
2026-08-18 10:57:11,988 [INFO] [*] Checking for live news...
2026-08-18 10:57:17,298 [ERROR] $FING-B.ST: possibly delisted; no price data found  (period=1d)
2026-08-18 11:29:40,380 [INFO] [*] Loaded strategy: sma_trend
2026-08-18 11:29:40,390 [INFO] [*] Loaded strategy: news_sentiment
2026-08-18 11:29:40,391 [INFO] [*] Loaded strategy: rsi_reversion
2026-08-18 11:29:40,393 [INFO] [*] Loaded strategy: bollinger_reversion
2026-08-18 11:29:40,393 [INFO] [*] Loaded strategy: macd_momentum
2026-08-18 11:29:40,394 [INFO] [*] Loaded strategy: small_cap_volatility
2026-08-18 11:29:40,394 [INFO] [*] Starting daily technical analysis...
2026-08-18 11:29:44,671 [INFO] [*] Daily analysis complete.
2026-08-18 11:29:44,671 [INFO] [*] Checking for live news...
2026-08-18 11:29:48,897 [ERROR] $FING-B.ST: possibly delisted; no price data found  (period=1d)
2026-08-18 11:54:04,537 [INFO] [*] Loaded strategy: sma_trend
2026-08-18 11:54:04,547 [INFO] [*] Loaded strategy: news_sentiment
2026-08-18 11:54:04,548 [INFO] [*] Loaded strategy: rsi_reversion
2026-08-18 11:54:04,549 [INFO] [*] Loaded strategy: bollinger_reversion
2026-08-18 11:54:04,550 [INFO] [*] Loaded strategy: macd_momentum
2026-08-18 11:54:04,551 [INFO] [*] Loaded strategy: small_cap_volatility
2026-08-18 11:54:04,551 [INFO] [*] Starting daily technical analysis...
2026-08-18 11:54:08,428 [INFO] [*] Daily analysis complete.
2026-08-18 11:54:08,429 [INFO] [*] Checking for live news...
2026-08-18 11:54:12,664 [ERROR] $FING-B.ST: possibly delisted; no price data found  (period=1d)
2026-08-18 12:46:35,122 [INFO] [*] Loaded strategy: sma_trend
2026-08-18 12:46:35,129 [INFO] [*] Loaded strategy: news_sentiment
2026-08-18 12:46:35,130 [INFO] [*] Loaded strategy: rsi_reversion
2026-08-18 12:46:35,131 [INFO] [*] Loaded strategy: bollinger_reversion
2026-08-18 12:46:35,131 [INFO] [*] Loaded strategy: macd_momentum
2026-08-18 12:46:35,132 [INFO] [*] Loaded strategy: small_cap_volatility
2026-08-18 12:46:35,132 [INFO] [*] Starting daily technical analysis...
2026-08-18 12:46:43,183 [INFO] [*] Daily analysis complete.
2026-08-18 12:46:43,183 [INFO] [*] Checking for live news...
2026-08-18 12:46:48,710 [ERROR] $FING-B.ST: possibly delisted; no price data found  (period=1d)
2026-08-18 13:42:04,833 [INFO] [*] Loaded strategy: sma_trend
2026-08-18 13:42:04,839 [INFO] [*] Loaded strategy: news_sentiment
2026-08-18 13:42:04,840 [INFO] [*] Loaded strategy: rsi_reversion
2026-08-18 13:42:04,841 [INFO] [*] Loaded strategy: bollinger_reversion
2026-08-18 13:42:04,841 [INFO] [*] Loaded strategy: macd_momentum
2026-08-18 13:42:04,842 [INFO] [*] Loaded strategy: small_cap_volatility
2026-08-18 13:42:04,842 [INFO] [*] Starting daily technical analysis...
2026-08-18 13:42:11,377 [INFO] [*] Daily analysis complete.
2026-08-18 13:42:11,378 [INFO] [*] Checking for live news...
2026-08-18 13:42:18,980 [ERROR] $FING-B.ST: possibly delisted; no price data found  (period=1d)
2026-08-18 14:33:43,137 [INFO] [*] Loaded strategy: sma_trend
2026-08-18 14:33:43,147 [INFO] [*] Loaded strategy: news_sentiment
2026-08-18 14:33:43,148 [INFO] [*] Loaded strategy: rsi_reversion
2026-08-18 14:33:43,149 [INFO] [*] Loaded strategy: bollinger_reversion
2026-08-18 14:33:43,150 [INFO] [*] Loaded strategy: macd_momentum
2026-08-18 14:33:43,151 [INFO] [*] Loaded strategy: small_cap_volatility
2026-08-18 14:33:43,151 [INFO] [*] Starting daily technical analysis...
2026-08-18 14:33:46,335 [INFO] [*] Daily analysis complete.
2026-08-18 14:33:46,335 [INFO] [*] Checking for live news...
2026-08-18 14:33:49,864 [ERROR] $FING-B.ST: possibly delisted; no price data found  (period=1d)
2026-08-18 15:31:54,193 [INFO] [*] Loaded strategy: sma_trend
2026-08-18 15:31:54,204 [INFO] [*] Loaded strategy: news_sentiment
2026-08-18 15:31:54,205 [INFO] [*] Loaded strategy: rsi_reversion
2026-08-18 15:31:54,206 [INFO] [*] Loaded strategy: bollinger_reversion
2026-08-18 15:31:54,207 [INFO] [*] Loaded strategy: macd_momentum
2026-08-18 15:31:54,208 [INFO] [*] Loaded strategy: small_cap_volatility
2026-08-18 15:31:54,208 [INFO] [*] Starting daily technical analysis...
2026-08-18 15:31:58,539 [INFO] [*] Daily analysis complete.
2026-08-18 15:31:58,540 [INFO] [*] Checking for live news...
2026-08-18 15:32:03,469 [ERROR] $FING-B.ST: possibly delisted; no price data found  (period=1d)
2026-08-18 16:31:50,116 [INFO] [*] Loaded strategy: sma_trend
2026-08-18 16:31:50,126 [INFO] [*] Loaded strategy: news_sentiment
2026-08-18 16:31:50,126 [INFO] [*] Loaded strategy: rsi_reversion
2026-08-18 16:31:50,127 [INFO] [*] Loaded strategy: bollinger_reversion
2026-08-18 16:31:50,128 [INFO] [*] Loaded strategy: macd_momentum
2026-08-18 16:31:50,129 [INFO] [*] Loaded strategy: small_cap_volatility
2026-08-18 16:31:50,129 [INFO] [*] Starting daily technical analysis...
2026-08-18 16:31:56,089 [INFO] [*] Daily analysis complete.
2026-08-18 16:31:56,090 [INFO] [*] Checking for live news...
2026-08-18 16:32:01,678 [ERROR] $FING-B.ST: possibly delisted; no price data found  (period=1d)
2026-08-18 17:20:55,614 [INFO] [*] Loaded strategy: sma_trend
2026-08-18 17:20:55,624 [INFO] [*] Loaded strategy: news_sentiment
2026-08-18 17:20:55,625 [INFO] [*] Loaded strategy: rsi_reversion
2026-08-18 17:20:55,626 [INFO] [*] Loaded strategy: bollinger_reversion
2026-08-18 17:20:55,627 [INFO] [*] Loaded strategy: macd_momentum
2026-08-18 17:20:55,628 [INFO] [*] Loaded strategy: small_cap_volatility
2026-08-18 17:20:55,628 [INFO] [*] Starting daily technical analysis...
2026-08-18 17:20:59,769 [INFO] [*] Daily analysis complete.
2026-08-18 17:20:59,769 [INFO] [*] Checking for live news...
2026-08-18 17:21:04,597 [ERROR] $FING-B.ST: possibly delisted; no price data found  (period=1d)
2026-08-19 08:37:25,181 [INFO] [*] Loaded strategy: sma_trend
2026-08-19 08:37:25,190 [INFO] [*] Loaded strategy: news_sentiment
2026-08-19 08:37:25,191 [INFO] [*] Loaded strategy: rsi_reversion
2026-08-19 08:37:25,192 [INFO] [*] Loaded strategy: bollinger_reversion
2026-08-19 08:37:25,192 [INFO] [*] Loaded strategy: macd_momentum
2026-08-19 08:37:25,193 [INFO] [*] Loaded strategy: small_cap_volatility
2026-08-19 08:37:25,193 [INFO] [*] Starting daily technical analysis...
2026-08-19 08:37:29,177 [INFO] [*] Daily analysis complete.
2026-08-19 08:37:29,178 [INFO] [*] Checking for live news...
2026-08-19 08:37:35,141 [ERROR] $FING-B.ST: possibly delisted; no price data found  (period=1d)
2026-08-19 09:34:07,824 [INFO] [*] Loaded strategy: sma_trend
2026-08-19 09:34:07,834 [INFO] [*] Loaded strategy: news_sentiment
2026-08-19 09:34:07,835 [INFO] [*] Loaded strategy: rsi_reversion
2026-08-19 09:34:07,836 [INFO] [*] Loaded strategy: bollinger_reversion
2026-08-19 09:34:07,837 [INFO] [*] Loaded strategy: macd_momentum
2026-08-19 09:34:07,837 [INFO] [*] Loaded strategy: small_cap_volatility
2026-08-19 09:34:07,837 [INFO] [*] Starting daily technical analysis...
2026-08-19 09:34:11,674 [INFO] [*] Daily analysis complete.
2026-08-19 09:34:11,674 [INFO] [*] Checking for live news...
2026-08-19 09:34:14,948 [ERROR] $FING-B.ST: possibly delisted; no price data found  (period=1d)
2026-08-19 10:29:05,570 [INFO] [*] Loaded strategy: sma_trend
2026-08-19 10:29:05,581 [INFO] [*] Loaded strategy: news_sentiment
2026-08-19 10:29:05,582 [INFO] [*] Loaded strategy: rsi_reversion
2026-08-19 10:29:05,583 [INFO] [*] Loaded strategy: bollinger_reversion
2026-08-19 10:29:05,584 [INFO] [*] Loaded strategy: macd_momentum
2026-08-19 10:29:05,585 [INFO] [*] Loaded strategy: small_cap_volatility
2026-08-19 10:29:05,585 [INFO] [*] Starting daily technical analysis...
2026-08-19 10:29:11,964 [INFO] [*] Daily analysis complete.
2026-08-19 10:29:11,965 [INFO] [*] Checking for live news...
2026-08-19 10:29:17,726 [ERROR] $FING-B.ST: possibly delisted; no price data found  (period=1d)
2026-08-19 10:56:57,507 [INFO] [*] Loaded strategy: sma_trend
2026-08-19 10:56:57,516 [INFO] [*] Loaded strategy: news_sentiment
2026-08-19 10:56:57,517 [INFO] [*] Loaded strategy: rsi_reversion
2026-08-19 10:56:57,518 [INFO] [*] Loaded strategy: bollinger_reversion
2026-08-19 10:56:57,519 [INFO] [*] Loaded strategy: macd_momentum
2026-08-19 10:56:57,520 [INFO] [*] Loaded strategy: small_cap_volatility
2026-08-19 10:56:57,520 [INFO] [*] Starting daily technical analysis...
2026-08-19 10:57:02,986 [INFO] [*] Daily analysis complete.
2026-08-19 10:57:02,986 [INFO] [*] Checking for live news...
2026-08-19 10:57:08,241 [ERROR] $FING-B.ST: possibly delisted; no price data found  (period=1d)
2026-08-19 11:29:12,783 [INFO] [*] Loaded strategy: sma_trend
2026-08-19 11:29:12,793 [INFO] [*] Loaded strategy: news_sentiment
2026-08-19 11:29:12,794 [INFO] [*] Loaded strategy: rsi_reversion
2026-08-19 11:29:12,795 [INFO] [*] Loaded strategy: bollinger_reversion
2026-08-19 11:29:12,796 [INFO] [*] Loaded strategy: macd_momentum
2026-08-19 11:29:12,797 [INFO] [*] Loaded strategy: small_cap_volatility
2026-08-19 11:29:12,797 [INFO] [*] Starting daily technical analysis...
2026-08-19 11:29:16,647 [INFO] [*] Daily analysis complete.
2026-08-19 11:29:16,648 [INFO] [*] Checking for live news...
2026-08-19 11:29:20,688 [ERROR] $FING-B.ST: possibly delisted; no price data found  (period=1d)
2026-08-19 11:53:33,423 [INFO] [*] Loaded strategy: sma_trend
2026-08-19 11:53:33,433 [INFO] [*] Loaded strategy: news_sentiment
2026-08-19 11:53:33,434 [INFO] [*] Loaded strategy: rsi_reversion
2026-08-19 11:53:33,435 [INFO] [*] Loaded strategy: bollinger_reversion
2026-08-19 11:53:33,435 [INFO] [*] Loaded strategy: macd_momentum
2026-08-19 11:53:33,436 [INFO] [*] Loaded strategy: small_cap_volatility
2026-08-19 11:53:33,436 [INFO] [*] Starting daily technical analysis...
2026-08-19 11:53:37,376 [INFO] [*] Daily analysis complete.
2026-08-19 11:53:37,376 [INFO] [*] Checking for live news...
2026-08-19 11:53:41,446 [ERROR] $FING-B.ST: possibly delisted; no price data found  (period=1d)
2026-08-19 12:47:04,389 [INFO] [*] Loaded strategy: sma_trend
2026-08-19 12:47:04,397 [INFO] [*] Loaded strategy: news_sentiment
2026-08-19 12:47:04,398 [INFO] [*] Loaded strategy: rsi_reversion
2026-08-19 12:47:04,399 [INFO] [*] Loaded strategy: bollinger_reversion
2026-08-19 12:47:04,399 [INFO] [*] Loaded strategy: macd_momentum
2026-08-19 12:47:04,400 [INFO] [*] Loaded strategy: small_cap_volatility
2026-08-19 12:47:04,400 [INFO] [*] Starting daily technical analysis...
2026-08-19 12:47:11,677 [INFO] [*] Daily analysis complete.
2026-08-19 12:47:11,678 [INFO] [*] Checking for live news...
2026-08-19 12:47:17,371 [ERROR] $FING-B.ST: possibly delisted; no price data found  (period=1d)
2026-08-19 13:43:36,626 [INFO] [*] Loaded strategy: sma_trend
2026-08-19 13:43:36,636 [INFO] [*] Loaded strategy: news_sentiment
2026-08-19 13:43:36,637 [INFO] [*] Loaded strategy: rsi_reversion
2026-08-19 13:43:36,638 [INFO] [*] Loaded strategy: bollinger_reversion
2026-08-19 13:43:36,638 [INFO] [*] Loaded strategy: macd_momentum
2026-08-19 13:43:36,639 [INFO] [*] Loaded strategy: small_cap_volatility
2026-08-19 13:43:36,640 [INFO] [*] Starting daily technical analysis...
2026-08-19 13:43:40,569 [INFO] [*] Daily analysis complete.
2026-08-19 13:43:40,569 [INFO] [*] Checking for live news...
2026-08-19 13:43:45,283 [ERROR] $FING-B.ST: possibly delisted; no price data found  (period=1d)
2026-08-19 14:33:53,829 [INFO] [*] Loaded strategy: sma_trend
2026-08-19 14:33:53,839 [INFO] [*] Loaded strategy: news_sentiment
2026-08-19 14:33:53,840 [INFO] [*] Loaded strategy: rsi_reversion
2026-08-19 14:33:53,841 [INFO] [*] Loaded strategy: bollinger_reversion
2026-08-19 14:33:53,842 [INFO] [*] Loaded strategy: macd_momentum
2026-08-19 14:33:53,843 [INFO] [*] Loaded strategy: small_cap_volatility
2026-08-19 14:33:53,843 [INFO] [*] Starting daily technical analysis...
2026-08-19 14:33:57,143 [INFO] [*] Daily analysis complete.
2026-08-19 14:33:57,143 [INFO] [*] Checking for live news...
2026-08-19 14:34:00,612 [ERROR] $FING-B.ST: possibly delisted; no price data found  (period=1d)
2026-08-19 15:31:33,113 [INFO] [*] Loaded strategy: sma_trend
2026-08-19 15:31:33,122 [INFO] [*] Loaded strategy: news_sentiment
2026-08-19 15:31:33,124 [INFO] [*] Loaded strategy: rsi_reversion
2026-08-19 15:31:33,125 [INFO] [*] Loaded strategy: bollinger_reversion
2026-08-19 15:31:33,126 [INFO] [*] Loaded strategy: macd_momentum
2026-08-19 15:31:33,126 [INFO] [*] Loaded strategy: small_cap_volatility
2026-08-19 15:31:33,126 [INFO] [*] Starting daily technical analysis...
2026-08-19 15:31:39,762 [INFO] [*] Daily analysis complete.
2026-08-19 15:31:39,763 [INFO] [*] Checking for live news...
2026-08-19 15:31:45,355 [ERROR] $FING-B.ST: possibly delisted; no price data found  (period=1d)
2026-08-19 16:31:40,090 [INFO] [*] Loaded strategy: sma_trend
2026-08-19 16:31:40,099 [INFO] [*] Loaded strategy: news_sentiment
2026-08-19 16:31:40,100 [INFO] [*] Loaded strategy: rsi_reversion
2026-08-19 16:31:40,101 [INFO] [*] Loaded strategy: bollinger_reversion
2026-08-19 16:31:40,102 [INFO] [*] Loaded strategy: macd_momentum
2026-08-19 16:31:40,103 [INFO] [*] Loaded strategy: small_cap_volatility
2026-08-19 16:31:40,103 [INFO] [*] Starting daily technical analysis...
2026-08-19 16:31:44,687 [INFO] [*] Daily analysis complete.
2026-08-19 16:31:44,687 [INFO] [*] Checking for live news...
2026-08-19 16:31:52,808 [ERROR] $FING-B.ST: possibly delisted; no price data found  (period=1d)
2026-08-19 17:21:15,132 [INFO] [*] Loaded strategy: sma_trend
2026-08-19 17:21:15,140 [INFO] [*] Loaded strategy: news_sentiment
2026-08-19 17:21:15,141 [INFO] [*] Loaded strategy: rsi_reversion
2026-08-19 17:21:15,141 [INFO] [*] Loaded strategy: bollinger_reversion
2026-08-19 17:21:15,142 [INFO] [*] Loaded strategy: macd_momentum
2026-08-19 17:21:15,143 [INFO] [*] Loaded strategy: small_cap_volatility
2026-08-19 17:21:15,143 [INFO] [*] Starting daily technical analysis...
2026-08-19 17:21:21,255 [INFO] [*] Daily analysis complete.
2026-08-19 17:21:21,255 [INFO] [*] Checking for live news...
2026-08-19 17:21:30,298 [ERROR] $FING-B.ST: possibly delisted; no price data found  (period=1d)
2026-08-20 08:38:11,805 [INFO] [*] Loaded strategy: sma_trend
2026-08-20 08:38:11,815 [INFO] [*] Loaded strategy: news_sentiment
2026-08-20 08:38:11,815 [INFO] [*] Loaded strategy: rsi_reversion
2026-08-20 08:38:11,816 [INFO] [*] Loaded strategy: bollinger_reversion
2026-08-20 08:38:11,817 [INFO] [*] Loaded strategy: macd_momentum
2026-08-20 08:38:11,818 [INFO] [*] Loaded strategy: small_cap_volatility
2026-08-20 08:38:11,818 [INFO] [*] Starting daily technical analysis...
2026-08-20 08:38:16,741 [INFO] [*] Daily analysis complete.
2026-08-20 08:38:16,741 [INFO] [*] Checking for live news...
2026-08-20 08:38:21,857 [ERROR] $FING-B.ST: possibly delisted; no price data found  (period=1d)
2026-08-20 09:34:58,455 [INFO] [*] Loaded strategy: sma_trend
2026-08-20 09:34:58,463 [INFO] [*] Loaded strategy: news_sentiment
2026-08-20 09:34:58,463 [INFO] [*] Loaded strategy: rsi_reversion
2026-08-20 09:34:58,464 [INFO] [*] Loaded strategy: bollinger_reversion
2026-08-20 09:34:58,465 [INFO] [*] Loaded strategy: macd_momentum
2026-08-20 09:34:58,466 [INFO] [*] Loaded strategy: small_cap_volatility
2026-08-20 09:34:58,466 [INFO] [*] Starting daily technical analysis...
2026-08-20 09:35:03,812 [INFO] [*] Daily analysis complete.
2026-08-20 09:35:03,812 [INFO] [*] Checking for live news...
2026-08-20 09:35:09,051 [ERROR] $FING-B.ST: possibly delisted; no price data found  (period=1d)
2026-08-20 10:30:25,222 [INFO] [*] Loaded strategy: sma_trend
2026-08-20 10:30:25,232 [INFO] [*] Loaded strategy: news_sentiment
2026-08-20 10:30:25,233 [INFO] [*] Loaded strategy: rsi_reversion
2026-08-20 10:30:25,234 [INFO] [*] Loaded strategy: bollinger_reversion
2026-08-20 10:30:25,235 [INFO] [*] Loaded strategy: macd_momentum
2026-08-20 10:30:25,236 [INFO] [*] Loaded strategy: small_cap_volatility
2026-08-20 10:30:25,236 [INFO] [*] Starting daily technical analysis...
2026-08-20 10:30:29,061 [INFO] [*] Daily analysis complete.
2026-08-20 10:30:29,061 [INFO] [*] Checking for live news...
2026-08-20 10:30:32,999 [ERROR] $FING-B.ST: possibly delisted; no price data found  (period=1d)
2026-08-20 11:00:14,414 [INFO] [*] Loaded strategy: sma_trend
2026-08-20 11:00:14,424 [INFO] [*] Loaded strategy: news_sentiment
2026-08-20 11:00:14,425 [INFO] [*] Loaded strategy: rsi_reversion
2026-08-20 11:00:14,426 [INFO] [*] Loaded strategy: bollinger_reversion
2026-08-20 11:00:14,427 [INFO] [*] Loaded strategy: macd_momentum
2026-08-20 11:00:14,428 [INFO] [*] Loaded strategy: small_cap_volatility
2026-08-20 11:00:14,428 [INFO] [*] Starting daily technical analysis...
2026-08-20 11:00:18,298 [INFO] [*] Daily analysis complete.
2026-08-20 11:00:18,299 [INFO] [*] Checking for live news...
2026-08-20 11:00:22,911 [ERROR] $FING-B.ST: possibly delisted; no price data found  (period=1d)
2026-08-20 11:35:37,757 [INFO] [*] Loaded strategy: sma_trend
2026-08-20 11:35:37,767 [INFO] [*] Loaded strategy: news_sentiment
2026-08-20 11:35:37,768 [INFO] [*] Loaded strategy: rsi_reversion
2026-08-20 11:35:37,769 [INFO] [*] Loaded strategy: bollinger_reversion
2026-08-20 11:35:37,770 [INFO] [*] Loaded strategy: macd_momentum
2026-08-20 11:35:37,771 [INFO] [*] Loaded strategy: small_cap_volatility
2026-08-20 11:35:37,771 [INFO] [*] Starting daily technical analysis...
2026-08-20 11:35:41,711 [INFO] [*] Daily analysis complete.
2026-08-20 11:35:41,711 [INFO] [*] Checking for live news...
2026-08-20 11:35:45,653 [ERROR] $FING-B.ST: possibly delisted; no price data found  (period=1d)
2026-08-20 12:49:57,709 [INFO] [*] Loaded strategy: sma_trend
2026-08-20 12:49:57,716 [INFO] [*] Loaded strategy: news_sentiment
2026-08-20 12:49:57,717 [INFO] [*] Loaded strategy: rsi_reversion
2026-08-20 12:49:57,717 [INFO] [*] Loaded strategy: bollinger_reversion
2026-08-20 12:49:57,718 [INFO] [*] Loaded strategy: macd_momentum
2026-08-20 12:49:57,719 [INFO] [*] Loaded strategy: small_cap_volatility
2026-08-20 12:49:57,719 [INFO] [*] Starting daily technical analysis...
2026-08-20 12:50:03,107 [INFO] [*] Daily analysis complete.
2026-08-20 12:50:03,107 [INFO] [*] Checking for live news...
2026-08-20 12:50:08,514 [ERROR] $FING-B.ST: possibly delisted; no price data found  (period=1d)
2026-08-20 13:46:51,029 [INFO] [*] Loaded strategy: sma_trend
2026-08-20 13:46:51,039 [INFO] [*] Loaded strategy: news_sentiment
2026-08-20 13:46:51,040 [INFO] [*] Loaded strategy: rsi_reversion
2026-08-20 13:46:51,041 [INFO] [*] Loaded strategy: bollinger_reversion
2026-08-20 13:46:51,042 [INFO] [*] Loaded strategy: macd_momentum
2026-08-20 13:46:51,043 [INFO] [*] Loaded strategy: small_cap_volatility
2026-08-20 13:46:51,043 [INFO] [*] Starting daily technical analysis...
2026-08-20 13:46:56,140 [INFO] [*] Daily analysis complete.
2026-08-20 13:46:56,140 [INFO] [*] Checking for live news...
2026-08-20 13:47:00,715 [ERROR] $FING-B.ST: possibly delisted; no price data found  (period=1d)
2026-08-20 14:35:58,267 [INFO] [*] Loaded strategy: sma_trend
2026-08-20 14:35:58,277 [INFO] [*] Loaded strategy: news_sentiment
2026-08-20 14:35:58,277 [INFO] [*] Loaded strategy: rsi_reversion
2026-08-20 14:35:58,278 [INFO] [*] Loaded strategy: bollinger_reversion
2026-08-20 14:35:58,279 [INFO] [*] Loaded strategy: macd_momentum
2026-08-20 14:35:58,280 [INFO] [*] Loaded strategy: small_cap_volatility
2026-08-20 14:35:58,280 [INFO] [*] Starting daily technical analysis...
2026-08-20 14:36:03,096 [INFO] [*] Daily analysis complete.
2026-08-20 14:36:03,096 [INFO] [*] Checking for live news...
2026-08-20 14:36:07,062 [ERROR] $FING-B.ST: possibly delisted; no price data found  (period=1d)
2026-08-20 15:34:00,814 [INFO] [*] Loaded strategy: sma_trend
2026-08-20 15:34:00,824 [INFO] [*] Loaded strategy: news_sentiment
2026-08-20 15:34:00,825 [INFO] [*] Loaded strategy: rsi_reversion
2026-08-20 15:34:00,826 [INFO] [*] Loaded strategy: bollinger_reversion
2026-08-20 15:34:00,827 [INFO] [*] Loaded strategy: macd_momentum
2026-08-20 15:34:00,828 [INFO] [*] Loaded strategy: small_cap_volatility
2026-08-20 15:34:00,828 [INFO] [*] Starting daily technical analysis...
2026-08-20 15:34:04,250 [INFO] [*] Daily analysis complete.
2026-08-20 15:34:04,250 [INFO] [*] Checking for live news...
2026-08-20 15:34:08,710 [ERROR] $FING-B.ST: possibly delisted; no price data found  (period=1d)
2026-08-20 16:35:15,626 [INFO] [*] Loaded strategy: sma_trend
2026-08-20 16:35:15,636 [INFO] [*] Loaded strategy: news_sentiment
2026-08-20 16:35:15,637 [INFO] [*] Loaded strategy: rsi_reversion
2026-08-20 16:35:15,638 [INFO] [*] Loaded strategy: bollinger_reversion
2026-08-20 16:35:15,639 [INFO] [*] Loaded strategy: macd_momentum
2026-08-20 16:35:15,639 [INFO] [*] Loaded strategy: small_cap_volatility
2026-08-20 16:35:15,639 [INFO] [*] Starting daily technical analysis...
2026-08-20 16:35:19,790 [INFO] [*] Daily analysis complete.
2026-08-20 16:35:19,790 [INFO] [*] Checking for live news...
2026-08-20 16:35:24,366 [ERROR] $FING-B.ST: possibly delisted; no price data found  (period=1d)
2026-08-20 17:22:58,747 [INFO] [*] Loaded strategy: sma_trend
2026-08-20 17:22:58,756 [INFO] [*] Loaded strategy: news_sentiment
2026-08-20 17:22:58,757 [INFO] [*] Loaded strategy: rsi_reversion
2026-08-20 17:22:58,758 [INFO] [*] Loaded strategy: bollinger_reversion
2026-08-20 17:22:58,759 [INFO] [*] Loaded strategy: macd_momentum
2026-08-20 17:22:58,760 [INFO] [*] Loaded strategy: small_cap_volatility
2026-08-20 17:22:58,760 [INFO] [*] Starting daily technical analysis...
2026-08-20 17:23:03,264 [INFO] [*] Daily analysis complete.
2026-08-20 17:23:03,264 [INFO] [*] Checking for live news...
2026-08-20 17:23:06,944 [ERROR] $FING-B.ST: possibly delisted; no price data found  (period=1d)
2026-08-21 08:40:35,525 [INFO] [*] Loaded strategy: sma_trend
2026-08-21 08:40:35,536 [INFO] [*] Loaded strategy: news_sentiment
2026-08-21 08:40:35,537 [INFO] [*] Loaded strategy: rsi_reversion
2026-08-21 08:40:35,537 [INFO] [*] Loaded strategy: bollinger_reversion
2026-08-21 08:40:35,538 [INFO] [*] Loaded strategy: macd_momentum
2026-08-21 08:40:35,539 [INFO] [*] Loaded strategy: small_cap_volatility
2026-08-21 08:40:35,539 [INFO] [*] Starting daily technical analysis...
2026-08-21 08:40:39,392 [INFO] [*] Daily analysis complete.
2026-08-21 08:40:39,392 [INFO] [*] Checking for live news...
2026-08-21 08:40:43,011 [ERROR] $FING-B.ST: possibly delisted; no price data found  (period=1d)
2026-08-21 09:36:28,550 [INFO] [*] Loaded strategy: sma_trend
2026-08-21 09:36:28,559 [INFO] [*] Loaded strategy: news_sentiment
2026-08-21 09:36:28,560 [INFO] [*] Loaded strategy: rsi_reversion
2026-08-21 09:36:28,561 [INFO] [*] Loaded strategy: bollinger_reversion
2026-08-21 09:36:28,562 [INFO] [*] Loaded strategy: macd_momentum
2026-08-21 09:36:28,563 [INFO] [*] Loaded strategy: small_cap_volatility
2026-08-21 09:36:28,563 [INFO] [*] Starting daily technical analysis...
2026-08-21 09:36:33,501 [INFO] [*] Daily analysis complete.
2026-08-21 09:36:33,501 [INFO] [*] Checking for live news...
2026-08-21 09:36:38,502 [ERROR] $FING-B.ST: possibly delisted; no price data found  (period=1d)
2026-08-21 10:30:38,294 [INFO] [*] Loaded strategy: sma_trend
2026-08-21 10:30:38,304 [INFO] [*] Loaded strategy: news_sentiment
2026-08-21 10:30:38,305 [INFO] [*] Loaded strategy: rsi_reversion
2026-08-21 10:30:38,305 [INFO] [*] Loaded strategy: bollinger_reversion
2026-08-21 10:30:38,306 [INFO] [*] Loaded strategy: macd_momentum
2026-08-21 10:30:38,307 [INFO] [*] Loaded strategy: small_cap_volatility
2026-08-21 10:30:38,307 [INFO] [*] Starting daily technical analysis...
2026-08-21 10:30:41,789 [INFO] [*] Daily analysis complete.
2026-08-21 10:30:41,790 [INFO] [*] Checking for live news...
2026-08-21 10:30:45,383 [ERROR] $FING-B.ST: possibly delisted; no price data found  (period=1d)
